{
  "Introduction": "อ๋อ... จริงด้วย... ฉันได้ยินมาว่ามีใครบางคน ย้ายเข้ามาอยู่ในฟาร์มเก่าๆ นั่น#$e#แต่มันน่าเสียดายจริงๆ นะ ฉันมักจะไปเที่ยวเล่น สำรวจทุ่งหญ้ารกๆ นั่นคนเดียวด้วยสิ$9",
  "FlowerDance_Accept": "เอ้า ได้สิ มาเต้นกัน เราจะได้ขายหน้าไปด้วยกัน$h",
  "AcceptBirthdayGift_Positive": "นี่ เธอจำวันเกิดของฉัน ได้เหรอเนี่ย... ขอบใจนะ @! มันดีมากเลยล่ะ!$h",
  "AcceptBirthdayGift_Negative": "นี่ เธอจำวันเกิดของฉัน ได้เหรอเนี่ย... ขอบใจนะ @!$h#$b#โอ้ มัน เอ่อ... *ดมกลิ่น*... อะไรเนี่ย?$s",
  "AcceptGift_(O)StardropTea": "ว้าว... สีมันสวยมากเลยนะ เหมือนอเมทิสต์เลย ขอบใจนะ!",
  "AcceptGift_(TR)BasiliskPaw": "สยองอ้ะ... ถูกใจสุดๆ!$h",
  "AcceptGift_(O)SkillBook_4": "เฮ้ นี่เป็นหนังสือที่ฉันชอบมาก! พ่อไม่ยอมให้ฉันสมัครสมาชิก เพราะงั้นฉันก็เลยต้องไปหาซื้อ จากตลาดมืดแบบนี้ไง...$h",
  "AcceptGift_(O)Book_Void": "ว้าว เป็นหนังสือที่ดูสยองจัง... ถูกใจสุดๆ!#$b#*พลิกหน้าหนังสือ*... โอ้... มีเรื่องมอนสเตอร์เต็มเลย...$h#$b#ฉันจะต้องศึกษาเอาไว้ ก่อนจะเข้าไปในถ้ำ... ขอบใจนะ!",
  "AcceptGift_(O)109": "ว้าว... เธอไปหามันมาจากไหนเนี่ย? ฝีมือน่าทึ่งมาก...#$b#มันเป็นสนิมมากไปนิดนึง คงใช้ไม่ได้หรอก แต่ฉันจะเอาเก็บไว้ เป็นของสะสมของฉัน",
  "AcceptGift_(O)119": "เธอสงสัยไหม... ว่าเมื่อ 1,000 ปีก่อน อาจมีหญิงสาวชาวถ้ำ ตัวเล็กๆ ผมสีม่วง เล่นฟลุตนี้ เหมือนกับฉันก็ได้#$b#...ฉันล้างมันก่อนที่จะเอามัน มาใส่ปากแล้วน่า$h",
  "AcceptGift_(O)66": "$c 0.5#ว้าว... สีเหมือนฉันเลย! ขอบใจนะ @!$h#ขอบคุณมาก! นี่เป็นแร่ที่ฉันชอบมากเลย สวยจัง",
  "GreenRain": "ฉันอยากจะออกไปสำรวจ แต่ฉันรู้ว่าแม่จะต้องเป็นห่วงแน่ ฉันไม่อยากจะทำให้แม่ เครียดมากขึ้นไปอีก",
  "GreenRainFinished": "นั่นไงล่ะ แล้วทุกอย่างกลับมาเป็นปกติ เหมือนกับเวทมนตร์เลย!$h",
  "GreenRain_2": "เธอเคยเห็นต้นไม้บ้าๆ พวกนั้น รอบๆ เมืองนี้บ้างไหม? ทุกอย่างดูต่างออกไปหมด... ฉันรู้สึกเหมือนกับว่า เราอยู่ในโลกแห่งภูตเลย",
  "cc_Begin": "อย่าบอกใครล่ะ เมื่อคืนฉันแอบย่องเข้าไป ในศูนย์ชุมชนเก่าด้วย... ฉันว่ามันหลอนสุดๆ!",
  "AcceptGift_(O)279": "โอ้ ว้าว... @! เธอแน่ใจนะ ว่าจะให้เจ้านี่กับฉัน? มันหายากนะ!#$b#ฉันยอมรับเลยล่ะ ว่าฉันน้ำลายหกแล้ว...$h",
  "mineArea_10_oneday": "ฉันได้ยินมาว่า เธอเข้าไปสำรวจเหมืองเก่ามา ฟังดูน่าสนุกจังเลย!$h#$e#...ฉันก็กำลังรวบรวมความกล้า ที่จะไปที่นั่นด้วยตัวเอง...$s",
  "eventSeen_733330_memory_oneday": "แซมกับเซบาสเตียน ขอร้องให้ฉันไปช่วยตีกลอง ให้กับวงของพวกเขา... ฉันไม่เคยตีกลองมาก่อนนะ แต่มันก็สนุกมากเลย#$e#เธอจะต้องเรียนรู้ ว่าจะขยับแขนขายังไง เมื่อเปลี่ยนจังหวะ ให้เวลาเหมาะเจาะกันพอดี ฉันรู้สึกเหมือนสมองของฉัน กำลังโตขึ้นเลย$h",
  "eventSeen_1_memory_oneweek": "เฮ้ ในที่สุดฉันก็ชนะเกม ราชาทุ่งหญ้าผจญภัย ด่านแรกได้! ดูเธอเล่นแล้ว ช่วยได้เยอะเลย",
  "eventSeen_2_memory_oneday": "เซบาสเตียนบอกว่า เขาได้ยินเสียงเพลงแปลกๆ ระหว่างที่กินมื้อค่ำ เมื่อวันก่อน...#$e#ฉันไม่ได้บอกเขา ว่าเป็นพวกเราเอง! เก็บให้มันเป็นเรื่องลึกลับไว้ น่าจะดีกว่า$h",
  "eventSeen_3": "วิญญาณเอง ก็มีจิตใจเหมือนกัน...$l",
  "wonEggHunt": "การล่าไข่ มันสนุกมากเลย ว่าไหม? ปีหน้าเธอไม่โชคดี แบบนี้แน่...$u",
  "wonEggHunt_memory_oneyear": "เมื่อปีที่แล้วฉันยังโมโหอยู่เลย ที่เธอชนะฉันในการล่าไข่ เธอเตรียมซ้อมรอ เอาไว้เลยดีกว่า...",
  "dating_Abigail": "%อบิเกลเขินหน้าแดง แต่เธอก็ดูมีความสุข",
  "dating_Abigail_memory_oneday": "...เธอน่ารักจัง$l",
  "dating_Abigail_memory_oneyear": "เอ่อ... @? เราเป็นแฟนกันมา เกือบปีแล้วนะ เราจะยังเป็นแบบนี้กัน ต่อไปใช่ไหม?$s",
  "dating_Sebastian_memory_oneday": "ฉันได้ยินว่า เธอคบกับเซบาสเตียนแล้ว... ฉันไม่รู้เลยว่า พวกเธอกุ๊กกิ๊กกัน...$6",
  "dating_Sam": "ไง ฉันได้ยินว่า เธอกับแซมเป็นแฟนกันแล้ว... เขาเป็นคนดีมากนะ!$h#$e#เราเป็นเพื่อนกันมานานแล้ว เธอจะต้องทำดีกับเขานะ ไม่งั้นเธอได้เห็น ด้านมืดของฉันแน่!",
  "married_Sebastian": "ยินดีกับการแต่งงานด้วยนะ ฉันว่าแบบนี้ เซบาสเตียนก็ไม่ต้อง ย้ายไปอยู่ในเมือง แบบที่เขาเคยพูดเอาไว้แล้ว$6#$b#ดีไปเลยนะ ฉันคงจะเศร้า ถ้าจะไม่ได้เจอเขาอีกแล้ว พวกเราเป็นเพื่อนที่ดีต่อกันเสมอ$6",
  "married_Sam": "ฮ่าฮ่า... ฉันไม่อยากจะเชื่อเลยว่า แซมจะเป็นเจ้าบ่าวได้ ใครจะไปคิด?$h#$e#หยอกเล่นน่ะ ฉันคิดว่าสักวัน  เขาจะต้องเป็นพ่อที่ดีแน่",
  "movieTheater": "เธอได้ยินรึยังว่า จะมีโรงหนังใหม่ มาเปิดในเมือง? ฉันอยากจะไปดูจะแย่แล้ว!$h",
  "Resort_Entering": "ฉันอยากให้ มีนางเงือกที่เกาะนี้จัง",
  "Resort_Leaving": "เดี๋ยวฉันจะไปถามวิลลี่ว่า ระหว่างทางกลับจะมีวิวสวยๆ ให้ดูไหม",
  "Resort_Leaving_2": "บางที เราอาจจะเจอผีทะเล ระหว่างทางกลับก็ได้นะ",
  "Resort_Shore": "ทะเลมันก็ดีอยู่หรอก แต่แป๊บเดียวก็เบื่อแล้ว ฉันชอบไปสำรวจป่าลึก หรือภูเขาไฟมากกว่าอีก!",
  "Resort_Shore_2": "หืม เธอคิดว่าฉันเอาเจ้าหนูตะเภา มาด้วยเหรอ?#$e#ไม่เอาหรอก เจ้าหนูเดวิด คงไม่ชอบว่ายน้ำสักเท่าไร$h",
  "Resort_Umbrella": "ผิวฉันไหม้ง่ายมากเลย เพราะงั้น ฉันจะขอหลบในร่มสักหน่อย#$e#ฉันชอบอยู่ในที่ร่มๆ น่ะ เพราะแสงอาทิตย์ ทำให้ฉันหน้ามืด",
  "Resort_Umbrella_2": "ไง @ อยากจะสร้างปราสาททราย กับฉันไหม?#$e#แต่จริงๆ สร้างคุกทราย น่าจะเจ๋งกว่านะ!$h",
  "Resort_Umbrella_3": "ไง @ เธอคิดว่า เธอจะสร้างแพได้ไหม?#$e#ตอนนั่งเรือมา ฉันเห็นเกาะสวยๆ แถวๆ นี้น่ะ ก็เลยอยากจะไปสักหน่อย",
  "Resort_Wander": "เกาะใหญ่ขนาดนี้ ฉันว่าน่าจะมีสมบัติซ่อนอยู่แน่ๆ เลย#$e#เร็วเข้า ไปเอาจอบมา!#$e#เดี๋ยวใจเย็น ฉันล้อเล่นหรอก$h",
  "Resort_Bar": "กัสทำน้ำอัดลมสีม่วง มาให้ฉันด้วยแหละ เข้ากับสีผมของฉันเลย แถมรสชาติก็ยังอร่อยสุดๆ!$h",
  "Resort": "บ้าจริง... วิลลี่บอกว่าเราอยู่ได้ แค่บริเวณชายหาด...$s#$b#ฉันอุตส่าห์เอาดาบ กับของอื่นๆ มาแล้วเชียว...$s",
  "FlowerDance_Accept_Spouse": "แ... แต่... ฉันอยากเต้นรำกับ...$s#$b#ล้อเล่นน่า! ฉันเต้นกับเธอแน่นอน ฉันรักเธอนะ$h",
  "FlowerDance_Decline": "ก็ดีใจอยู่หรอกนะ... แต่ฉันคงต้องตอบว่า ไม่... โทษทีนะ",
  "divorced": "เธอมาทำอะไรที่นี่? อย่ามายุ่งกับฉัน!$a",
  "dumped_Girls": "ไม่ต้องมาพูดกับฉัน!$a",
  "secondChance_Girls": "*เฮ้อ*... ฉันโกรธเธอไม่ลงแล้วล่ะ @ งั้นเราก็คง ต้องมาเริ่มต้นชีวิตกันใหม่$s",
  "breakUp": "โอ้... ฉัน... ฉันเข้าใจ เธอเห็นฉันเป็นแค่เพื่อน...$s#$b#ฉันว่าแล้ว เราคงจะไม่เหมาะสมกันสินะ...$s",
  "Mon": "โอ้ ไง กำลังพักจากการทำงานอยู่เหรอ?",
  "Mon2": "โอ้ หวัดดี!#$e#เคยไปเดินเล่นแถวๆ สุสานบ้างไหม? มันเป็นสถานที่ที่เงียบสงบ เหมาะแก่การอยู่คนเดียว",
  "Tue": "เอ่อ... ฉันอารมณ์ไม่ค่อยดีน่ะ$s#$e#ก็บอกว่า ฉันกำลังอารมณ์ไม่ดีไง... ต้องการอะไรเนี่ย?$a",
  "Tue2": "...*เฮ้อ*...$s#$e#ฉันรู้ว่าพ่อแม่หวังดี แต่บางทีพวกเขา ก็ไม่เข้าใจมุมมองของฉัน พวกเขาไม่เคยเป็น วัยรุ่นกันเลยรึไง?",
  "Wed": "นี่ ขอโทษนะ ถ้าฉันพูดอะไรไม่ดีออกไป เมื่อคืนฉันนอนน้อยไปหน่อยน่ะ#$e#มีอะไรหรือเปล่า?",
  "4": "โอ้ สวัสดี",
  "Thu": "#$1 Abigail1#โอ้ ไม่นะ ฉันคิดว่าคืนนี้ พ่อของฉันต้องทำอาหารเย็นแน่ๆ เลย$s#$e#วันนี้ ฉันไม่อยากจะทำอะไรอีกแล้ว$u",
  "Fri": "ว้าว ฉันเพิ่งจะนึกได้ว่า วันนี้วันศุกร์$u#$e#บางทีฉันก็ลืมวันลืมคืน เหมือนกันนะเนี่ย",
  "Fri2": "คืนนี้พวกเรา จะไปเที่ยวเล่นกันที่ซาลูน มันเหมือนเป็นกิจวัตร ประจำวันศุกร์ไปแล้วล่ะ",
  "Sat": "ในวันแบบนี้ อากาศบริสุทธิ์ของภูเขา ช่างดีจริงๆ เลย$h#$e#จะมีกบออกมาไหมนะ",
  "Sun": "แย่ล่ะ... ฉันดองการบ้าน ไว้ตลอดวันหยุดเลย ดูท่าว่าจะต้องอยู่ปั่นทั้งคืน อีกแล้วสิ...$s",
  "Sun2": "สงสัยจังว่าจะเกิดอะไรขึ้น ถ้าฉันไปอยู่ที่สุสานทั้งคืน#$q 17/18 Sun_old#@ เธอว่า พวกเราจะเป็นยังไง หลังจากที่พวกเราตายแล้ว?#$r 17 0 Sun_17#ไม่รู้สิ#$r 18 40 Sun_18#เราก็กลายเป็นผีไง#$r 17 0 Sun_17#เราก็จะขึ้นสวรรค์#$r 18 0 Sun_17#ร่างและพลังงานของเรา จะกลับคืนสู่ดวงดาว#$r 17 30 Sun_nothing#ไม่มีอะไร เราก็แค่จากไปจากโลกนี้",
  "Sun_old": "$p 17#ฉันเดาว่า เธอคงคิดว่าไม่มีอะไร เกิดขึ้นใช่ไหม?$u|มันอาจจะมี พลังงานบางอย่าง ก็ได้นะ!",
  "Sun_17": "หืมมม น่าสนใจดี...",
  "Sun_18": "อืม... เป็นทฤษฏีที่น่าสนใจดีนะ!$h",
  "Sun_nothing": "งั้นเหรอ.. ฉันว่านั่นก็ไม่เลวนะ$8",
  "Wed2": "ว่าไง @ กำลังพักผ่อน จากการทำงานอยู่เหรอ?#$e#ฉันก็เหมือนกัน โอ้ ก็ไม่มีอะไร เป็นพิเศษหรอก... ฉันก็แค่กำลัง เข้าคลาสเรียนออนไลน์ อยู่น่ะ",
  "Tue4": "ไง ดีใจจังที่ได้เจอเธอ$h#$e#ฉันอยากจะหยุดความคิด ทุกๆ อย่างในหัวของฉันตอนนี้สักพัก... แล้ววันนี้เธอเป็นไงบ้าง?",
  "Sat6": "เธอมาถึงที่นี่ เพื่อมาหาฉันเลยเหรอ? เยี่ยมเลย$h#$e#แล้วเธอเคยสำรวจถ้ำที่ภูเขา มาก่อนรึเปล่า?#$e#น่าสนใจนี่ สักวันหนึ่ง ฉันก็อยากจะลองไป บ้างเหมือนกัน!$l",
  "Mon8": "$query PLAYER_NPC_RELATIONSHIP current any married roommate#ฉันจำตอนที่เธอ มาถึงเมืองนี้ครั้งแรกได้ ฉันรู้สึกเศร้านิดๆ ที่ป่าเก่าตรงนั้น จะถูกเปลี่ยนไปเป็นฟาร์ม แต่ตอนนี้ฉันดีใจนะ ที่เธอย้ายมาอยู่ที่นี!$h|...โอ้ @! หวัดดี$h#$e#อยู่เล่นกันหน่อยไหมล่ะ? นี่มานี่สิ! เดี๋ยวฉันดูลายมือให้ *คิกคิก*$h",
  "Thu10": "หวัดดี$l#$e#ช่วงนี้เธอรู้สึกว่า มีอะไรบางอย่าง ที่มันเหมือนไม่มีอยู่จริงบ้างไหม?$l#$b#แต่ไม่ใช่ในทางที่ไม่ดีนะ$h",
  "Fri6": "วันนี้พวกนกส่งเสียงร้องจิ๊บๆ กัน อย่างมีความสุขเลยล่ะ พวกมันสามารถเข้าใจธรรมชาติ ได้อย่างง่ายดายจริงๆ#$e#ถ้าเป็นแบบพวกมันได้ ก็คงจะดีนะว่างั้นไหม?",
  "Event_VideoGame_Yes": "เยี่ยม! ฉันว่าเธอคงจะผ่านด่านนี้ ได้ง่ายๆ เลยล่ะ$h",
  "Event_VideoGame_No": "โอ้?... *เฮ้อ* ฉันว่าฉันคงไม่มีวัน ผ่านด่านนี้ได้แน่เลย...$s",
  "Event_Grave1": "ใช่ไหมล่ะ? เธอเข้าใจแล้วสินะ ว่าทำไมฉันมาอยู่ที่นี่ แล้วก็#$b#ฉันอาศัยอยู่ในหมู่บ้านนี้ มาทั้งชีวิตแล้ว แต่ฉันยังไม่เคยทำอะไร ที่มันน่าจดจำเลยสักอย่างเดียว ฉันอยากจะออกไปผจญภัย!$8",
  "Event_Grave2": "แน่นอน ฉันก็ไม่อยากฆ่าอะไรเหมือนกัน ฉันก็แค่ อยากสำรวจอะไรนิดหน่อย โดยที่ไม่เจ็บตัวน่ะ!#$b#ฉันอาศัยอยู่ในหมู่บ้านนี้ มาทั้งชีวิตแล้ว แต่ฉันยังไม่เคยทำอะไร ที่มันน่าจดจำเลยสักอย่างเดียว ฉันอยากจะออกไปผจญภัย!$8",
  "Event_Grave3": "หา... เป็นเพราะว่าฉันเป็นผู้หญิง หรือไง?$u^ทำไมล่ะ? ฉันก็แข็งแกร่งพอๆ กับเธอนั่นแหละ!$a#$b#ฉันไม่ใช่เจ้าหญิง ผู้บอบบางซะหน่อย... ฉันดูแลตัวเองได้น่า!$a#$b#ฉันอาศัยอยู่ในหมู่บ้านนี้ มาทั้งชีวิตแล้ว แต่ฉันยังไม่เคยทำอะไร ที่มันน่าจดจำเลยสักอย่างเดียว ฉันอยากจะออกไปผจญภัย!$8",
  "Event_Grave4": "จริงเหรอเนี่ย? น่าแปลกใจจังแฮะ$8#$b#ฉันอาศัยอยู่ในหมู่บ้านนี้ มาทั้งชีวิตแล้ว แต่ฉันยังไม่เคยทำอะไร ที่มันน่าจดจำเลยสักอย่างเดียว ฉันอยากจะออกไปผจญภัย!$8",
  "Event_Rain_1": "งั้นเหรอ...$8",
  "Event_Rain_2": "อืม... เธอคงจะเป็นพวกที่ชอบ บรรยากาศอึมครึมแบบนี้สินะ",
  "Event_Rain_3": "...นั่นสินะ$8",
  "Event_Tragic_1": "อืม... ฉันว่าชีวิตฉัน ตอนนี้ก็โอเคนะ...$s",
  "Event_Tragic_2": "...!$h",
  "Event_Tragic_3": "ฉันคงจะรู้สึกดีขึ้น ถ้าฉันเชื่อมัน...#$b#แต่ฉันทำไม่ได้$s",
  "Event_Cave2_1": "@...$8",
  "Event_Cave2_2": "@... ฉันไม่เป็นไร$8",
  "Event_Cave_1": "...โอเค$8",
  "Event_Cave_2": "ฉันคิดว่า มันก็เป็นเรื่องปกติที่จะกลัว เมื่อเธอจะต้องสูญเสียบางอย่างไป...$l",
  "Event_Cave_3": "...อืม โอเค ขอโทษ$9",
  "summer_1": "ฤดูร้อน อีกแล้วเหรอ... แย่จัง ไม่ชอบเลย#$e#อากาศมันช่างอบอ้าว มันทำให้ฉันรู้สึก เหมือนตัวเองอยู่ในน้ำซุป",
  "summer_Mon": "เดวิด หนูตะเภาของฉัน มันเกลียดอากาศร้อนน่ะ จู้จี้จุกจิกจริงๆ",
  "summer_Tue": "หน้าร้อน ในอากาศมีแต่กลิ่นน้ำผึ้ง กับเกสรดอกไม้ฟุ้งไปหมด จะเป็นลมอยู่แล้ว...$u",
  "summer_Wed": "เธอได้ตกแต่งบ้านบ้างรึเปล่า? นั่นจะเป็นอย่างแรก ที่ฉันจะทำเลยล่ะ ถ้าฉันมีบ้านเป็นของตัวเอง!",
  "summer_6": "เมื่อคืนหลังจาก ฟ้าเริ่มมืดแล้ว ฉันก็ไปชายหาดมา... บางครั้งเธออาจจะ เห็นแสงแปลกๆ สว่างวิบวับไปมา อยู่ท่ามกลางทะเล#$e#หรือบางทีนั่นอาจจะเป็น แค่ความฝันของฉันก็ได้... ฉันเริ่มสับสนแล้วว่า อันไหนคือความจริง อันไหนคือความฝัน",
  "summer_Thu": "ถ้าฉันรู้วิธีใช้ดาบละก็นะ ฉันจะไปสำรวจถ้ำ ที่อยู่ตรงภูเขาติดทะเลสาบทันที ข้างในนั้นมันน่าจะเป็น สถานที่ที่ดีและเจ๋งสุดๆ ไปเลยแน่ๆ",
  "summer_Thu4": "โอ๊ย... ฉันหวังว่า ผิวฉันจะไม่กลายเป็นสีแทน ในฤดูร้อนปีนี้นะ$s",
  "summer_Fri": "ฉันอยากเลี้ยงแมวจัง แต่โชคไม่ดีเลย เพราะพ่อของฉันดันเป็นภูมิแพ้ ไปซะทุกอย่างเลยน่ะสิ",
  "summer_Sat": "ฉันอยากให้ถึง ฤดูใบไม้ร่วงเร็วๆ จังเลย... สายลมเย็นๆ จากภูเขา... กลีบดอกไม้สีแดง ที่พลิ้วไหว... กลิ่นของเห็ดนานาชนิด... *เฮ้อ*",
  "summer_Sun": "นี่... เธอเคยรู้สึกอยู่ๆ ก็อยากไปผจญภัยบ้างไหม @?#$q 25/26 summer_Sun_old#เอาล่ะ...ลองสมมุติดูว่า เธอถูกรางวัลไปเที่ยวฟรี เธอจะไปเที่ยวที่ไหน?#$r 25 0 Sun_25#ชายหาด#$r 26 30 Sun_26#ในถ้ำมืดๆ#$r 26 30 Sun_26#ในป่าทึบ#$r 25 0 Sun_25#ห้างสรรพสินค้าโจจ้า",
  "summer_Sun_old": "$p 25#ฉันก็ด้วย... แต่เธอต้องไม่ชอบ สถานที่ที่ฉันกำลังคิดอยู่ ในตอนนี้แน่ๆ|ในอนาคต เราอาจจะ ได้เป็นเพื่อนบ้านกันก็ได้นะ ฉันว่าเราสองคน มีอะไรเหมือนๆ กันนะ... มีรสนิยมประหลาดเหมือนกัน..$h",
  "Sun_25": "ห๊ะ ฉันว่าแค่เดี๋ยวเดียวก็เบื่อแล้ว",
  "Sun_26": "ใช่เลย ! ดูน่าสนใจจัง$h",
  "summer_Wed2": "ดีจังนะ ฉันอยากจะอยู่ ในบ้านฟาร์มเก่าๆ แบบเธอจัง#$b#เสียงดังเอี๊ยดอ๊าดของพื้นไม้ เสียงกระซิบของละอองฝุ่น ที่ลอยผ่านคานหลังคา... มันมักจะมีอะไรพิเศษๆ ในอาคารเก่าๆ เสมอเลยนะ ว่าไหม?",
  "summer_Tue4": "เธอเป็นผู้ชายที่น่าสนใจนะ @ ดีจังที่เธอย้ายเข้ามาที่นี่$h^เธอเป็นผู้หญิงที่น่าสนใจนะ @ ดีจังที่เธอย้ายเข้ามาที่นี่$h",
  "summer_Sat6": "จริงๆ แล้ว ฤดูร้อนปีนี้สนุกกว่าที่คิดนะ$h#$e#ตลกจังที่ความคิดของคนๆ นึง เปลี่ยนได้ไวขนาดนี้",
  "summer_Mon8": "ฉันเคยคิดนะ ว่าเมืองเพลิแกนเนี่ย มันน่าเบื่อมากๆ แต่ช่วงหลังๆ นี้ ฉันกลับรู้สึกหลงรัก อะไรบางอย่าง ในเมืองนี้ซะแล้วสิ$h",
  "summer_Thu10": "ว้าว วันนี้เธอดูดีมากเลยนะ#$e#ฉันหมายถึง อากาศร้อนๆ มันดีต่อผิวพรรณมากเลยนะ ใช่ไหมล่ะ?... แหะๆ...$l",
  "summer_Fri10": "เธอเคยรู้สึกเหงา ตอนอยู่ที่ฟาร์มบ้างไหม?",
  "fall_1": "อา... ฤดูใบไม้ร่วงสักที!$h#$e#ฉันเซ็งกับฤดูร้อนจะแย่แล้ว",
  "fall_Mon": "วันนี้ฉันควรจะ ออกไปยืดเส้นยืดสาย แล้วสูดอากาศบริสุทธิ์ สักหน่อย",
  "fall_Tue": "$d joja#ฉันพยายามช่วยงานในร้าน แทบทุกวันเลย ก็กิจการที่ร้านเริ่มจะแย่ลง ตั้งแต่ร้านโจจ้ามาเปิดที่นี่|ตั้งแต่ที่ร้านโจจ้าปิดตัวลง ธุรกิจที่บ้านของฉัน ก็ไปได้สวยเลยล่ะ!$h",
  "fall_Wed": "อยากจะเห็นฟักทองปีนี้ จะแย่แล้ว$h#$e#งานเทศกาลคืนแห่งวิญญาณ จะจัดขึ้นในช่วงท้ายของฤดู เมื่อเทียบกับที่เมืองซูซู งานของที่นี่ดูด้อยกว่าก็จริง แต่สำหรับเมืองเล็กๆ แบบนี้ ก็สนุกมากแล้ว",
  "fall_Thu": "#$1 AbigailHAND#เมื่อคืนฉันฝันว่า มือซ้ายของฉันกลายเป็น %noun ขนาดมหึมา มันเป็นฝันบอกเหตุ อะไรรึเปล่านะ?#$e#%ดูเหมือนว่าตอนนี้ อบิเกลจะไม่ค่อยอยากสนทนาเท่าไรนัก",
  "fall_Sat": "$d cc#ฉันไม่อยากเชื่อเลยว่า เธอซ่อมแซมศูนย์ชุมชนนั่น ด้วยตัวคนเดียว ฉันประทับใจมากๆ เลยนะ|เธอมีหุ่นไล่กา ที่ฟาร์มบ้างไหม?",
  "fall_Sun": "อืม... คืนนี้ทำอะไรดีนะ#$q 27/28 fall_Sun_old#ฉันกำลังคิดว่า จะย้อมผมใหม่ล่ะ...เธอคิดว่าไง?#$r 27 10 Sun_27#ย้อมสีดำสิ#$r 27 10 Sun_27#ไม่ย้อมสีบลอนด์เหรอ?#$r 27 20 Sun_WildColor#ลองสีชมพูหมากฝรั่งดูไหมล่ะ?#$r 28 0 Sun_28#ฉันชอบสีผมเธอแบบที่เป็นอยู่ตอนนี้!",
  "fall_Sun_old": "$p 27#ตอนแรก ฉันว่าจะไปย้อมสีผมแหละ แต่ก็เปลี่ยนใจละ|หืม? อะไรเหรอ?",
  "Sun_27": "เป็นการเลือกที่ ปลอดภัยดีนะ?#$e#ฉันจะลองคิดดูละกัน",
  "Sun_28": "ว่าแล้วว่าต้องพูดแบบนี้$u",
  "Sun_WildColor": "เธอนี่ทำให้ขำอยู่เรื่อยเลย$h",
  "fall_Wed2": "ปีนี้เธอปลูกฟักทองรึเปล่า?#$e#เก็บไว้ให้ฉันลูกนึงสิ!$h",
  "fall_Tue4": "ฉันอาจจะ ทะเลาะกับพ่อแม่บ่อยๆ ฉันก็รู้ว่าพวกเขาเป็นห่วง พวกเขาแค่ทำในสิ่ง ที่คิดว่าดีที่สุด$s#$b#ฉันก็ไม่รู้ว่า ทำไมฉันถึงเล่าให้เธอฟัง อย่าไปบอกใครนะ$8",
  "fall_Sat6": "หวัดดี$h#$e#วันนี้ทรงผมดูดีนี่... ไปทำอะไรแปลกใหม่มารึเปล่า?",
  "fall_Mon8": "รู้ไหม สักวันหนึ่ง ฉันอาจจะกลายเป็นชาวไร่จริงๆ ก็ได้นะ...#$e#แต่มันจะเป็นแบบนั้น ได้ยังไงกันน้า? *คิกคัก*$l",
  "fall_Thu10": "เมื่อคืน ฉันฝันเรื่องน่าสนใจด้วยล่ะ#$e#แล้วก็เจอเธออยู่ในฝันนั้นด้วย#$e#มันเป็นฝันที่ดีนะ$h",
  "fall_Fri6": "อยากให้ฤดูนี้ อยู่ต่อไปอีกนานๆ จัง$8#$e#เวลาที่ลมแรงๆ เนี่ย มักจะทำให้ฉัน รู้สึกเหมือนกลับไปเป็น เด็กตลอดเลย",
  "fall_Fri10": "ในช่วงเวลานี้ของปี ฉันมักจะรู้สึกเหงาอยู่เสมอ แต่ตอนนี้ไม่เหงาแล้วล่ะ#$e#@ เธอวางแผนอนาคต ไว้ยังไงบ้างเหรอ?",
  "winter_1": "แย่จัง ฤดูใบไม้ร่วงกำลังจะจบลง...$s#$e#แต่ไม่เป็นไร ฉันชอบฤดูหนาวเหมือนกัน!$h",
  "winter_Mon": "มันหนาวเกินกว่า ที่จะออกไปข้างนอกได้#$e#แต่ฉันก็ชอบออกไป ปั้นปีศาจหิมะนะ$h",
  "winter_Tue": "ตอนนี้ถ้ามีโกโก้ร้อนๆ ควันฉุยสักแก้วละก็ คงดีใช่ไหมล่ะ?",
  "winter_Wed": "ว่าไง ทำฟาร์มในฤดูหนาว น่าเบื่อไหม?",
  "spring_12": "พรุ่งนี้ฉันต้องเข้าร่วม เกมล่าไข่อยู่แล้ว แล้วเธอล่ะ?",
  "spring_23": "พรุ่งนี้ มีเทศกาลระบำดอกไม้ เรื่องเต้นน่ะไม่เกี่ยงหรอกนะ แต่ทำไมต้องให้ฉันมาใส่ ชุดเดรสสีขาวโง่ๆ นั่นด้วยนะ...$s",
  "winter_7": "ฉันอยากจะปั้นตุ๊กตาหิมะ พรุ่งนี้จะแย่อยู่แล้ว",
  "fall_26": "พรุ่งนี้ฉันจะเจอเธอ ที่เทศกาลคืนแห่งวิญญาณไหม? มาหาฉันในเขาวงกตผีสิงได้นะ$h",
  "summer_10": "ทุกคนดูจะ ตื่นเต้นกับเทศกาลลัวร์ ในวันพรุ่งนี้นะ อาจจะมีเครียดๆ กันบ้าง เพราะพรุ่งนี้ ผู้ว่าการจะมาด้วยน่ะ",
  "summer_27": "เธอจะพลาดเทศกาล ในพรุ่งนี้ไม่ได้นะ มันเป็นหนึ่งในเทศกาล ที่วิเศษมาก ของหมู่บ้านนี้เลยล่ะ",
  "winter_24": "พรุ่งนี้ ฉันจะกินซอสแครนเบอร์รี ให้เยอะๆ เลย$h",
  "winter_Thu": "กำลังจะผ่านไป อีกปีแล้ว...#$e#เวลามันผ่านไปไวเนอะ ว่าไหม?$s",
  "winter_Fri": "มีอย่างหนึ่งที่ฉัน ได้เรียนรู้จากที่นี่... ทุกคนจะจ้องมาที่เธอ ถ้าเธอทำตัวแปลกแยก",
  "winter_Sat": "เย้ วันหยุด !#$e#นั่นหมายความว่า เวลาเล่นเกมเพิ่มเป็น 2 เท่า$h#$e#บาย!",
  "winter_Sun": "โอ้ สวัสดี#$q 29/30 winter_Sun_old#ฉันวาดภาพมา 2 ภาพ เธอคิดว่ายังไงบ้าง?#$r 29 20 Sun_29#ฉันชอบเกาะป่าดงดิบกับเสือ#$r 30 5 Sun_30#ฉันชอบออร์คถือขวานศึก#$r 29 -50 Sun_Bad#ฉันไม่ชอบสักอย่างเลย",
  "winter_Sun_old": "$p 29#เธอจำภาพที่ฉันให้เธอดูได้ไหม? ฉันบังเอิญทิ้งมันไปแล้วน่ะ$s|เธอจำภาพออร์ค ที่ฉันให้เธอดูได้ไหม? ฉันส่งมันเข้าประกวดออนไลน์ แล้วได้รางวัล 50g แหละ!$h",
  "Sun_29": "งั้นเหรอ? ก็เข้าใจได้อยู่นะ",
  "Sun_30": "ดีใจจัง เวลาที่ต้องโชว์ผลงานศิลปะ ให้คนอื่นดูนี่มันก็น่าอายนะ แต่ฉันว่าเธอกับฉันเนี่ย คิดอะไรเหมือนๆ กัน",
  "Sun_Bad": "นิสัยเสีย! ทำไมต้องทำร้ายจิตใจกันแบบนี้? เธอนี่มันไร้ความรู้สึก!$s",
  "winter_Wed2": "ว่าไง ถ้าเธอเบื่อๆ มาเที่ยวที่ห้องฉันก็ได้นะ#$e#แน่นอนว่า ต้องเป็นตอนที่ฉัน ไม่ได้เปลี่ยนเสื้อผ้าอยู่นะ!",
  "winter_Tue4": "หนาวจัง เราน่าจะมีโกโก้ร้อนๆ มาดื่มด้วยกันเนอะ",
  "winter_Sat6": "หลังๆ มานี้ ฉันมักจะฝันกลางวันอยู่บ่อยๆ...#$e#โอ้! เธออยากรู้ว่าเกี่ยวกับอะไรน่ะเหรอ? เอ่อ...$u#$b#เป็นความลับ$h",
  "winter_Thu10": "จะผ่านไปอีกปีนึงแล้ว...#$b#แต่มันก็เป็นปีที่ดีมากเลยนะ เธอว่างั้นไหม?$h",
  "winter_Wed6": "มันจะต้องดีมากเลย ที่ไม่ต้องมาห่วงดูแลพืชผัก ในช่วงเวลานี้ของปี#$e#เพราะมันหมายความว่า เธอจะมีเวลาเที่ยวเล่นกับฉัน มากขึ้นกว่าเดิม!$h$h",
  "winter_Fri10": "@ ฉันมีบางอย่าง จะบอกเธอ...#$e#เอ่อ...คือ...เอ่อ... รองเท้าของเธอ ! มันดู...เอ่อ... สะอาดดีนะ *กลืนน้ำลาย*#$e#ค...แค่นี้แหละ... *เฮ้อ*$s",
  "Wed4": "ฉันไม่ไว้ใจ คนที้ไม่รักสัตว์หรอก...#$e#โอ้ ไม่ต้องกังวลนะ! ฉันร้ว่า เวลาเป็นคนรักสัตว์อยู่แล้วr!$h"
}
