{
  "Introduction": "โอ้ เฮ้ นายคือคนที่มาใหม่ใช่ปะ? เจ๋ง^เฮ้ เธอคือคนมาใหม่ ใช่ปะ? ฉันว่าเราคงเข้ากันได้ดี ฉันชื่ออเล็กซ์#$e#ไว้เจอกันใหม่",
  "FlowerDance_Accept": "ตัดหน้ากันเฉย! ฉันกะจะถามนายพอดี...^ตัดหน้ากันเฉย! ฉันกะจะถามเธอพอดี...$h#$e#ไว้เจอกันที่ลานนะ",
  "AcceptBirthdayGift_Loved": "อื้อหือ ของดีเลยนะเนี่ย... ขอบใจสำหรับ ของขวัญวันเกิดนะ @",
  "AcceptBirthdayGift_Negative": "อะไรวะเนี่ย...? เอ่อ ฉันไม่รู้หรอกนะว่า ที่ที่นายโตมามันเป็นยังไง แต่สำหรับฉันแล้ว นี่คือขยะ^อะไรวะเนี่ย...? เอ่อ ฉันไม่รู้หรอกนะว่า ที่ที่เธอโตมามันเป็นยังไง แต่สำหรับฉันแล้ว นี่คือขยะ$a",
  "AcceptGift_(O)StardropTea": "โห... แจ่มไปเลย ขอบใจนะ!",
  "AcceptGift_(O)Book_Defense": "อื้อหือ... ฉันตามหาเล่มนี้อยู่พอดี เนื้อหาน่าจะมีแต่ เคล็บลับเพิ่มกล้ามเนื้อ เต็มไปหมด กฎข้อที่หนึ่ง... กินไข่ให้เยอะๆ! ฮ่า สบายมาก! ขอบใจนะ!$h",
  "AcceptGift_book_item": "เอ่อออ... ให้อ่านเหรอ? อื้ม เอ่อ... คิดว่าจะลองดูแล้วกัน$s",
  "AcceptGift_(TR)FrogEgg": "เอ่อ... ฉันรู้ว่าตัวเองชอบไข่สุดๆ ... แต่ไม่ได้หมายถึงไข่แบบนี้...$s#$b#เอาวะ... รวดเดียวหมด! *กลืนคำโต*$h",
  "AcceptGift_(TR)ParrotEgg": "คนเรากินไอ้นี่ได้เหรอ?$s#$b#คงมีทางเดียวที่จะรู้ได้...",
  "AcceptGift_(O)928": "ฮี่ๆ... เอามาให้ฉันทุกวันเลยนะ แล้วฉันจะได้ออกจากวงการ ตอนสามสิบ!$h",
  "AcceptGift_(O)107": "แบบนี้แหละที่ฉันเรียกว่าไข่! ลองจินตนาการ ขนาดของไข่เจียวสิ...",
  "AcceptGift_(O)289": "โอ้โฮเฮะ... มันหนักมากจนเอามาใช้ เล่นท่าที่ฝึกกล้ามเนื้อหน้าแขน ได้เลยนะเนี่ย ฉันจะได้กินไอ้นี่ทั้งอาทิตย์แน่! ฮ่าๆ!$h",
  "AcceptGift_(O)442": "อืมม... ไข่เป็ด... มีโปรตีนสูงและละมุนลิ้น *เปลือกไข่แตก*... *ซดลงคอ* อ่าาาา...",
  "AcceptGift_(O)305": "โอ้... เอ่อ... ปกติฉันชอบไข่นะ แต่ไข่แบบนี้มันดู ไม่เป็นมงคลเลย$s",
  "AcceptGift_(O)403": "*เคี้ยว*... อื้มม... ถั่ว นี่แหละที่ฉันต้องการ ขอบใจนะ @!",
  "AcceptGift_category_egg": "$c 0.8#นี่ ขอบใจนะ ไข่เนี่ย ดีต่อการเพิ่มกล้ามเนื้อสุดๆ#*เปลือกไข่แตก*... *ซดดดดลงคอ*... อื้มมมม แบบนี้แหละ ที่ฉันเรียกว่าของว่าง",
  "cc_Bridge": "ช่วงนี้ ได้ไปแถวทะเลสาบไหม? ฉันออกไปวิ่งเมื่อคืนตอนดึกๆ แล้วก็สังเกตเห็นว่า เขาซ่อมสะพานเก่า เสร็จแล้ว...",
  "eventSeen_288847": "เอ่อ... ฉันไม่ชินกับการ เปิดใจแบบนั้นเลย...$s",
  "fishCaught_159": "ได้ข่าวว่า นายตกปลาหายากได้เหรอ?^ได้ข่าวว่า เธอตกปลาหายากได้เหรอ?#$b#น่าทึ่งอะ แขนของนาย ต้องแข็งแรงกว่าที่เห็นแน่ๆ! *บีบ* ... ไม่เลวนี่!^น่าทึ่งอะ แขนของเธอ ต้องแข็งแรงกว่าที่เห็นแน่ๆ! *บีบ* ... ไม่เลวนี่!$h",
  "purchasedAnimal_Chicken_memory_oneday": "นี่ ฉันบังเอิญได้ยินเขาพูดว่า นายซื้อไก่ตัวแรก เมื่อไม่กี่วันก่อน^นี่ ฉันบังเอิญได้ยินเขาพูดว่า เธอซื้อไก่ตัวแรก เมื่อไม่กี่วันก่อน#$b#เฮ้อ... อยากให้ยายเลี้ยงไก่บ้างแฮะ จะได้กินไข่ดิบเป็นโหลๆ เป็นมื้อเช้าทุกวันเลย!",
  "eventSeen_288847_memory_oneweek": "นี่... เอ่อ... @? ฉัน... รู้สึก 'สงบ' มากเลย หลังจากคุยกับนายที่ชายหาด เมื่อสัปดาห์ที่แล้ว^นี่... เอ่อ... @? ฉัน... รู้สึก 'สงบ' มากเลย หลังจากคุยกับเธอที่ชายหาด เมื่อสัปดาห์ที่แล้ว$s#$b#ขอบใจที่รับฟังกันนะ$s",
  "fishCaught_139": "ฉันเห็นนาย ตกได้แซลมอนตัวนั้น^ฉันเห็นเธอ ตกได้แซลมอนตัวนั้น#$b#ถ้าเกิดว่าจะเอามันไปทำ 'แซลมอนมื้อค่ำ' ก็ให้ฉันกินสักคำด้วยนะ!",
  "firstVisit_BathHouse_MensLocker_memory_oneday": "เมื่อไม่กี่วันก่อน ฉันเห็นนายสำรวจโรงอาบน้ำ กะจะปั้นหุ่นเหรอ? หึๆ^เมื่อไม่กี่วันก่อน ฉันเห็นเธอสำรวจโรงอาบน้ำ กะจะปั้นหุ่นเหรอ? หึๆ#$e#เอ่อ... นายคงไม่ได้ไปวุ่นวาย กับตู้ล็อกเกอร์ของฉัน ใช่ไหม?^เอ่อ... เธอคงไม่ได้ไปวุ่นวาย กับตู้ล็อกเกอร์ของฉัน ใช่ไหม?$9",
  "GreenRain": "ข้างนอกเกิดอะไรขึ้น? มีเหตุการณ์อะไรหรือเปล่า?#$e#ฉันต้องอยู่นี่กับตายาย...$s",
  "GreenRain_2": "เมื่อเช้าฉันพยายามจะไปวิ่ง แต่พวกต้นไม้มันดูพิลึกไปหมด! ก็เลยไปได้ไม่ไกลเท่าไร...",
  "dating_Alex": "%อเล็กซ์บีบแขนคุณอย่างอ่อนโยน พร้อมยิ้มกว้าง",
  "dating_Alex_memory_oneday": "นี่จะเป็น %ฤดูกาล ที่ฉันไม่มีวันลืมแน่!$l",
  "married_Haley": "กล่อมเฮลีย์ ให้แต่งกับนายได้แล้วงั้นสิ? ฉันคิดอยู่ตลอดเลยนะ ว่านายจีบนางฟ้าอย่างเฮลีย์ ไม่ติดหรอก!^กล่อมเฮลีย์ ให้แต่งกับเธอได้แล้วงั้นสิ? ฉันคิดอยู่ตลอดเลยนะ ว่าเธอจีบนางฟ้าอย่างเฮลีย์ ไม่ติดหรอก!",
  "Resort_Entering": "ในที่สุด เราก็มาถึงซะที!",
  "Resort_Leaving": "โธ่... ฉันรู้ว่าอยู่ที่นี่ตลอดไปไม่ได้$s",
  "Resort_Wander": "รู้งี้ ฉันน่าเอาจานร่อนมาด้วย... โธ่เอ๊ย$h",
  "Resort_Wander_2": "ฉันอยากรู้จังว่าจะมีใคร แข่งวอลเลย์บอลทัวร์นาเมนท์ ด้วยกันไหมนะ#$e#ไม่ต้องห่วง ฉันจะไม่เอาจริงหรอก!$h",
  "Resort_Shore": "สงสัยจังว่า ฉันจะว่ายน้ำไปกลับ ได้ไกลแค่ไหน?#$e#อย่างน้อยน่าจะสักไมล์หนึ่งมั้ง#$b#... ไม่ต้องห่วง ฉันไม่ลองว่ายจริงๆ หรอก$h",
  "Resort_Chair": "ใส่ชุดนั้นแล้วไม่ร้อนเหรอ? ไม่เอาน่า... นี่มันชายหาดนะ!^เธอใส่ชุดนั้นแล้วไม่ร้อนเหรอ? ให้ลมทะเลปะทะร่างหน่อยสิ!",
  "Resort_Towel": "พอมาเกาะนี้ได้ ก็ไม่มีข้ออ้างที่จะ ทำตัวปวกเปียกอีกต่อไป!",
  "Resort_Towel_2": "ฮู้ววว พอเจ้ากล้ามท้องพวกนี้ ได้โดนแดดแล้ว ก็รู้สึกดีจัง#$e#น่าเสียดายที่ต้องให้ เจ้าพวกนี้ซ่อนอยู่ใต้เสื้อ ตอนอยู่ที่บ้านน่ะ",
  "Resort_Towel_3": "ตอนที่ฉันกลายเป็นโปรแล้ว ฉันจะเที่ยวไปทั่วทุกเกาะ บนโลกใบนี้เลย#$e#แต่ตอนนี้ ที่นี่ก็พอแล้ว!$h",
  "Resort_Bar": "ฉันสั่งกล้วยปั่น ใส่ผงโปรตีนสองช้อนใหญ่",
  "Resort": "อาาา... ชีวิตชาวเกาะ ฉันอยู่ได้สบายๆ เลย!",
  "FlowerDance_Accept_Spouse": "ได้เลย ต้องสนุกแน่... ฉันหวังว่า ฉันจะจำท่าได้ทุกท่านะปีนี้! ไม่ได้เต้นมานานแล้ว...$h",
  "FlowerDance_Decline": "ไม่อะ... ฉันมีคนที่จะไปชวนอยู่แล้ว โชคดีนะ",
  "divorced": "ฉันคิดว่าเรามีอะไรที่พิเศษต่อกัน... ฉันว่าฉันคงคิดผิด$s",
  "dumped_Guys": "อย่ามาทำให้ฉันเสียเวลา$a",
  "secondChance_Guys": "ฉันก็ไม่รู้ ว่าจะไว้ใจนายได้หรือเปล่า แต่ฉันก็จะลองให้โอกาสนาย อีกครั้ง^ฉันก็ไม่รู้ ว่าจะไว้ใจเธอได้หรือเปล่า แต่ฉันก็จะลองให้โอกาสเธอ อีกครั้ง$9",
  "breakUp": "นี่นายเอาอะไรมาให้ฉัน ห๊ะ...?^นี่เธอเอาอะไรมาให้ฉัน ห๊ะ...?$7#$b#*ฮึ*... ก็ได้ เอาสิ... นายเลือกเองนะ นายจะไม่มีวันได้เห็นฉัน ไปคุกเข่าอ้อนวอนแน่^*ฮึ*... ก็ได้ เอาสิ... เธอเลือกเองนะ เธอจะไม่มีวันได้เห็นฉัน ไปคุกเข่าอ้อนวอนแน่$a",
  "Mon": "ฉันเคยเล่นเป็นกองหลัง ในทีมรวมดารา ที่โรงเรียนนะรู้เปล่า? นี่พูดจริงนะ$u#$e#เห็นดาวบนแจ็คเก็ต ของฉันไหมล่ะ? นี่เป็นหลักฐานชั้นดีเลย",
  "Tue": "ชายหาดเป็นสถานที่ ที่เหมาะกับการเที่ยวเล่น แล้วก็อาบแดดจริงๆ#$e#นายควรจะออกมารับ แสงอาทิตย์บ้างนะ ไม่งั้นผิวซีดแย่เลย^เธอควรจะออกมารับ แสงอาทิตย์บ้างนะ ไม่งั้นผิวซีดแย่เลย#$e#*เฮ้อ*... ฉันหวังว่าจะมีสาวๆ ในเมืองนี้มากกว่านี้ เข้าใจที่ฉันจะสื่อใช่ปะ?$s^เฮ้ อยากจะไปเที่ยวทะเล กับฉันไหม? เธอมีบิกินี่ใส่หรือเปล่า?",
  "Wed": "เป็นวันที่เหมาะ กับการเล่นขว้างบอลนะ ว่าไหม?$u#$e#$q 5/6 Wed_01_old#อยากชวนมา เล่นขว้างบอลด้วยกันนะ แต่ดูเหมือนนาย จะไม่ชอบเล่นกีฬาเลย^ถ้าเธอไม่ใช่ผู้หญิง ฉันก็อยากชวนเธอ มาเล่นขว้างบอลนะ#$r 6 0 Wed_01_02#ไม่เป็นไร ดูนายเล่นไกลๆ ก็ได้#$r 5 15 Wed_01_01#ฉันอยากเล่นขว้างบอล กับนายนะ!#$r 5 0 Wed_01_03#(โกรธ) พูดงี้ หมายความว่าไง?",
  "Wed_01_old": "#$p 5#เอ้า รับ! ...ล้อเล่นน่ะ ฮ่าฮ่าฮ่า|แค่หวังว่า จะมีคนเล่นขว้างบอล ด้วยกัน...$s",
  "Wed_01_01": "จริงเหรอ? ฉันว่า ฉันคงประเมินนายต่ำไปหน่อย^จริงเหรอ? ฉันว่า ฉันคงประเมินเธอต่ำไปหน่อย#$b#ฉันปวดแขนนิดหน่อย ไว้ครั้งหน้าแล้วกัน",
  "Wed_01_02": "อืม บางคนไม่ได้เกิดมา เพื่อเล่นกีฬา",
  "Wed_01_03": "อ่า... ช่างมันเถอะ",
  "Thu": "อากาศเริ่มอุ่นขึ้นแล้ว... ฉันรู้สึกกระปรี้กระเปร่า",
  "Fri": "เฮ้ ว่าไง พ่อหนุ่มชาวไร่?^เฮ้ ว่าไง แม่สาวชาวไร่ กางเกงใหม่ปะเนี่ย? เข้ากับเธอดี#$e#โอ้ เกือบลืม! วันนี้ต้องวิดพื้น!#$e#ทุกครั้งที่วิดพื้น ฉันจะทำเพิ่มอีกรอบ จากครั้งก่อนเสมอ เจ๋งปะล่ะวิธีนี้?",
  "Sat": "ปวดแขนมากเลย แต่ก็เป็นธรรมดา ของคนชอบออกกำลัง แบบฉันอะนะ#$e#เมื่อวานวิดพื้นตั้งพันรอบแน่ะ",
  "Sun": "เฮ้#$e#อะไรนะ อยากคุยด้วยเหรอ? ฉันไม่ว่างหรอก",
  "Sun2": "เฮ้ @#$e#ใช่แล้ว ฉันจำชื่อนายได้นะ^ใช่แล้ว ฉันจำชื่อเธอได้นะ",
  "Sun4": "เฮ้ @#$e#วันนี้เป็นไงมั่ง?",
  "Fri4": "เฮ้ @ ดีใจจังที่แวะมาหา#$e#ฉันไม่อายที่จะบอก ว่าฉันรักคุณยายของฉัน!#$e#แต่คุณตา ก็อีกเรื่องหนึ่ง...#$e#ล้อเล่น$h",
  "Tue6": "ไม่มีอะไรดีไปกว่า การได้มาชายหาดกับเพื่อนๆ ในวันที่เต็มเปี่ยมไปด้วยพลัง... จริงไหม?",
  "Mon8": "รู้เปล่า ฉันเคยอยากมี ทั้งชื่อเสียงและลาภยศ แต่ฉันว่าฉันเปลี่ยนใจแล้วล่ะ เพราะสุดท้าย คนเราก็ไม่ได้ต้องการอะไร มากไปกว่าการรู้จักพอ ว่างั้นไหม?#$e#ฉันก็ยังอยากเป็นโปรนะ แต่มันก็ไม่ใช่สิ่งสำคัญ ที่สุดในโลกสักหน่อย",
  "Fri8": "ไง @ วันนี้ดูกระฉับกระเฉงดีนี่$h^เฮ้ @ ได้ไปทำอะไร กับทรงผมมาปะเนี่ย? รู้สึกเหมือนมีอะไร ดึงดูดสายตาฉันน่ะ$h",
  "Sat10": "ช่วงนี้ ฉันรู้สึกไม่ค่อยมีสมาธิเลย$l",
  "Event_beach1": "ใช่สิ ถ้านายไม่ได้ทำแบบนั้น ฉันก็คงคิดว่านายน่าจะบ้า หรือไม่ก็เป็นพวกเนิร์ด^ใช่สิ ถ้าเธอไม่ได้ทำแบบนั้น ฉันก็คงคิดว่าเธอน่าจะบ้า หรือไม่ก็เป็นพวกเนิร์ด",
  "Event_beach2": "จริงดิ? นายคงชอบทำอะไรแปลกๆ สินะ^จริงดิ? เธอคงชอบทำอะไรแปลกๆ สินะ$a#$b#โทษที",
  "Event_books1": "เปล่าสักหน่อย! ไม่ต้องทำเป็นมาชมหรอกน่า$a",
  "Event_books2": "ใช่ ก็ถูกของนาย...^ใช่ ก็ถูกของเธอ...$s",
  "Event_books3": "นายต้องบอกว่า ไม่เห็นด้วยกับฉันสิ^เธอต้องบอกว่า ไม่เห็นด้วยกับฉันสิ$a",
  "event_box1": "ใช่... ฉันรู้ นั่นก็คือเหตุผล ว่าทำไมฉันถึงจริงจัง กับการเล่นกีฬานัก...$9#$b#ไม่ว่าฉันจะทำได้หรือไม่... ตราบใดที่ฉัน พยายามอย่างดีที่สุด ฉันคิดว่าแม่คงจะภูมิใจ ขอบใจนะ",
  "event_box2": "โห... วันนี้วันครบรอบวันตาย ของแม่ฉันนะ! เห็นใจกันบ้าง...$a",
  "event_box3": "...ขอบใจนะ @#$b#นาย... ไม่เหมือนใครคนอื่นเลย อ่อนโยนกว่าใครๆ$l^เธอเป็นเพื่อนที่ดีที่สุด ของฉันในเมืองนี้เลย...#$b#ดีใจจัง ^พูดแบบนี้แล้ว น่าอายไหมนะ?$l",
  "event_box4": "นั่นไม่ได้ทำให้ฉัน รู้สึกดีขึ้นหรอกนะ ไอ้งั่ง$a",
  "Event_parents1": "เป็นความคิดที่น่าสนใจดีนี่...",
  "Event_parents2": "พวกเขาไม่ทำแบบนั้นหรอก!$a",
  "Event_parents3": "...อาจจะถูกของเธอ... ไม่รู้สิ$s",
  "summer_1": "เฮ้ ฤดูร้อนเป็นเวลา ที่ดีที่สุดของปีจริงๆ#$e#ตอนนี้ก็เลยเยี่ยมสุดๆ เพราะเรามีทั้งฤดูให้ตั้งตาคอย ไว้เจอกันนะ",
  "summer_Mon": "ไง พ่อหนุ่มชาวไร่ คล้ำลงนะเนี่ย^ไง แม่สาวชาวไร่ ผิวเธอกลายเป็นสีแทน สวยเลยนะเนี่ย$h#$e#ยิ่งฉันฝึกซ้อม ในหน้าร้อนแบบนี้มากเท่าไร ฉันก็จะได้เข้าใกล้ สู่เส้นทางมืออาชีพง่ายขึ้น#$e#แล้วเดี๋ยวนาย ก็จะได้เอาไปคุยต่อได้ ว่าเคยรู้จักฉันมาก่อนไง เจ๋งดีใช่ไหมล่ะ ว่ามะ?^แล้วเดี๋ยวเธอ ก็จะได้เอาไปคุยต่อได้ ว่าเคยรู้จักฉันมาก่อนไง เจ๋งดีใช่ไหมล่ะ ว่ามะ?",
  "summer_Tue": "ถ้าทรงผมของฉันไม่โดนใจสาวๆ ฉันสาบานว่า จะโกนผมทิ้งทั้งหัวเลย#$e#*ถอนหายใจ*... ชีวิตบางทีก็ยากเอาเรื่อง",
  "summer_Wed": "เฮ้ หนุ่มชาวไร่ ฉันมีคำถามจะถาม...^เฮ้ แม่สาวชาวไร่ ฉันมีคำถามจะถาม...#$b#$q 52/53 summer_Wed_01_old#คิดว่าฉัน จะเป็นนักกีฬามืออาชีพได้ไหม?#$r 52 30 summer_Wed_01_01#นายเกิดมาเพื่อเป็นตำนานในวงการนี้อยู่แล้วน่า!#$r 52 0 summer_Wed_01_02#ก็อาจจะนะ ถ้าฝึกเยอะๆ#$r 53 -50 summer_Wed_01_03#ไม่ นายทำมันไม่ได้หรอก แล้วก็ผันตัวเองมาเป็นพนักงานขาย",
  "summer_Wed_01_old": "$p 52#เฮ้ ถ้าฉันได้เป็นมืออาชีพเมื่อไร นายบอกคนอื่นได้เลยว่า นายเป็น \"แฟนคลับ\"คนแรกของฉัน ไม่เลวใช่ปะ?^เฮ้ ถ้าฉันได้เป็นมืออาชีพเมื่อไร เธอบอกคนอื่นได้เลยว่า เธอเป็น \"แฟนคลับ\"คนแรกของฉัน ไม่เลวใช่ปะ?|เฮ้ ฉันฝึกหนักขึ้นเป็นสองเท่าแล้ว ฉันจะเป็นมืออาชีพ แล้วจะพิสูจน์ให้เห็นว่า นายคิดผิด คอยดูเหอะ^เฮ้ ฉันฝึกหนักขึ้นเป็นสองเท่าแล้ว ฉันจะเป็นมืออาชีพ แล้วจะพิสูจน์ให้เห็นว่า เธอคิดผิด คอยดูเหอะ$a",
  "summer_Wed_01_01": "เฮ้ย นั่นแหละที่ฉันหมายถึง!$h#$e#นายเจ๋งกว่าที่ฉันคิดนะเนี่ย^เธอเจ๋งกว่าที่ฉันคิดนะเนี่ย",
  "summer_Wed_01_02": "ช่าย แต่ฉันว่าฉันก็ดีอยู่แล้ว ฉันจะไม่ฝึกมากกว่านี้แล้วล่ะ$u",
  "summer_Wed_01_03": "นั่นมันบ้าชัดๆ นายแค่อิจฉาเพราะว่า ฉันทั้งมีพรสวรรค์ แถมยังเป็นที่ชื่นชอบ ไม่เหมือนนายสินะ$a^น่าขำนะ เธออิจฉาฉัน เพราะฉันเป็นที่ชื่นชอบ มากกว่าเธอใช่มะ งี่เง่า$a#$e#ไปให้พ้นเลยไป$a",
  "summer_Thu": "เฮ้ นายคงจะแข็งแรงน่าดู ทำงานที่ฟาร์มได้ทั้งวัน^เฮ้ หุ่นเธอคงจะดีน่าดูนะ ทำงานที่ฟาร์มได้ทั้งวัน#$e#ไม่แน่นะสักวันหนึ่ง นายอาจจะแข็งแรงเท่าฉันก็ได้ เป็นอะไรที่น่าจับตามองนะ ว่ามะ?^ไม่แน่นะสักวันหนึ่ง เธออาจจะแข็งแรงเท่าฉันก็ได้ เป็นอะไรที่น่าจับตามองนะ ว่ามะ?#$e#ทำไมทำหน้าแบบนั้นล่ะ?",
  "summer_Fri": "ต้องการอะไรหรือเปล่า?#$e#ฉันมีเรื่องสำคัญกว่า ที่ต้องทำในตอนนี้น่ะ",
  "summer_Sat": "อืมมมม... ฉันได้กลิ่นบาร์บีคิว#$e#โอ๊ย ฉันต้องไปหาซื้อ เบอร์เกอร์มากินบ้างละ",
  "summer_Sun": "เมื่อวาน ฉันได้รองเท้าคู่นี้มาใหม่ เพราะคู่เก่าของฉัน มีแต่จุดด่างเต็มไปหมด#$b#ฉันเลยโยนทิ้งถังขยะไปอะ จริงๆ ก็ว่าจะบริจาคอยู่นะ แต่ฉันก็ไม่อยากให้คนแปลกๆ มาใส่รองเท้าฉันน่ะสิ นึกออกมะ?#$e#...อะไรเล่า?$a",
  "summer_Sun4": "โอ้ ว้าว...รองเท้านาย เปื้อนนิดหน่อยนะ... แต่ก็โอเค!^โอ้ ว้าว...รองเท้าเธอ เปื้อนนิดหน่อยนะ... แต่ก็โอเค!#$e#คนเรามันก็มีรสนิยม ไม่เหมือนกันน่ะนะ",
  "summer_Thu4": "เฮ้ หน้าร้อนนี้ เหมือนเธอจะหุ่นดีขึ้นนะเนี่ย!#$b#เพราะทำแต่ฟาร์มใช่ปะล่ะ?",
  "summer_Mon4": "เฮ้ ผิวแทนสวยเชียว",
  "summer_Fri6": "โทษที ห้องรกไปหน่อย$s#$e#ยากเหมือนกันนะ ที่ต้องคอยจำว่า ต้องทำความสะอาดห้อง แต่ฉันก็จะพยายาม ขึ้นอีกละกัน",
  "summer_Wed8": "รู้เปล่า ฉันก็ไม่อะไร กับการเป็นชาวไร่นะ... มันก็เหมือนกับเล่นกีฬา อีกแบบหนึ่งนั่นแหละ#$e#ฉันชอบอยู่กลางแจ้ง แล้วก็ทำอะไรๆ ด้วยมือของฉันเอง",
  "summer_Sat10": "ช่วงนี้ฉันก็พยายาม จะอ่านหนังสือมากขึ้นนะ... ฉันรู้สึกว่า ไม่ค่อยได้ออกกำลังสมอง มาเป็นปีแล้ว เพราะมัวแต่ไปออกกำลังกาย",
  "fall_1": "มาแน่ๆ มันเริ่มจะหนาวแล้ว... แต่ก็ยังอบอุ่นพอ ที่จะเล่นกีฬาได้นะ!#$e#ฉันสนแค่นี้แหละ",
  "fall_Mon": "คุณยายบอกฉันว่า ฉันควรจะให้เวลา กับการเรียนมากกว่านี้#$e#ฉันก็แบบ... 'ยาย ไม่ต้องห่วงนะ ผมจะเป็นนักกีฬามืออาชีพ!'$h#$e#เรื่องเรียน เอาไว้ให้พวกเด็กเนิร์ดก็พอ",
  "fall_Wed": "เฮ้ ฉันอยากจะ ถามอะไรหน่อย ^เฮ้ ถามอะไรหน่อยได้ไหม?#$e#$q 54/55 fall_Wed_01_old#คิดว่าสาวๆ ชอบทรงผมของฉันปะ?^เธอคิดว่า ทรงผมของฉันเป็นยังไงมั่ง?#$r 54 30 fall_Wed_01_01#ดูนำแฟชั่นมากเลย!#$r 55 -30 fall_Wed_01_02#สภาพอย่างกับ เหมือนเชื้อราขึ้นหัว",
  "fall_Wed_01_old": "วันนี้ฉันใส่เจลแต่งผมมากไป เจ็บๆ หัวแฮะ#$e#อย่าแตะดิ!#$e#...อะไรเล่า?",
  "fall_Wed_01_01": "ใช่ ฉันรู้อยู่แล้ว นั่นแหละคือเหตุผล ที่ฉันทำทรงนี้ไง",
  "fall_Wed_01_02": "อือ คงใช่ เธออิจฉาที่ฉันดูดีมากสินะ",
  "fall_Thu": "ว่าไง?#$e#ชื่อของนายใช่ %firstnameletter%name อะไรประมาณนี้มะ หรืออะไรนะ?^ชื่อของเธอใช่ %firstnameletter%name อะไรประมาณนี้มะ หรืออะไรนะ?#$e#โอ้ ชื่อ @? โอเค โทษๆ",
  "fall_Fri": "คืนนี้ฉันว่าจะซิทอัพ สัก 200 ครั้ง#$b#ฉันทุ่มเทมากเลยใช่ไหมล่ะ?$h#$e#อยากได้อะไรอีกไหม?",
  "fall_Sat": "ฉันคิดว่าช่วงนี้ของปี นายน่าจะหาปลาแชลมอน ในแม่น้ำได้นะ^ฉันคิดว่าช่วงนี้ของปี เธอน่าจะหาปลาแชลมอน ในแม่น้ำได้นะ#$e#ตามที่ฉันได้ยินมาน่ะ",
  "fall_Sun": "เฮ้ วันนี้แข่งกริดบอลด้วย!#$e#วันอาทิตย์ในฤดูใบไม้ร่วงนี่ อย่างแจ่ม$u",
  "fall_Thu2": "ว่าไง @?",
  "fall_Fri6": "คืนนี้ฉันจะซิทอัพเยอะๆ เลย#$e#นายต้องออกกำลังให้หนัก ถ้านายอยากจะไปให้ถึง ขีดจำกัดของตัวเอง^เธอต้องออกกำลังให้หนัก ถ้าเธออยากจะไปให้ถึง ขีดจำกัดของตัวเอง",
  "fall_Mon4": "คุณยายบอกฉันว่า ฉันควรจะให้เวลา กับการเรียนมากกว่านี้#$e#บางทีท่านอาจจะพูดถูก...$s",
  "fall_Wed8": "เอาไงเอากันวะ... ฉันตัดสินใจละ ว่าจะเลิกใช้เจลแต่งผม#$e#ฉันไม่อยากจะเป็นเพื่อน กับคนที่ชอบฉัน เพราะแค่ฉันใส่ไอ้เจลนี่บนหัว",
  "fall_Thu10": "@! อืม... หวัดดี$l",
  "winter_1": "หน้าหนาวนี่ห่วยชะมัด หิมะหนาเกินไป จนทำอะไรสนุกๆ ไม่ได้#$e#แต่ว่าบางคนก็ชอบมันนะ",
  "winter_Mon": "นายชอบหิมะเหรอ?^เธอชอบหิมะเหรอ? ฉันเหรอ... ฉันใจจดจ่อรอฤดูใบไม้ผลิ",
  "winter_Tue": "เฮ้ ช่วยไปหาเฮลีย์ แล้วฝาก 'สวัสดี' แทนฉันหน่อยได้เปล่า?",
  "winter_Tue_inlaw_Haley": "โอ้ เฮ้ ชีวิตแต่งงานเป็นไงบ้าง?$9",
  "winter_Wed": "ในฤดูหนาว ผู้คนก็อยู่แต่ในบ้าน ทำแต่อะไรน่าเบื่อๆ$s#$e#ถ้าฉันอ่านหนังสือ ก็อาจจะเบื่อน้อยลงเหรอ... ไม่อะ",
  "winter_Thu": "พอฉันได้เป็นโปร ฉันก็จะรวยโคตรๆ แล้วจะซื้อบ้านพักตากอากาศ ในที่เขตร้อนซะเลย#$e#ฉันจะได้ไม่ต้องมาทนอยู่กับ หน้าหนาวน่าเบื่อๆ นี่",
  "winter_Fri": "ฝ่าหิมะ เพื่อมาหาฉันเลยเหรอเนี่ย?#$e#หวังว่ามันจะเข้าท่านะ",
  "winter_Sat": "มีคนแปลกๆ อาศัยอยู่ในเมืองนี้ด้วยนะ#$e#... อย่างเซบาสเตียนคนนั้นไง ทำไมเขาต้องใส่ชุดสีดำ ตลอดเวลา?#$e#ไม่เห็นจะเข้าใจเลย",
  "winter_Sun": "เฮ้ วันนี้แข่งกริดบอลด้วย!#$e#วันนี้เป็นวันที่ฉันชอบที่สุด ในสัปดาห์เลย",
  "winter_Fri4": "ฝ่าหิมะ เพื่อมาหาฉันเลยเหรอเนี่ย?#$e#นายนี่เป็นคนดีจัง^เธอนี่เป็นคนดีจัง$h",
  "winter_Sat6": "ฉันว่ามันน่าสนใจดีนะ ที่บางคนก็แตกต่าง ไปจากพวกเราแบบสุดๆ เลย รู้เปล่า?#$b#ฉันไม่เคยเข้าใจเลย ว่าทำไมคนอื่นถึงทำอะไรแบบนั้น แต่ก็ไม่เป็นไรหรอก",
  "winter_Tue4": "เฮ้ @ ช่วยอะไรหน่อยได้ไหม?$l#$b#ถ้าเจอเฮลีย์ ฝากบอกเธอให้หน่อยว่า ฉันไม่ว่าง$l#$e#ขอบใจนะ",
  "winter_Tue4_inlaw_Haley": "ฉันยอมรับนะ... ว่าฉันอิจฉานิดๆ ตอนที่นายกับเฮลีย์แต่งงานกัน แต่ก็แบบ... มันเป็นโอกาสที่ฉัน จะได้เรียนรู้อะไรใหม่ๆ เกี่ยวกับตัวเอง^ฉันยอมรับนะ... ว่าฉันอิจฉานิดๆ ตอนที่เธอกับเฮลีย์แต่งงานกัน แต่ก็แบบ... มันเป็นโอกาสที่ฉัน จะได้เรียนรู้อะไรใหม่ๆ เกี่ยวกับตัวเอง$9",
  "winter_Wed8": "รู้อะไรไหม? ฉันกำลังจะเริ่มอ่านหนังสือแล้ว!",
  "winter_Thu6": "ฉันอยากให้ตัวเอง ควบคุมสภาพอากาศได้จังแฮะ",
  "winter_Thu10": "ถ้าฉันหาเงินได้เยอะๆ ฉันให้คำมั่นเลยว่าเพื่อนทุกคน และครอบครัวของฉัน จะได้รับการดูแลอย่างดี#$e#นั่นหมายความว่า นายก็ด้วย^นั่นหมายความว่า เธอก็ด้วย$h"
}
