{
  "Introduction": "สวัสดี! เธอคงเป็น @ เจ้าของฟาร์ม ที่ย้ายเข้ามาใหม่ ฉันชื่อแคโรไลน์#$e#สามีของฉันเปิดร้านค้าที่นี่นะ แล้วเธอเคยเจออบิเกล ลูกสาวของฉันรึยังจ้ะ? เธอผิวออกซีดๆ และมีผมสีม่วงน่ะ",
  "AcceptBirthdayGift_Positive": "ขอบคุณนะ ที่รัก เธอใจดีจังเลย จำวันเกิดฉันได้ด้วย$h",
  "AcceptBirthdayGift_Negative": "โอ้... นั่นคือ... ของขวัญวันเกิดเหรอ? เข้าใจล่ะ... ขอบคุณที่แวะมาละกันนะ$a",
  "AcceptGift_(O)StardropTea": "โอ้วว... ของดีเลยนะเนี่ย ฉันจะเก็บมันไว้ใช้ในวันที่ เงียบสงบในห้องรับแสง",
  "AcceptGift_(O)16": "โอ้ เธอหามันมาได้! ขอบคุณนะ!#$b#ฉันจะใช้วัตถุดิบนี้ ทําซอสสไปซี่ค็อกเทล นั่นจะช่วยให้ขนบนหน้าอก ของปิแอร์บางลง$h",
  "cropMatured_815": "ฉันเห็นว่าเธอปลูกชาอยู่ใน ฟาร์มด้วย อย่าลืมชงชามาให้ ฉันชิมสักแก้วบ้างนะ!$h",
  "dating_Abigail_memory_oneday": "แอ็บบี้บอกฉันว่า พวกเธอจะนัดเจอกันด้วยล่ะ หวานกันจังเลยน้า!",
  "GreenRain": "ฉันไม่เคยเห็นฝนสีเขียว มาก่อนเลย... แต่ถ้าเธอ มาถึงนี่ได้ มันก็คงไม่อันตราย มากนักหรอก!",
  "GreenRain_2": "อา ฝนวิเศษตกลงมา อีกครั้งแล้ว! ฉันจะทำให้ปีนี้เป็นปีที่ดีที่สุด!#$e#บรรยากาศแบบนี้ ชวนให้ดื่มชาเขียวสักแก้ว!$h",
  "movieTheater_memory_oneweek": "เมืองของเรามีโรงภาพยนตร์ แล้ว น่าตื่นเต้นจัง ฉันอยากจะไปดูหนังตะวันตก!",
  "married_Abigail": "ฉันดีใจกับพวกเธอสองคน ด้วยนะ! และยินดีต้อนรับ สู่ครอบครัวของเรา!$h",
  "wonGrange": "ปิแอร์พยายามทำเหมือน ไม่มีอะไร แต่เขาถึงขั้น กำหมัดเลยล่ะ ที่แพ้เธอที่งาน สตาร์ดิวแวลลีย์แฟร์น่ะ",
  "married_memory_oneweek": "อา ว่าไงจ๊ะ คู่ข้าวใหม่ปลามัน ไปฮันนีมูนมาเป็นยังไงบ้าง?#$e#เข้าใจแล้วล่ะ ฉันคิดว่าพืชผัก ที่ฟาร์มอาจจะเหี่ยวเฉา ถ้าเธอไปนานกว่านี้น่ะ...",
  "eventSeen_719926": "เธอคงจะรู้สึกผ่อนคลาย ใช่ไหม? ฉันพนันได้เลย...",
  "houseUpgrade_1": "$y 'ฉันได้ยินมาว่าเธอได้ ครัวใหม่! เธอคิดว่าตัวเอง เป็นคนทำอาหารเยอะไหม?_ฉันมีแผน!_มันเป็นทักษะที่มีติดตัวไว้ก็ดีนะ และด้วยวัตถุดิบสดใหม่ทั้งหมด ในฟาร์มของเธอ ชีวิตเธอจะ สุขสบายมากเลยล่ะ!_ไม่หรอกน่า อย่าดูแค่ที่หน้าตาซิจ๊ะ_อย่างไรก็ตาม... อย่าลืม ทานให้ถูกสุขลักษณะด้วยล่ะ โภชนาการเป็นสิ่งสำคัญนะ'",
  "achievement_15": "เมื่อพิจารณาจากกลิ่นคาวคละ คลุ้งที่ลอยมาจากที่ๆ เธออยู่ บ่งบอกได้เลยว่าเธอกำลังวุ่น อยู่ในครัว!$h",
  "Resort_Entering": "วิลลี่ ให้ปลาแท่งกับเราคนละชิ้น ฉันยังเคี้ยวมันอยู่เลยเนี่ย",
  "Resort_Leaving": "คืนนี้ฉันต้องหลับสบายแน่ๆ!$h",
  "Resort_Shore": "ถ้าเทียบกับที่หุบเขา น้ำที่นี่อุ่นกว่าเยอะเลย ฉันมีความสุขจริงๆ!",
  "Resort_Chair": "%แคโรไลน์กำลังงีบหลับ",
  "Resort_Bar": "ฉันบอกกัส ให้ลองทำให้ฉัน ประหลาดใจหน่อย แล้วเขาก็ทำชาเขียว ใส่เปลือกมะม่วงขูด อร่อยเลยล่ะ!$h",
  "Resort": "สวัสดี @ เธอมาที่นี่เพื่อ พักผ่อนหรือทำงานเหรอ?",
  "Mon": "ฉันไม่อยากให้แอ็บบี้ ใช้เวลาอยู่แต่ในห้องเลย",
  "Mon_inlaw_Abigail": "ไงจ๊ะ @ เธอสนุกกับชีวิตแต่งงานไหม? ฉันหวังไว้แบบนั้นเหมือนกัน!",
  "Mon8": "#$1 Caroline23#ตอนที่พวกเรา ย้ายมาที่เมืองเพลิแกน ฉันแอบเดินไปที่ หอคอยของพ่อมดด้วยล่ะ อย่าบอกปิแอร์นะ เขาเป็นคนขี้หึงน่ะ#$e#อบิเกลเกิดหลังจากที่เรา ย้ายมาที่นี่ปีนึง ฉันสงสัยจังว่า เธอจะได้สัมผัสชีวิต นอกหมู่บ้านบ้างรึเปล่า?",
  "Tue": "ฉันเคยเห็นต้นฮอร์สแรดิช ในป่านะ#$e#การเที่ยวหาอาหารป่า เป็นทางที่ง่ายที่จะได้เงิน หรือเธอจะใช้ของที่เธอเจอ เป็นของขวัญหรืออาหารก็ได้",
  "Wed": "สวัสดี เธอมีทุกอย่างที่ต้องการ สำหรับทำฟาร์มแล้วหรือยัง?#$e#ถ้ายังไม่มีล่ะก็ เราสามารถช่วยเธอได้นะ#$e#เรามีอุปกรณ์ที่มีประโยชน์ อยู่หลากหลายชิ้นเลยล่ะ",
  "Thu": "#$1 Caroline1#หืมมม... ฉันสงสัยจังว่า จะขอให้ปิแอร์ทำอาหารเย็น สำหรับคืนนี้ได้ไหม#$e#หืมมม... ฉันจะทำอะไร เป็นอาหารเย็น สำหรับคืนนี้ดีล่ะ?#$e#ไม่เป็นไร ฉันจะออกไปซื้อ จากร้านอาหารนะ",
  "Fri": "เป็นวันที่ดีนะ#$e#ในวันอย่างนี้ ฉันอยากช่วยเอเวอลิน เรื่องสวนสาธารณะจัง#$e#ด้วยอายุขนาดนี้แล้ว เธอก็ถือว่าแข็งแรงอยู่ แต่ฉันคิดว่าเธอคงจะยินดี กับทุกๆ ความช่วยเหลือที่เธอจะได้รับ",
  "Sat": "มีแค่ฉันรึเปล่าเนี่ย ที่คิดว่าอบิเกล สนใจสิ่งที่แปลกๆ อะไรที่มันมืดมนน่ะ?#$e#บางทีฉัน คงแก่เกินไปที่จะเข้าใจ แล้วล่ะมั้งเนี่ย",
  "Sat_inlaw_Abigail": "มื้อเย็นดูเงียบไปมาก ตั้งแต่อบิเกลย้ายออกไป...#$e#ไม่ ไม่ใช่เรื่องที่ว่าเธอ อ้าปากเคี้ยวข้าวแจ๊บๆ หรอกนะ!$h",
  "Sat2": "แอ็บบี้มักจะชอบ สนใจสิ่งแปลกๆ ในเรื่องลึกลับ ฉันก็ไม่รู้ว่าเธอ ไปเอานิสัยแบบนี้ มาจากไหน...",
  "Sat4": "แอ๊บบี้ยังคงชอบ สนใจเรื่องการมูแปลก ๆ แต่ฉันมั่นใจว่าเธอแค่เห่อ...",
  "Sat6": "#$1 Caroline12#ตอนที่พวกเราย้ายเข้ามา ที่นี่ครั้งแรก ฉันใช้เวลาสักพัก เลย กว่าจะปรับตัวให้เข้า กับที่นี่ได้... อีกทั้งฉันยัง ไม่พร้อมที่จะเริ่มต้นชีวิตใน บ้านหลังใหม่#$e#ปิแอร์ค่อนข้างดูเป็น คนธรรมดา... แต่เขาเป็นผู้ชายที่ดีนะ เขามีความทะเยอทะยาน แล้วเขาก็ให้ความสำคัญกับ ครอบครัวเป็นอันดับแรกเสมอ",
  "Sun": "วันนี้ฉันจะพักผ่อน และคิดแต่เรื่องดีๆ#$e#เธอล่ะ ได้หยุดพักผ่อนบ้างไหม?",
  "Wed6": "สตาร์ดิวแวลลีย์ก็ดีนะ แต่ฉันก็อยากจะ รู้จักคนอื่นมากกว่านี้#$e#ฉันดีใจที่เรา ได้มาเป็นเพื่อนกันนะ",
  "summer_Mon": "ร้านจะปิดในวันพุธ#$e#เธอต้องจำไว้นะ เผื่อเกิดอยากจะซื้ออะไร ขึ้นมา",
  "summer_Tue": "เมื่อไม่นานมานี้ ฉันเจอผลไม้ในป่าด้วยนะ#$e#การเที่ยวหาอาหารป่า เป็นทางที่ง่ายที่จะได้เงิน หรือเธอจะใช้ของที่เธอเจอ เป็นของขวัญหรืออาหารก็ได้",
  "summer_Wed": "สวัสดี เธอมีทุกอย่างที่ต้องการ สำหรับทำฟาร์มแล้วหรือยัง?#$e#ถ้ายังไม่มีล่ะก็ เราสามารถช่วยเธอได้นะ#$e#เรามีอุปกรณ์ที่มีประโยชน์ อยู่หลากหลายชิ้นเลยล่ะ",
  "summer_Sat": "มีแค่ฉันรึเปล่าเนี่ย ที่คิดว่าอบิเกล ดูซีดเซียวไปนิดหน่อยน่ะ?#$e#บางทีฉันคงกังวล เรื่องของเธอมากไป",
  "summer_Sat_inlaw_Abigail": "สุขภาพของอบิเกล เป็นยังไงบ้าง? เธอเป็นเด็กผู้หญิง ที่ดูซีดเซียวตลอดเวลา หวังว่าการใช้ชีวิตในฟาร์ม จะทำให้แก้มของเธอ มีสีสันขึ้นมาบ้างนะ",
  "summer_Sun": "วันนี้ฉันจะพักผ่อน และคิดแต่เรื่องดีๆ#$e#เธอล่ะ ได้หยุดพักผ่อนบ้างไหม?",
  "summer_Wed6": "ดูเหมือนเวลา จะผ่านไปเร็วขึ้น แล้วก็เร็วขึ้น เร็วพอๆ กับอายุของเธอเลยล่ะ$s",
  "fall_Mon": "ฤดูใบไม้ร่วง เป็นฤดูที่แอ็บบี้ชอบ ฉันก็หวังว่าเธอ จะออกมาจากห้องของเธอ บ่อยกว่านี้นะ",
  "fall_Mon_inlaw_Abigail": "แอ็บบี้กำลังอยู่ใน ชั้นเรียนออนไลน์ แต่ฉันคิดว่าใจของเธอ คงจะไม่อยู่กับมันหรอก...#$e#เธอมีใจรักความอิสระ เหมือนกับฉัน ตอนก่อนที่จะมาพบกับปิแอร์ อบิเกลก็คงน่าจะชอบช่วงเวลา ที่ได้อยู่ในฟาร์มของเธอนะ",
  "fall_Tue": "ฉันเจอเห็ดที่กินได้ ในป่าด้วยล่ะ#$e#การเที่ยวหาอาหารป่า เป็นทางที่ง่ายที่จะได้เงิน หรือเธอจะใช้ของที่เธอเจอ เป็นของขวัญหรืออาหารก็ได้",
  "fall_Sat": "มีแค่ฉันรึเปล่า ที่คิดว่าอบิเกล เล่นวิดีโอเกมมากไป?#$e#บางทีฉันคงจะ หัวโบราณไปหน่อย",
  "fall_Wed6": "เธอรู้ไหม ฉันเคยอยากเป็นชาวไร่นะ แต่เน้นด้านการปศุสัตว์น่ะ#$e#ตอนเด็กๆ ฉันชอบดูหนัง แนวคาวบอยมากเลย",
  "winter_Tue": "ฤดูหนาวมันแย่มาก แต่ถ้าโชคดี เธอจะสามารถขุดหา พวกรากพืชได้นะ#$e#การเที่ยวหาอาหารป่า เป็นทางที่ง่ายที่จะได้เงิน หรือเธอจะใช้ของที่เธอเจอ เป็นของขวัญหรืออาหารก็ได้",
  "winter_Fri": "ถึงอากาศมันจะหนาว ฉันก็ไปเช็กแปลงผักต่างๆ ในสวนสาธารณะ มาหมดแล้วล่ะ#$e#ฉันอยากมั่นใจว่า พวกมันจะไม่ได้รับ ความเสียหายมาก ก่อนที่ฤดูใบไม้ผลิ จะมาอีกครั้ง",
  "winter_Sat": "เธอไม่คิดว่าแอ็บบี้ จะดูดีกับสีผมธรรมชาติ ของเธอเหรอ?#$e#เธอเคยมีผมสีน้ำตาลอ่อนน่ะ",
  "winter_Wed6": "คุณรู้สึกตื่นเต้น กับปีใหม่นี้ไหม?#$e#ฉันเดาว่าฟาร์มของเธอ ต้องประสบความสำเร็จมากๆ แน่นอน$h"
}
