{
  "Introduction": "เอ่อ... สวัสดี ฉันคลินท์#$e#เป็นช่างตีเหล็กประจำเมือง ถ้าเธออยากจะ อัปเกรดเครื่องมือละก็ ไว้ใจฉันได้เลย",
  "AcceptBirthdayGift_Positive": "ฉันไม่ค่อยได้ ของขวัญวันเกิดหรอก นี่มีความหมายมากเลย @ ขอบคุณ",
  "AcceptBirthdayGift_Negative": "นี่คือของขวัญวันเกิดเหรอ? มัน เอ่อ... เป็นของที่เลือกมาได้น่าสนใจดี แต่ฉันก็รู้สึกขอบคุณที่จำกันได้อยู่ดี",
  "AcceptGift_(O)StardropTea": "เธอจะให้สิ่งนี้... กับฉันเหรอ? ฉันไม่คิดว่าฉันควรจะได้มันหรอก แต่.. ขอบคุณนะ",
  "AcceptGift_(O)SkillBook_3": "โอ้ น่าสนใจนี่... หนังสือแบบนี้ หาได้ไม่ง่ายหรอกในหุบเขานี่#$b#ดูท่าจะมีเคล็ดลับน่าสนใจๆ ในนี้เยอะเลย ขอบใจ @",
  "mineArea_40": "อา ฉันบอกได้เลยจากการดู รอยขีดข่วนบนอีเต้อของเธอนี่ ว่าเธอไปถึงเหมืองชั้นลึกๆ แล้ว#$e#ถ้าการขุดหินเริ่มจะยากแล้วละก็ เธอคงอยาก ที่จะอัปเกรดอีเต้อของเธอ ฉันช่วยได้นะ",
  "GreenRain": "เหตุการณ์แบบนี้แหละ ที่จะเป็นบททดสอบ ตัวตนที่แท้จริงของคน#$e#ฉันจะช่วยให้เอ... ฉันหมายถึง ฉันจะช่วยให้ทุกคนปลอดภัยจากฝนพิษเอง!",
  "GreenRainFinished": "เฮ้อ นั่นน่าผิดหวังน่าดู แล้วฉันก็คิดว่า ในที่สุดฉันจะมีโอกาสได้เป็นฮีโร่เสียที ก็นะ... กลับไปลับดาบ",
  "GreenRain_2": "ฉันรู้สึกไม่ดีเลยที่จะยอมรับ แต่บางครั้งฉันก็หวัง ว่ามันจะเกิดภัยพิบัติจริงๆ ไม่ใช่แค่ฝนสีเชียวโง่ๆ#$b#เกิดอะไรที่จะล้มทุกอย่าง รู้ไหม?#$b#ไม่ใช่ว่า ฉันอยากให้ใครต้องบาดเจ็บหรอกนะ...#$b#ฉันแค่อยากรู้สึกมีชีวิต... รู้สึกเหมือนว่าฉันมีเป้าหมาย...",
  "mineArea_121": "น่าสนใจ มีเกล็ดอิริเดียม บนอีเต้อของเธอด้วย... เธอไปเหมืองทะเลทราย มาใช่ไหมเนี่ย?#$e#ฉันอยากหลอมแร่อิริเดียมมานานแล้ว หาได้ไม่ง่ายหรอกนะเนี่ย",
  "eventSeen_101_memory_oneweek": "เอมิลีพูดอะไรเกี่ยวกับเดตของเรา เมื่อวันก่อนบ้างไหม?#$b#เดี๋ยว อย่าเพิ่งบอก... ฉันไม่รู้ดีกว่า บางทีฉันอาจจะยังเก็บความสง่างาม ของตัวเองไว้ได้บ้าง$s",
  "dating_Emily": "ฉัน... เอ่อ... ได้ยินมาว่าเธอกับเอมิลีคบกันอยู่ ยินดีด้วยนะ$s",
  "married_Emily": "%Clint กำลังมองพื้น และไม่ยอมพูดอะไรกับคุณ",
  "divorced_Emily": "ช่วงนี้ฉันรู้สึกมีความหวังแปลกๆ ละ",
  "Resort_Entering": "ฉันจะใส่กางเกงแดงตัวเก่ง น่าจะดูเด่นเตะตามากเลย",
  "Resort_Leaving": "อ่า ไม่เหมือนที่คิดไว้ เท่าไรแฮะ...",
  "Resort_Shore": "ไม่นะ... ฉันลืมตัดเล็บเท้า$s",
  "Resort_Shore_2": "คิดว่าการทำงานหน้าเตา จะทำให้ฉันทนความร้อน แบบนี้ได้ดีซะอีก แต่ตอนนี้ เหงื่อฉันออกในที่ ที่ไม่เคยคิดว่ามันจะออกได้ มาก่อนเลย$s#$e#หวังว่าจะไม่มีใคร สังเกตเห็นนะ...#$e#%ตัวของคลินท์ ส่องประกายวิบวับ...",
  "Resort_Chair": "โอ๊ย... ทั้งตัวฉัน ไหม้จนกรอบแล้วเนี่ย$s",
  "Resort_Bar": "หิวโซเลย...$s",
  "Resort": "*เฮ้อ*... ทุกคนก็อยู่ที่ชายหาด แต่ฉันก็ยังรู้สึก เหงาจับใจ...$s",
  "reject_868": "หืม... หินนั่นน่าสนใจดีนะ ไม่เคยเห็นมาก่อนเลย#$b#แต่ก็ไม่รู้ว่า จะเอาไปทำอะไรดีแฮะ ฉันคล่องแต่เรื่องบ้านๆ ส่วนเวทมนตร์นี่ จนปัญญาเลยแหละ...",
  "cc_Minecart": "ยังไงก็เถอะ ระบบรถรางเหมืองเก่า ก็กลับมาทำงานได้อีกครั้ง สะดวกต่อการเดินทางเข้า และออกเหมืองมากๆ เลย#$b#แต่ก็อย่าเสพติด ความสบายซะล่ะ ถ้าระบบรถรางนี้ เริ่มทำงานได้ทันควัน มันก็อาจจะหยุดทันที ได้เหมือนกัน...",
  "Mon": "แม่นแล้ว ฉันเป็นช่างตีเหล็ก#$e#พ่อฉันก็เป็นช่างตีเหล็ก#$e#ส่วนปู่ฉันก็เป็นเหมือนกัน$u#$q 9/9 Mon_old#ฉันว่าเธอเดาไม่ถูกแน่ ว่าปู่ทวดฉันทำอาชีพอะไร...#$r 9 30 Mon_9#ช่างตีเหล็ก#$r 9 50 Mon_clown#ตัวตลกติงต๊อง#$r 9 -50 Mon_rude#เจ้าโง่จอมประชดประชัน",
  "Mon_old": "ใช่แล้ว ปู่ทวดฉัน ก็เป็นช่างตีเหล็กเหมือนกัน",
  "Mon_9": "เธอรู้ได้ยังไงล่ะเนี่ย?$u",
  "Mon_clown": "ฮ่าๆๆๆ มุกเด็ด$h",
  "Mon_rude": "โว้ว นั่นหยาบคายนะ ฉันแค่เล่นมุกขำๆ แต่เธอทำเลยเถิดไปไกลนะ",
  "Mon4": "ดีใจซะเถอะที่เธอเป็นชาวไร่ @ ได้ทำงานนอกบ้าน ดีกว่าต้องมาอยู่ หน้าเตาหลอมร้อนๆ ตลอดทั้งวัน#$e#ส่วนฉันเป็นช่างตีเหล็ก เพราะพ่อบังคับเท่านั้นแหละ",
  "Tue": "ถ้าอยากให้ฉันอัปเกรดอุปกรณ์ เธอต้องเอาแร่ ที่ถูกชนิดมาให้นะ#$e#และแน่นอนว่า ต้องจ่ายค่าแรงด้วย",
  "Wed": "เฮ้ เธออยากได้อะไรล่ะ?",
  "Wed6": "อ้าว สวัสดี @ ถ้าตัวฉันมอมแมมไปหน่อย ก็ขอโทษด้วยนะ ฉันทำงานอยู่หน้าเตา ตั้งแต่เช้าแล้วล่ะ$h#$e#ว่าแต่เธอต้องการอะไรไหม หรือแค่มาเยี่ยมฉันเฉยๆ ?",
  "Thu": "ช่วงนี้กิจการไม่ดีเลย#$e#เธอน่าจะมา อัปเกรดเครื่องมือบ้างนะ เพราะฉันจะได้มีเงินใช้",
  "Thu8": "ฉันได้ยินว่าเอมิลีมีเพื่อน ที่อาศัยอยู่ในทะเลทราย รู้อะไรเกี่ยวกับเธอบ้างไหม?#$e#สงสัยจังว่าเธอยังโสดไหม...$s",
  "Fri": "อากาศมันไม่ได้สำคัญอะไร กับฉันหรอก เพราะปกติก็อยู่แต่ในร้านทั้งปี#$e#ฟังดูน่าหดหู่สินะ หืม?",
  "Fri8": "ฉันควรเก็บเงินซื้อคอมพิวเตอร์...#$e#บางทีฉันอาจจะได้เจอแฟนใน 'อินเทอร์เน็ต' ก็ได้...$s#$e#อะไร? อย่ามาตัดสินกันนะ! ไม่ใช่ทุกคนจะเป็นชาวไร่ที่เท่ หน้าตาดี  แล้วก็ปรับตัว เข้ากับสังคมเก่งหรอกนะ รู้ไหม!$u#$e#ผู้ชายแบบฉัน จะต้องทำยังไงกันล่ะ? *ทำเสียงโอดครวญ*$s",
  "Sat": "บางครั้งก็สงสัยนะว่าฉัน มาลงหลักปักฐานอยู่เมืองนี้ ได้ยังไงกัน$u",
  "Sat6": "บ้าจริง ฉันแก่เกินกว่า จะทำเรื่องน่าตื่นเต้นแล้วล่ะ ชีวิตฉันก็ทำแต่งานร้อนๆ ตัวเปียกเหงื่อทั้งปี กับเจ้าพวกเตาหลอมพวกนี้ไง",
  "Sat10": "เครื่องไม้เครื่องมือเป็นยังไงบ้าง?#$b#ถ้าต้องซ่อมเมื่อไหร่ แค่แวะมาที่ร้านของฉันละ ฉันรับประกันเครื่องมือพวกนี้ ตลอดชีพเลย!",
  "Sun": "ไม่มีงานทำเรอะ?",
  "Sun4": "เครื่องมือของเธอ ยังใช้งานได้ดีอยู่ใช่ไหม?",
  "Sun8": "ฉันไม่รู้ว่าผู้คนรู้ หรือสนใจเรื่องนี้ไหม แต่ฉันภูมิใจกับงานที่ฉันทำมาก#$e#คือ... ตอนฉันยังเป็นเด็ก ฉันไม่ได้ฝัน ว่าอยากเป็นช่างตีเหล็กหรอก แต่นั่นเป็นสิ่งที่ฉันเป็น และฉันก็อยากจะเป็นช่างตีเหล็ก ที่ดีที่สุดที่ฉันจะเป็นได้",
  "event_advice1": "โอเค... ฉันจะจำไว้ให้ขึ้นใจ",
  "event_advice2": "นั่นล่ะคือปัญหา... ฉันทำตัวเหมือนปกติ... แต่ไม่เคยจะสำเร็จเลย$s",
  "Mon8": "ไม่อยากจะพูดออกมาเลยสักนิด แต่บางครั้งฉันก็ดีใจ ที่พ่อบังคับให้มาเป็นช่างตีเหล็ก อย่างน้อยฉันก็มีอาชีพ#$e#ถ้าฉันไม่มีงานทำ ฉันคงใช้เวลาทั้งวัน ไปกับการนั่งสมเพชตัวเองแล้ว$s"
}
