{
  "Introduction": "เฮ้ เจ้าทำเหมืองเก่งดีนี่ ในฐานะที่เป็นมนุษย์น่ะ",
  "AcceptBirthdayGift_Positive": "โอ้! ข้าเคยอ่าน เกี่ยวกับประเพณีนี้... มันคือ 'ของขวัญวันเกิด' ใช่ไหม? อืมม น่าสนใจจริงๆ...",
  "AcceptBirthdayGift_Negative": "โอ้! ข้าเคยอ่าน เกี่ยวกับประเพณีนี้... มันคือ 'ของขวัญวันเกิด' ใช่ไหม?#$b#งั้น ส่วนหนึ่งของประเพณีนี้ คือการเอาขยะ มามอบให้งั้นรึ?",
  "GreenRain": "ข้ามองสีเขียว ได้ไม่ค่อยชัดเท่าไร#$b#ข้าว่า ส่วนหนึ่งคงเป็นเพราะ การอาศัยอยู่ใต้ดิน มาอย่างยาวนาน",
  "AcceptGift_(O)StardropTea": "*ดมกลิ่น*... นี่นมรึ? *จิบ*... หืมม... รสชาติดีทีเดียว",
  "Mon": "ข้าได้ทั้งหมดนี่ มาจากพื้นผิวโลก แค่ไปเอามาจากคนพวกนั้น ในตอนกลางคืนน่ะ#$e#หืมม? แนวคิดที่เจ้าเรียกว่า\"ทรัพย์สินส่วนตัว\" คืออะไรรึ?",
  "AcceptGift_milk_item": "อา 'นม'... *เลียปาก*... น่าสนใจจริงๆ บอกข้าอีกครั้งที... น้ำผลไม้นี้มากจากที่ใด?#$b#...!!! *ตะลึง*",
  "Tue": "อ่า... สตูแคร์รอตถ้ำ แคร์รอตถ้ำย่าง ซุปแคร์รอตถ้ำ และแคร์รอตถ้ำอูกราแตง#$e#...แล้วก็ขนมบรูว์เล แคร์รอตถ้ำจานเล็ก ทำให้ค่ำคืนนี้หอมหวาน#$e#อะไรรึ?",
  "firstVisit_IslandNorth": "ถ้าเจ้าเข้าไปใน ภูเขาไฟบนเกาะขิง เจ้าอาจจะได้พบกับ ตัวข้าอีกคน ไม่ต้องตกใจไป! พวกเราเป็นมิตรกับมนุษย์",
  "mineArea_121": "เจ้ารู้ไหม เจ้าถือว่าเก่งกาจ ในการขุดเหมือง ในฐานะที่เป็นมนุษย์",
  "fishCaught_158": "โอ้ เจ้าจับปลาหิน (Stonefish) ได้รึ? ข้ารู้จักมันดีเลยล่ะ บางทีพวกเรา ก็เลี้ยงมันเป็นสัตว์เลี้ยง",
  "fishCaught_161": "โอ้ เจ้าจับปลาไอซ์พิพ (Ice Pip) ได้รึ? พวกมันเป็นปลาตัวเล็ก ที่กระตือรือร้น แม้ว่าพวกมันจะอาศัย อยู่ในสภาพแวดล้อม ที่เย็นยะเยือก เผ่าพันธุ์ของข้า หลีกเลี่ยงพื้นที่เยือกแข็ง... ก็มันหนาวเกิน!",
  "fishCaught_162": "โอ้ เจ้าจับปลาไหลลาวา (Lava Eel) ได้รึ? ทำได้ดีมาก ! การจับปลาไหลลาวา เป็นส่วนสำคัญ ในวัฒนธรรมของเรา   พวกมันเป็นอาหารอันโอชะ!",
  "firstVisit_Caldera": "เจ้าพบเตาหลอมในตำนาน ของเผ่าคนแคระ แล้วอย่างนั้นรึ? เหลือเชื่อมาก... ข้ายังไม่เคยเห็นมัน ด้วยตาตัวเองเลย#$e#กลไกมันเก่าแก่มาก คนของข้าก็ยังไม่มีใครเข้าใจ ว่ามันทำงานอย่างไร แต่มันต้องเป็นเทคโนโลยี ของคนแคระอย่างแน่นอน",
  "Wed": "ไง อยากซื้ออะไรไหม?",
  "Wed_6": "เมื่อนานมาแล้ว ผู้คนของข้าต่างล่วงรู้ ถึงความลับของเทคโนโลยี อันล้ำหน้า หลักฐานทางโบราณคดี ได้ยืนยันไว้เช่นนั้น#$e#ข้าเองก็อยากรู้ ว่ามันมาจากไหน? และไปไหนหมดแล้ว? ข้าว่าบางคำถาม ก็คงไม่มีคำตอบเป็นแน่...",
  "Thu_4": "ข้ารู้สึกสบายขึ้นเมื่ออยู่ใต้ดิน#$e#ยิ่งลึกเท่าไร ก็ยิ่งดีนะ",
  "Fri": "เจ้าไม่เคยเห็นคนแคระ มาก่อนใช่ไหม?",
  "Sat_8": "เหมืองอาจจะเป็น ที่ที่สร้างความลำบาก ให้เจ้าได้ ระวังตัวด้วยสหาย!",
  "Sat": "ในเหมืองมันอันตราย ทำไมไม่ซื้อของจากร้านข้า เพื่อความปลอดภัยของเจ้าล่ะ",
  "Sun": "สักวันหนึ่งเจ้าต้องบอกข้า เรื่องเครื่องดื่มที่เจ้าเรียกว่า \"นม\"",
  "Thu": "เจ้าไม่ใช่สายลับ ที่มนุษย์เงาส่งมาใช่ไหม?#$e#ข้าจะคอยจับตาดูเจ้าไว้",
  "Fri_2": "คนส่วนใหญ่ กลัวสิ่งที่ไม่รู้จัก... นั่นเป็นเหตุผลที่ข้า ซ่อนร้านไว้ที่นี่#$e#ทักษะการขุดเหมืองของเจ้า พิสูจน์ว่าเจ้านั้น น่าเชื่อถือได้"
}
