{
  "Introduction": "อ้อ เจ้าของไร่คนใหม่ ที่เราต่างพากัน ตั้งหน้าตั้งตารอ... ผู้ซึ่งมาพร้อมกับ หัวข้อในการสนทนา อันร้อนแรงมากมาย!#$b#ผม เอลเลียต... ผมพักอยู่ในกระท่อมเล็กๆ ตรงชายหาด เป็นเกียรติมากที่ได้พบคุณ",
  "AcceptBirthdayGift_Positive": "นับเป็นเกียรติของผมจริงๆ ที่คุณจำวันเกิดของผมได้! ขอบคุณนะครับ!$h",
  "AcceptBirthdayGift_Negative": "อีกปีผ่านไป อีกปีที่ผมเริ่มหงอก... ผมคิดว่าของขวัญชิ้นนี้ สามารถใช้ไว้อาลัย ให้กับความโรยราของผม$s",
  "AcceptGift_(O)StardropTea": "อา ของขวัญนี่มัน! แค่กลิ่นก็ สร้างแรงบันดาลใจแล้ว...",
  "FlowerDance_Accept": "แน่นอน... นับเป็นเกียรติของผม! ผมกำลังตั้งตาคอยเลยครับ$h",
  "AcceptGift_forage_item_beach": "อา คุณได้ไปลองคุ้ยทราย ที่หาดมาแล้วใช่ไหมครับ... เป็นงานอดิเรกที่ดีนะ! ขอบคุณ",
  "AcceptGift_book_item": "อา หนังสือ... ใช่แล้ว บางทีบทร้อยแก้ว ที่อยู่ในหน้ากระดาษพวกนี้ อาจจะมอบมุมมอง เชิงลึกใหม่ๆ ให้ก็ได้ ขอบคุณ",
  "AcceptGift_(O)814": "อา ขวดน้ำหมึกชั้นดี นักเขียนไม่ค่อยมีกัน มากนักหรอกครับ... และมันก็ค่อนข้างแพง! ขอบคุณครับ!$h",
  "AcceptGift_(O)444": "สิ่งนี้คงเอาไปทำ ปากกาขนนกที่สวยงามได้! ผมรู้สึกได้แรงบันดาลใจเลย...$h",
  "SquidFest": "หายากนะครับ ที่จะเห็นคนมากมาย มาที่ชายหาดกัน ทั้งหมดล้วนแล้วแต่เป็น ความรักที่มีต่อหมึก!",
  "firstVisit_ElliottHouse": "อา... ต้องขออภัยที่กระท่อมของผม ไม่ค่อยจะเรียบร้อยเท่าไร ผมไม่คิดว่าจะมีใครเข้ามา!",
  "AcceptGift_(O)154": "อ๊าก มันยังดิ้นอยู่เลย! เอาของน่ารังเกียจนี่ ไปให้พ้นจากผม!$6 [154]",
  "AcceptGift_(O)155": "อ๊าก มันยังดิ้นอยู่เลย! เอาของน่ารังเกียจนี่ ไปให้พ้นจากผม!$6 [155]",
  "dating_Elliott": "ผมแค่หวังว่า จะได้มอบช่อดอกไม้ ให้กับคุณก่อน!$l",
  "dating_Elliott_memory_oneday": "%เอลเลียตกระซิบ ความลับที่แสนหวาน ข้างหูของคุณ",
  "married_Elliott": "คุณเด็ดดอกไม้ ที่งดงามที่สุด ในเมืองเพลิแกนมาแล้ว... ทีนี้คุณก็ต้องดูแลมัน ด้วยทั้งหมดที่มีในหัวใจ",
  "wonIceFishing": "เอ้อ แม้ไม่ได้เป็นที่ 1 ของนักตกปลาน้ำแข็ง! มันก็ถือว่าเป็นการแสดงฝีมือ ที่น่าสนใจดีนะครับ$h#$e#ผมคงไม่มีโอกาสหรอกครับ แต่ผมมักร่วมแข่งเป็นเกมกีฬา",
  "purchasedAnimal_Duck": "คุณรู้ไหมครับ? ว่าขนเป็ด สามารถนำมาทำ ปากกาขนนก ได้ยอดเยี่ยมเลย",
  "eventSeen_39": "คุณช่วยได้มากเลยครับ... ที่นี้ ผมก็แค่ต้องคิด...",
  "eventSeen_40_memory_oneday": "เมื่อวันก่อน ผมได้มีเวลาดีๆ ที่บาร์... แม้ว่าตับของผม อาจจะยังไม่ค่อย กระปี้กระเปร่าเท่าไรนัก...",
  "Resort_Entering": "ประสบการณ์ประทับใจไม่รู้ลืม!",
  "Resort_Leaving": "ไว้เจอกันใหม่ ที่หุบเขานะครับ",
  "Resort_Leaving_2": "หวังว่าพวกปูจะไม่แอบเข้ามา ในกระเป๋าของผมอีกนะ$s#$b#ลองนึกภาพ ตอนไต่ออกจากกระเป๋า แล้วพบว่าตัวเองอยู่บนชายหาด ที่ห่างจากบ้าน เป็นร้อยไมล์ดูสิ!$h#$e#อืมมมม... บางทีอาจจะเอาไปเขียน เป็นนิยายที่น่าสนใจได้นะ...",
  "Resort_Chair": "ผมกำลังพักเบรคน่ะ จะได้ทาน้ำมันมะพร้าว ลงบนตัวสักหน่อย$h",
  "Resort_Bar": "กัส ผมจะเลี้ยงทุกคนเอง!#$b#*อึ๊ก*... โอ้... ผมไม่มี ง.เงินนี่นา$s#$b#เฮะๆ... ช่างปะไร!",
  "Resort_Wander": "ผมได้ยินข่าวลือว่า ตอนกลางคืนมีโจรสลัด มาที่ท่าเรือแถวนี้ ได้ยินมาว่า ป่าเถื่อนพอตัวเลยล่ะ!",
  "Resort": "ผมต้องยอมรับ ชายหาดนี้พัดเอา ความอ่อนน้อมถ่อมตน ของผมหายไปกับน้ำเลยล่ะ",
  "Resort_2": "โอ้ แย่ล่ะ! สาหร่ายมันพันผมของผม#$e#ปัญหาของ การพักผ่อนริมหาดอ่ะเนอะ",
  "FlowerDance_Accept_Spouse": "ได้สิ... ผมจะปฏิเสธใบหน้าอ่อนโยนใจดี แบบนั้นลงได้ยังไงกัน? เป็นอ้อมกอดแห่งสัมผัส อันแสนหวานของฤดูใบไม้ผลิ สินะ?",
  "FlowerDance_Decline": "โทษทีนะ... ไม่ใช่วันนี้$s",
  "divorced": "...$s#$e#ทำไมคุณถึงได้ ทรมานผมอย่างงี้? คุณไม่เห็นจะต้อง มาทำลายความเชื่อใจ และความฝันทั้งหมด ของผมเลย?$s",
  "dumped_Guys": "ไปให้พ้น ผมไม่อาจทน มองคุณได้อีกแล้ว$s",
  "secondChance_Guys": "คุณทำให้ผมเจ็บปวด เกินกว่าที่จะวัดได้... แต่ผมยินดี ที่จะทิ้งอดีตของเรา ไว้ข้างหลัง$s",
  "breakUp": "อา... ช่อดอกไม้ร่วงโรย ภาพที่ผมเคยหวัง ว่าจะไม่มีวันได้เห็น...$s#$b#ผมหวังว่าคงจะมี เส้นขอบฟ้าแห่งอื่น ที่ให้ผมได้ทอดสายตา ไปยังที่นั่นแทน...$s",
  "Mon": "ตัวผมยังใหม่ กับเมืองนี้มากครับ แต่ก็รู้สึกเหมือนได้ อยู่บ้านจริงๆ เลย$h#$e#ผมเพิ่งจะย้ายมาที่นี่ ก่อนคุณแค่ปีเดียวเท่านั้นเอง",
  "Mon4": "ผมหวังว่า คุณจะรู้สึกว่าที่นี่คือ 'บ้าน' นะ",
  "Tue": "ความคิดดีๆ มักจะมาในเวลาที่คุณ ไม่ได้คาดคิดเสมอครับ... แต่ถ้าใจคุณยังว้าวุ่น คุณก็จะพลาดมันได้#$e#เอาล่ะ ผมต้องกลับไปทำงาน จริงๆ แล้วล่ะ",
  "Tue6": "เสียงปากกา ที่จรดลงบนกระดาษ เป็นเหมือนกับเสียงดนตรี จากจิตวิญญาณของผม$u#$b#ที่ผมเลือกอาศัยอยู่ริมหาด ก็เพื่อจะได้อยู่ อย่างเงียบสงบ ในการทำงานน่ะครับ",
  "Wed": "ป่าเป็นสถานที่ ที่น่าอัศจรรย์ใจมาก คุณได้ไปมารึยังครับ?",
  "Wed8": "ขอโทษนะ วันนี้ผมอารมณ์ไม่ค่อยดีเลย$s#$e#ผมหวังว่าอนาคตของผม จะแน่นอนกว่านี้$s#$e#ผมไม่อยากจะแก่ลงเป็นฤๅษี ผู้โดดเดี่ยว บนชายหาดนี่หรอกนะ...$s",
  "Thu2": "ผมไม่สามารถหา แรงบันดาลใจ ที่จะเริ่มเขียนนิยายได้เลย...$s",
  "Thu4": "ผมรู้สึกว่าผมเริ่มมีความหวัง บางทีอาจเป็นเพราะ อากาศเปลี่ยนแปลง",
  "Thu6": "บางครั้ง ผมก็เพ้อนึกสภาพตัวเอง ตอนที่ไม่มีทักษะพิเศษ อะไรเลย...$s#$e#ไม่ ไม่ ผมไม่ได้ตกปลา เพียงเพื่อคำชมหรอกนะ ถึงแม้ว่าพวกเขา ก็ยังคงชื่นชมผมอยู่ก็ตาม...",
  "Thu8": "#$1 elliottApol#มันรู้สึกเดียวดาย บนชายหาดแห่งนี้... ผมขอโทษ ถ้าผมเคยล่วงเกินคุณ ตอนเจอกันครั้งแรก ผมแค่อยากมีเพื่อน$k#$e#มันรู้สึกดีนะ ที่มีเพื่อนสนิทแบบคุณ",
  "Thu": "สวัสดี @#$e#สบายดีรึเปล่า?",
  "Fri": "อากาศบริสุทธิ์ของหุบเขา เป็นสิ่งที่ดีสำหรับร่างกาย และจิตใจ#$e#การเดินเร็วๆ เป็นการเติมพลัง ของผมเลยนะ",
  "Fri4": "อ๊ะ... อย่าเอาคบเพลิงเข้ามา ใกล้ผมของผมสิครับ",
  "Fri8": "ผมขอสารภาพ... ผมใช้เวลาหลายชั่วโมง ทุกเช้า ในการทำให้ทรงผมดูดี",
  "Sat": "คุณอาจจะไม่ชอบ ข้างในกระท่อมของผม มันมืดและเต็มไปด้วย แมงมุม",
  "Sat4": "ผมขอโทษด้วยกับสภาพ ในกระท่อมของผม",
  "Sat6": "บางคนก็ขี้อาย โดยเฉพาะเวลาที่ เขาต้องแสดงความรู้สึก ว่ากำลังสนใจ และรู้สึกสบายใจ เมื่ออยู่ใกล้คุณ#$e#ทุกคนอยากมีเพื่อน แม้แต่ช่างเหล็กขี้โมโหนั่น ก็เหมือนกัน",
  "Sun": "สวัสดี ผมหวังว่า การทำฟาร์มของคุณ จะสำเร็จราบรื่น อย่างที่คุณหวังล่ะนะ?",
  "Sun6": "โอ้ @! ผมหวังว่า คุณจะแสดงให้เห็นได้นะ#$e#ดีใจที่ได้เจอคุณเสมอ$h",
  "event_idea1": "ลึกลับ เหรอ? มันก็เป็นแนวที่น่าตื่นเต้น ผมจะจำไว้",
  "event_idea2": "อา ก็เป็นแนวที่คลาสสิกอยู่นะ ผมจะจำไว้นะ",
  "event_idea3": "ผมไม่เคยคิดมาก่อนเลยครับ! ผมว่า แม้แต่พวกที่ยึดติดกับโลก บางครั้งก็ต้องคิดถึงดวงดาว บ้างเหมือนกัน$h#$b#ผมจะจำมันไว้ครับ",
  "event_boat1": "... ผมกังวล คุณอาจไม่รู้สึกแบบนี้ กับผู้ชายคนอื่น$l^ผมก็เหมือนกัน$l",
  "event_boat2": "โอ้! ผมขอโทษ$8%fork",
  "event_toast1": "ก็...โอเค#$b#แด่ @!",
  "event_toast2": "เป็นความคิดที่ดี!$h#$b#แด่พวกเรา!",
  "event_toast3": "ฮึ่ม...ลืมๆ มันไปเถอะ",
  "event_toast4": "อา เพื่ออนาคตแห่งความสามัคคี ของชุมชน... เป็นความคิดที่ดีอะไรขนาดนี้#$b#แด่เมืองเพลิแกน!",
  "summer_Mon": "แสงอาทิตย์อันอ่อนโยน ปลุกผมในตอนเช้า ไม่เคยรู้สึกสดชื่นขนาดนี้ มาก่อนเลย$u#$e#ขอโทษที ถ้ามันไม่ใช่เรื่องน่าสนใจ สำหรับคุณ",
  "summer_Mon4": "ผมรู้ ผมเหมือน 'คนประหลาด'#$e#หวังว่า คุณจะไม่รังเกียจนะครับ$h",
  "summer_Mon6": "@ ผมรู้ว่าคุณ เชื่อมั่นความสามารถ ในการเป็นนักเขียนของผม มันมีความหมาย สำหรับผมมากนะ$h",
  "summer_Tue": "ผมเจอเปลือกหอยสวยๆ ที่หน้าบ้าน#$e#ผมเดาได้ว่ามันต้องเป็น สายพันธุ์ที่ทั้งหายาก และมูลค่าสูงมากแน่ๆ",
  "summer_Tue6": "ผมเขียนเพราะหวัง จะได้เชื่อมโยง ผู้คนผ่านกาลเวลาครับ$u#$e#*ถอนหายใจ*... เมื่อเวลาผ่านไป ก็คงจะไม่มีใคร อ่านอีกต่อไปแล้วล่ะ ผมว่า",
  "summer_Wed": "มันต้องเป็นเรื่องน่าภูมิใจ มากเลยนะครับ การได้เห็นเมล็ดพันธุ์ที่หว่าน ค่อยๆ เติบโตเป็นพืชผล ให้เก็บเกี่ยว#$e#ยิ่งถ้าคุณใส่ความตั้งใจลงไป ในผลไม้พวกนั้นด้วย$u",
  "summer_Thu": "โอ ให้ตายเถอะ! ทรายเข้ารองเท้าผมเต็มเลย$s#$e#นี่แหละปัญหาของการ ใช้ชีวิตริมหาด",
  "summer_Fri": "@? คุณดูมึนๆ นะ#$b#ผมคิดว่าน่าจะเป็นเพราะ อากาศร้อน ที่ทำให้คุณเวียนหัว",
  "summer_Sat": "วันนี้แดดแรงจริงๆ เลย... ผมเกรงว่าผิวของผม ออกจะบอบบางเกินไปน่ะครับ",
  "summer_Sun": "คุณเดินมาตั้งไกล เพื่อที่จะมาคุยกับผมเหรอ? ช่างเป็นคนดีจัง$h",
  "summer_Sun4": "มาหาผมที่กระท่อม ได้ทุกเวลาเลยนะครับ เผื่อผมจะมีอะไร ให้คุณช่วยบ้าง$h",
  "fall_Mon": "สวัสดีครับ @#$e#อย่าลืมพักผ่อนบ้างนะครับ ทั้งตอนนี้แล้วก็ หลังจากนี้ด้วย",
  "fall_Mon4": "อยากพักจากงานหนัก ก็มาหาผมได้นะครับ$h#$e#ผมอยู่บ้านเสมอแหละ",
  "fall_Tue": "มีเรื่องเล่าขานกันว่า เรือของโจรสลัดที่บรรทุกทอง ที่ปล้นมาจนเต็มลำนั้น จมดิ่งอยู่ ณ ที่แห่งนี้ มานานหลายศตวรรษแล้ว",
  "GreenRain": "ตอนนี้อย่าเพิ่งตื่นตระหนกไป... กัส! ผมขอเลี้ยงเครื่องดื่มทุกคน เพื่อปลอบประโลมความเครียด!%noturn",
  "GreenRain_2": "อ่า อีกหนึ่งวันในหุบเขา ที่ไม่เหมือนที่ไหน จะบอกว่าเร้าใจ ก็ยังน้อยไปเลย!",
  "fall_Tue8": "@ ผมกำลังคิดถึงคุณอยู่เลย$l#$e#บางทีคุณอาจจะรู้สึกก็ได้นะ$h#$e#เพราะงั้น! วันนี้คุณเป็นไงบ้าง? เล่ามา!",
  "fall_Wed8": "ผมไม่รังเกียจ ที่จะต้องทำไร่หรอกนะครับ#$e#บรรยากาศแสนสงบของฟาร์ม จะต้องสร้างแรงบันดาลใจ ได้ดีแน่ๆ คิดแบบนั้นไหมครับ?$h",
  "fall_Thu": "โอ๋ๆ เจ้าปูน้อย จะมาสร้างบ้านในกระเป๋าเสื้อ ของผมเหรอเนี่ย$l#$e#นี่ล่ะน้า ปัญหาของคนที่อาศัยอยู่ที่ ชายหาดแบบผมล่ะ",
  "fall_Fri4": "ขาของผมมันตึง จากการนั่งเขียนหนังสือ มาทั้งคืนเลยน่ะครับ$s#$e#บางครั้ง ผมก็แอบอิจฉาคุณนะเนี่ย @",
  "fall_Fri": "ขาของผมมันตึงๆ จากที่นั่งเขียนหนังสือ ทั้งเช้าเลยเนี่ย$s",
  "fall_Fri10": "@ เมื่อคุณอยู่ข้างกายผม ผมรู้สึกว่าสมองผม แล่นเป็นพิเศษ$l#$e#ผมรู้ว่ามันแปลก แต่มันเป็นเรื่องจริง",
  "fall_Sat": "ยาฮู้ ช่วงลมแรงที่สุดของปี มันมาหาผมแล้ว!$h",
  "fall_Sun": "ผมต้องไม่ลืมที่จะรดน้ำ เหล่าต้นไม้ของผมวันนี้ และรอบนี้ต้องไม่เผลอไปใช้ น้ำทะเลรดมันเด็ดขาด!",
  "winter_Mon": "คุณมาหาผม ทั้งที่อากาศหนาวๆ เลยนี่นะ?#$e#มันช่วยให้ผม จากความเปล่าเปลี่ยว ในการทำงานทุเลาลง ได้เลยครับ",
  "winter_Mon4": "@ คุณฝ่าหิมะมา เพียงเพื่อพบผมงั้นเหรอ?#$e#ผมรู้สึกเป็นเกียรติเลยล่ะ",
  "winter_Tue": "คนเราได้ออกหากินกับทะเล มาหลายพันปีแล้วนะ#$e#ส่วนผมก็แค่เดินไป ร้านสะดวกซื้อ$s",
  "winter_Tue10": "@ ผมมีความรู้สึกว่า คุณน่าจะแวะมาหา#$e#บางทีเราอาจจะคู่กัน มาตั้งแต่ชาติปางก่อน$l",
  "-winter_Wed": "แต่ละวันของคุณ จะไม่น่าเบื่อเลย ถ้าคุณมีไอเดียแปลกๆ โผล่เข้ามาในความคิดของคุณ$u#$e#อืม... ขอโทษทีนะ นี่ผมพูดอะไรไร้สาระ ออกมาหรือเปล่า?",
  "winter_Thu": "หายใจเข้าลึกๆ สิ รู้สึกไหม? นี่คือกลิ่นของทะเลยังไงล่ะ#$e#มันทำให้คุณรู้สึกยังไงบ้าง?",
  "winter_Thu6": "หายใจเข้าลึกๆ สิ คุณได้กลิ่นของทะเลไหม?#$e#เวลาที่ผม ได้กลิ่นของทะเลทีไร ก็นึกถึงตอนเด็กๆ ทุกที ผมน่ะประทับใจ มหาสมุทรมาตั้งแต่เด็กๆ แล้วล่ะครับ",
  "winter_Fri": "ผมต้องหมั่นหวีผมทุกวัน ไม่อย่างนั้นมันจะพันกัน ยุ่งไปหมด#$e#มันเป็นงานที่ ยิ่งใหญ่มากเลยนะ#$e#ผมก็แปลกใจตัวเองเหมือนกัน ที่ยังไม่โกนมันทิ้งไปซะ#$e#ผมว่า ผมชักจะไร้สาระเกินไปแล้ว",
  "winter_Sat": "ผมกำลังออกกำลังกายนิดๆ หน่อยๆ เพราะข้างนอกมันหนาว จนไม่น่าออกไปเดินเล่นน่ะ#$e#ขอโทษนะ ในกระท่อมนี่อาจจะชื้นไปนิด",
  "winter_Sun": "วันนี้ผมควรจะขัดพื้นจริงๆ แล้วนะเนี่ย ตะไคร่น้ำ เริ่มเกาะพื้นแล้วแฮะ$s#$e#คุณจะว่างมาช่วยผมไหมครับ?"
}
