{
  "Introduction": "โอ้!... ฉันสามารถอ่านได้จาก สีหน้าของเธอ เธอจะรู้สึกรักเมืองเพลิแกน#$b#ถ้าเธออยาก หาอะไรทำในช่วงเย็น ลองแวะมาที่ซาลูนสิ ฉันทำงานอยู่ที่นั่น",
  "AcceptBirthdayGift_Positive": "โอ้ เธอจำวันเกิดของฉันได้ด้วย! ขอบใจนะ @! เธอใจดีจังเลย$h",
  "AcceptBirthdayGift_Negative": "โอ้ เธอจำวันเกิดของฉันได้ด้วย! ขอบใจนะ @! เธอใจดีจั--$h#$b#...*ดมกลิ่น*...*ดมกลิ่น*... นั่นกลิ่นอะไรน่ะ?$s#$b#... นี่มันอะไร...?$s",
  "FlowerDance_Accept": "ได้สิ ฉันก็อยากเต้นกับเธอ @!$h#$e#ฉันตื่นเต้นแล้วตอนนี้... นี่ต้องสนุกมากแน่เลย!",
  "AcceptGift_(O)StardropTea": "ว้าว ขอบคุณนะ! ฉันได้ยินมาว่า ถ้าเธอดื่มชานี่ก่อนนอน ความฝันของเธอจะแจ่มชัดละ",
  "AcceptGift_(TR)ParrotEgg": "โอ้ ดีเลย ยังอุ่นอยู่... น่าสงสารจัง แม่ไปไหนนะ? *กระซิบ* ...ฉันจะเป็นแม่ให้เจ้าเองนะจ๊ะ ไม่ต้องห่วง... เจ้าตัวน้อยที่น่าสงสาร$s#$b#ฉันดีใจที่เธอพามันมาให้ฉันนะ @ ฉันจะดูแลมันอย่างดีสุดๆ เลย",
  "AcceptGift_(O)68": "$c 0.5#โอ้ ว้าว... ขอบคุณนะ! สีนี้สื่อถึงอารมณ์ของฉัน ในวันนี้ได้ตรงเป๊ะเลย$h#พลังงานอับอบอุ่น ที่ชวนให้สบายใจของบุษราคัม (Topaz) นี้ ช่วยให้เราจัดระเบียบความคิด ให้เข้าที่เข้าทางได้ดีขึ้น... จริงๆ แล้วเป็นของที่ฉันอยากได้ ในวันแบบนี้พอดีเลย ขอบใจนะ!",
  "AcceptGift_(O)70": "$c 0.5#แปลกจัง ฉันฝันไว้ว่าเธอจะเอาหยก มาให้ฉันวันนี้ล่ะ!$h#อู้วว หยกนี่นา! หยกนี่ควรจะ ดึงดูดความร่ำรวย... แล้วใครกันจะไม่อยากได้ ทองสักสองสามเหรียญ เพิ่มเข้ากระเป๋ากันล่ะ?$h",
  "AcceptGift_(O)66": "$c 0.5#โอ้ มันสวยมากเลย @! ฉันหวังว่าเธอ ไม่ได้เสี่ยงอันตรายจนเกินไป ในการเอามันมาใช่ไหม$h#อา อเมทิสต์ (Amethyst)! นี่จะช่วยปกป้องฉันในคืน ที่ฉันต้องทำงานที่บาร์ดึกๆ ดื่นๆ",
  "AcceptGift_(O)64": "$c 0.5#ว้าว ดูสีนั่นสิ! เข้ากับชุดฉันพอดิบพอดีเลย$h#โอ้ นี่สมบูรณ์แบบเลย... หลังๆ มานี้ฉันรู้สึกเฉื่อยๆ นิดหน่อย ทับทิม (Ruby) เนี่ยช่วยเรื่องการเพิ่มชีวิตชีวา ให้จิตใจได้ดีนักละ!",
  "AcceptGift_(O)62": "$c 0.5#มันเรียบลื่นมากเลย! เวลาจับ... ฉันรู้สึกถึงพลังงาน ของเหล่านางเงือกทั้งหลาย ในทะเลได้เลย ขอบคุณนะ!#ขอบคุณ! ฉันจะเอามัน ไปใส่ไว้ใต้หมอนของฉัน และหวังว่า ฉันจะได้ฝันถึงท้องทะเลนะ",
  "AcceptGift_(O)60": "$c 0.5#โอ๊ะ!... ฮิฮิ... ฉันรู้นะ ว่าทำไมเธอถึงเอามรกต (Emerald) ชิ้นนี้มาให้ น่าสนใจมาก...#ว้าว สวยมากเลย! สีนี้ทำให้ฉันนึกถึง พลังทางจิตวิญญาณ ทั้งมวลในป่า... เธอรู้สึกถึง พลังของป่าไม้ได้ไหม?",
  "GreenRain": "ต้องมีความหมาย อยู่เบื้องหลังฝนนี่แน่... ธรรมชาติต้องพยายาม บอกอะไรพวกเราสักอย่าง อยู่แน่ๆ$3#$e#แต่อะไรกันล่ะ? ฉันไม่รู้เลย... มันอ่านยากมาก แต่ฉันรู้สึก ถึงตัวตนที่ชัดเจนมาก...$3",
  "GreenRain_2": "เธอรู้สึกไหม? ผืนป่ากำลังขับร้องล่ะ! เหล่าต้นไม้กำลังเริงระบำ ด้วยความยินดี!",
  "married_Haley": "นั่นเป็นงานแต่งงาน ที่งดงามมาก... ฉันดีใจกับเธอและเฮลีย์ มากเลย!$h",
  "divorced_Haley": "เฮลีย์น่ะหยิ่งทะนงเกินกว่า จะมาใจสลายเรื่องหย่า... หรือแสดงออกอย่างนั้น$3",
  "eventSeen_471942": "สวัสดี @ ฉันรู้สึกอยู่ว่า วันนี้จะได้เจอเธอ",
  "eventSeen_463391": "ไม่มีอะไรน่าเศร้าไปกว่า สัตว์ที่ได้รับบาดเจ็บแล้วละ ...$s",
  "purchasedAnimal_Sheep": "ตอนนี้พอเธอมีแกะแล้ว เธอก็จะทำผ้า (Cloth) ได้! นั่นจะช่วย เปิดโลกใบใหม่แห่งความเป็นไปได้ ของการตัดเย็บเสื้อผ้าล่ะ รอดูได้เลย",
  "eventSeen_11_memory_oneweek": "เคยลองทำอาหาร โดยไม่มีสูตรบ้างไหม? มันแอบรู้สึกเป็นอิสระดีอยู่นะ#$b#แล้วใครจะรู้... เธออาจจะได้ค้นพบอะไร ที่น่าอัศจรรย์เข้าก็ได้!",
  "eventSeen_101_memory_oneweek": "การออกไปเที่ยวกับคลินท์สนุกดีนะ!#$b#ถึงแม้ว่าเขาจะทำรูทเบียร์ หกรดตัวเองไปหมด ตั้งแต่สิบนาทีแรกที่ไปถึงนั่น จากนั้น ก็แทบจะไม่พูดอะไรเลย ตลอดคืนก็เถอะ$3",
  "eventSeen_4081148": "เฮ้ ฉันเห็นเธอที่โชว์ของแซม โชว์สนุกเนอะ!$h#$e#แต่เมืองกลิ่นแย่เอาการแหะ$s",
  "eventSeen_2123343_memory_oneday": "ฉันจะไม่ลืมทริปตั้งแคมป์ ของพวกเราเร็วๆ นี้แน่นอน...$l",
  "dating_Emily": "%Emily มีรอบยิ้มกว้างบนใบหน้า",
  "dating_Emily_memory_oneday": "เราจะได้สนุกด้วยกัน มากมายแน่นอนเลย ฉันรู้สึกได้เลย$h",
  "married_Shane": "ทีนี้พอพวกเธอแต่งงานแล้ว ฉันคิดว่าเชนคงไม่มาที่บาร์บ่อยเหมือนเดิมแล้วสินะ!#$e#นั่นคงจะเป็นเรื่องที่ดีนั่นแหละ แต่มันก็เศร้าหน่อยๆ เสมอเลย เวลาต้องเสียลูกค้าประจำ ...$s",
  "Resort_Entering": "โอ้ ฉันชอบที่นี่จัง! มีนกแก้วเต็มไปหมดเลย!",
  "Resort_Leaving": "อาาา... ปอดของฉันรู้สึกดีสุดๆ",
  "Resort_Shore": "เธอรู้สึกรึเปล่า? มหาสมุทรน่ะ เต็มเปี่ยมไปด้วย พลังแห่งการรักษา",
  "Resort_Chair": "เธอสนุกรึเปล่า @? อย่าลืมพักผ่อนบ้างนะ!",
  "Resort_Bar": "การได้มาอยู่ที่ ฝั่งนี้ของบาร์บ้างนี่ ดีจังเลยนะ!$h",
  "Resort": "ถ้าเธอเปิดใจให้ ดวงอาทิตย์ล่ะก็ เธอจะรู้สึกได้ถึง พลังงานแห่งรัก ที่อยู่ภายในตัวเธอ$h",
  "Resort_Dance": "%เอมิลี่กำลังตกอยู่ในห้วงแห่งเสียงดนตรี",
  "FlowerDance_Accept_Spouse": "ได้อยู่แล้วสิ ที่รัก ฉันรอสิ่งนี้มาตลอดเลย!$h",
  "FlowerDance_Decline": "ฉันขอโทษจริงๆ... ฉันตอบตกลง ที่จะเต้นรำกับ คนอื่นไปแล้ว$u",
  "divorced": "@... เธอทำฉันใจสลาย... ฉันไม่อยากคุยกับเธอ อีกต่อไป$s#$e#ขอร้องล่ะ ปล่อยให้ฉันรักษาใจ ตัวเองหน่อยนะ...$s",
  "dumped_Girls": "...$s",
  "breakUp": "ต...แต่ ฉันคิดว่าเรา ผูกพันเป็นพิเศษ... *สะอื้น*$s",
  "reject_866": "โอ้ นี่มันสวยจัง... ฉันมีเพื่อนคนนึง ที่น่าจะชอบมันเอามากๆ เลยล่ะ! แต่เธออาศัยอยู่ไกล จากที่นี่มากน่ะสิ...",
  "secondChance_Girls": "@... ฉันพร้อมแล้ว ที่จะให้โอกาสเธออีกครั้ง ฉันยังคงเชื่อว่า เธอยังมีความดีข้างในอยู่บ้าง$s",
  "Mon": "ฉันได้บอกเธอรึยัง ว่าเฮลีย์กับฉัน เป็นพี่น้องกัน? แปลกเนอะ ว่าไหม?",
  "Mon2": "ฉันมีงานนอดิเรกลับๆ อยู่ แต่ฉันจะไม่บอกเธอ ไปมากกว่านี้หรอกนะ#$e#ไว้สักวันนึง ฉันจะให้เธอดูนะ$h",
  "Mon4": "โลกนี้เต็มไปด้วย วิญญาณและเวทมนตร์... บางคนไม่เชื่อฉัน แต่ฉันรู้ว่ามันมีจริงๆ#$e#ฉันสามารถมองเห็นมัน ได้ในตาเธอ... เธอเชื่อเรื่องของ อีกโลกหนึ่งเหมือนฉัน",
  "Mon6": "ฉันหวังว่าเฮลีย์ จะออกไปหางานทำ หรืออย่างน้อยก็ช่วยทำอาหาร หรือทำความสะอาดบ้าง ก็ยังดี$s#$e#ฉันคิดว่าเฮลีย์ คงจะอยากหาสามีรวยๆ นั่นล่ะ$u",
  "Mon6_inlaw_Haley": "ฉันพูดได้เลยว่า การที่เฮลีย์ไม่อยู่ มันทำให้ฉันมีเวลา จัดระเบียบอะไรต่ออะไร ง่ายขึ้นกว่าเดิมเยอะเลย",
  "Mon8": "ยังมีคนดีๆ ในเมืองนี้ ที่ดูเหมือนว่าจะยังไม่อาจ พบกับความสุขได้ มันให้ฉันเศร้าใจ$u#$e#การทำงานในซาลูน ฉันมักจะเป็นคนแรก ที่ได้ยินปัญหา ของทุกคนเสมอ$u",
  "Tue": "ฉันทำงานพาร์ทไทม์ ที่ร้านของกัส เพื่อนำมาเป็นค่าใช้จ่ายในบ้าน",
  "Tue4": "ที่ฉันทำงานกับกัส ก็เพื่อหาเงินให้พอ ค่าใช้จ่ายเท่านั้นแหละ... แต่ความฝันจริงๆ ของฉัน คือการเป็นช่างตัดเสื้อ#$e#ฉันทำเสื้อผ้าพวกนี้ ตั้งแต่ขั้นแรกเลยนะ เห็นไหม?",
  "Tue6": "โอ้ ไง... ดีจังเลย ที่เธอมาหาฉันแบบนี้$h",
  "Tue8": "เธอรู้ไหม @... ฉันคิดว่าอนาคต ดูสดใสสำหรับเราทั้งคู่",
  "Wed": "ฉันเคยได้ยินข่าวลือเกี่ยวกับ แหวนวิเศษหายาก มันถูกหลอมขึ้นเมื่อนานมาแล้ว โดยอารยธรรมที่ถูกลืม ฉันก็ไม่รู้หรอกว่า มันมีจริงหรือเป็นแค่ นิยายปรัมปรา",
  "Wed4": "เธอจับปลาเหรอ? ฉันหวังว่า เธอจะปฏิบัติต่อพวกมัน อย่างมีมนุษยธรรมนะ$s#$e#ทุกสรรพสิ่งควรจะได้รับ ความเคารพจากเรา แม้แต่เจ้าพวกตัวลื่นๆ ด้วย",
  "Wed6": "ศรัทธาเข้าไว้... ทุกวัน เธอได้ย่างก้าวทีละก้าว บนเส้นทางแห่งโชคชะตาชีวิต ของตัวเอง",
  "Wed8": "$query PLAYER_NPC_RELATIONSHIP current any married roommate#ไง @#$e#ฉันรู้มาตลอดเลย ว่าเราจะได้เป็นเพื่อนที่ดีต่อกัน ดวงดาวกำหนดมาแล้ว อย่างนั้นไงละ!|ไง @$u#$e#ฉันรู้มาตลอดว่า เราจะได้มาสนิทกันแบบนี้...",
  "Thu": "ฉันหวังว่า เธอจะทำฟาร์มอย่างยั่งยืนนะ ระบบนิเวศของหุบเขา ค่อนข้างจะเปราะบางมาก!#$e#ฉันจะรู้ได้ไงน่ะเหรอ? ลางสังหรณ์ฉันแม่นน่ะ!",
  "Thu4": "บางครั้ง ดอกไม้ก็พูดกับฉัน... แต่ละดอกก็มีเรื่องราว ที่จะบอกแตกต่างกัน ออกไป!",
  "Fri": "อา... ฤดูใบไม้ผลิ ฤดูแห่งสีพาสเทล แต่เอาจริงๆ ฉันชอบสีของเพชรพลอย มากกว่า#$b#โอ้ ขอโทษด้วยนะ! ฉันบ่นงึมงัมเกี่ยวกับ แฟชั่นอีกแล้วใช่ไหม?",
  "Sat": "ฉันชอบที่จะ ตัดเสื้อผ้าใส่เองนะ แต่ไม่ง่ายเลย ที่จะไปหาผ้ามาสักผืน#$e#แล้วกว่าจะเข้าเมืองไปสักที ก็นานเหลือเกิน",
  "Sat6": "เธอเคยสังเกตเกี่ยวกับ ลวดลายของเสื้อผ้าไหม @? แต่ละลวดลาย ก็จะบอกถึงบุคลิก ที่แตกต่างกัน... ดูชุดของฉัน... เห็นไหม?",
  "Sun": "สวัสดี @ !#$e#เธอเลี้ยงแกะไว้ในคอก บ้างรึเปล่า? เธอเปลี่ยนขนของพวกมัน เป็นผ้าผืนสวยได้นะ!#$e#แต่ก่อนอื่นเธอก็ต้องมี เครื่องทอผ้าก่อน ซึ่งเธอจะสร้างมัน ขึ้นมาเองก็ได้ ถ้าเธอรู้วิธีน่ะนะ",
  "Sun4": "บ้านหลังนี้ เคยเป็นของพ่อและแม่ฉัน พวกเขาออกไปเที่ยวรอบโลก ตั้งแต่สองปีที่แล้ว#$e#พวกเราเองก็ยังไม่รู้เลยว่า พวกเขาจะกลับมาเมื่อไหร่#$e#แต่ยังไงฉันก็ชอบ ที่จะอยู่ที่นี่นะ มันเป็นที่ที่สวยงาม และเมืองนี้ก็ดีมากด้วย",
  "event_dance1": "ขอบคุณ!",
  "event_dance2": "อืมม... โอเค เสียใจจังที่เธอไม่ชอบ ฉันว่าสามเดือนที่ฝึกมา มันช่างเสียเวลาเปล่าซะจริงๆ...$s",
  "event_dance3": "เธอคิดอย่างนั้นจริงๆ เหรอ สุดยอดมากเลย มันคือผลตอบรับ ที่ฉันคาดไว้เป๊ะเลย!$h#$b#ดีใจจังเลยที่เธอชอบ",
  "summer_Mon": "เฮลีย์เลือกกินมาก มันยากมากที่จะ ทำอาหารให้เธอ",
  "summer_Mon4": "การกินอาหารเพื่อสุขภาพ สำคัญมากสำหรับฉัน ฉันต้องการจะมีชีวิต ที่ยาวนานและแข็งแรง",
  "summer_Mon_inlaw_Haley": "เฮลีย์กับฉัน เข้าใจกันและกันมากขึ้น แต่ตอนนี้เธอก็ย้ายออกไปแล้ว ฉันตั้งตารอเวลาที่เฮลีย์ จะแวะมาหาเลยล่ะ!",
  "summer_Tue": "ว่าไง @#$e#วันนี้ฉันรู้สึกขี้เกียจจัง",
  "summer_Tue6": "ฉันรู้สึกแย่เรื่องลีนัส ผู้คนตัดสินเขา เขาก็แค่ใช้ชีวิต ในวิถีชีวิตที่แตกต่าง$u#$e#ฉันหวังว่า พวกเราทุกๆ คน จะสามารถเรียนรู้ เรื่องการยอมรับคนอื่นบ้าง",
  "summer_Sun6": "สวัสดี @! เราเป็นเพื่อนที่ดีต่อกัน แล้วใช่ไหมล่ะ?$h#$e#ฉันก็โอเคกับเรื่องนั้นนะ เธอเป็นคนที่ดูเท่มากเลยล่ะ ^ฉันดีใจจัง$h",
  "summer_Sun8": "ไง @! เราเป็นเพื่อนที่ดีต่อกัน แล้วใช่ไหมล่ะ?$h#$e#อาจจะฟังดูแปลกๆ นะ แต่ฉันมั่นใจเสมอว่า มันจะเป็นแบบนี้อยู่แล้ว",
  "summer_Wed": "ฝนมันไม่ค่อยตกใน ฤดูร้อนใช่ไหม?#$e#นั่นหมายความว่า เธอก็ต้องรดน้ำ มากกว่าเดิมนะสิ หืม?#$e#หรือว่า เธอจะสนุกกับอากาศร้อนๆ แบบนี้อยู่แล้ว?",
  "summer_Thu": "ฉันว่าผึ้งกับผีเสื้อ เป็นเพื่อนที่วิเศษ ของฉันเลยล่ะ",
  "summer_Fri": "ถ้าฉันว่าง ฉันก็จะไปช่วยงานเธอ ที่ฟาร์มนะ!#$e#แต่กัสก็คงจะอารมณ์เสีย ถ้าฉันมีงานอื่นทำ...$s",
  "summer_Fri6": "เธอรู้ไหม ฉันแน่ใจว่ากัสจะเข้าใจฉัน ถ้าสักวันหนึ่ง ฉันจะเลิกทำงานที่ซาลูน#$b#มีอะไรมากมาย ข้างนอกนั่น และฉันคงจะไม่สามารถ ทำงานที่ซาลูนตลอดไป$u",
  "summer_Sat": "อย่าหักโหมทำงานล่ะ ไม่งั้นเธออาจลงเอย ด้วยการนอนที่คลินิก ของฮาร์วีย์!",
  "summer_Sun": "สวัสดี @!",
  "summer_Sun4": "ช่วงนี้ของปีนี่แหละ เพื่อนของฉัน จะแวะเวียนมาแถบนี้... ฉันหมายถึงนกแก้วนะ!",
  "fall_1": "ฤดูใบไม้ร่วงมาถึงแล้ว ได้เวลาปลูกพืชใหม่ๆ แล้วสินะ หืม?",
  "fall_15": "$d bus#วันนี้ฉันจะไปเยี่ยมแซนดี้ล่ะ เราเป็นเพื่อนสนิทกัน!#$e#ฉันดีใจจริงๆ ที่รถบัสซ่อมเสร็จแล้ว|*ถอนหายใจ*... ถ้าเพียงแต่รถบัสเก่าๆ นั่นจะซ่อมเสร็จ ฉันคงได้ไปเยี่ยมแซนดี้ เพื่อนของฉันวันนี้ไปแล้ว...$s",
  "fall_Mon": "อากาศเหมาะสำหรับ ปิกนิกเลยล่ะ ใช่ไหมล่ะ?",
  "fall_Mon8": "ถ้าฉันไม่ต้องทำงาน ฉันจะชวนเธอ ไปหาที่ปิกนิกดีๆ เลย!",
  "fall_Tue": "สวัสดี ฤดูร้อนที่ผ่านมา ราบรื่นดีไหม?",
  "fall_Tue4": "ไง @! ฉันพนันได้เลยว่า เมื่อหน้าร้อนที่ผ่านมา ฟาร์มของเธอ ต้องไปได้สวยสินะ?#$e#เธอเป็นชาวไร่ ที่ยอดเยี่ยมนี่นา$h",
  "fall_Wed": "เพื่อนของฉัน เปิดร้านขายของ อยู่ที่ทะเลทรายน่ะ ถ้าเธอมีโอกาสไปที่นั่น ก็ฝากทักทายหน่อยนะ#$e#ฉันคิดว่าเพื่อนของฉัน น่าจะขายพวกของหายากนี่ล่ะ",
  "fall_Thu": "เธอเป็นเพื่อนกับ คลินท์ รึเปล่า? ถ้าเธอได้รู้จักเขาล่ะก็ เธอจะรู้ว่าเขาเป็นคนดีคนนึง#$e#เขาชอบหมกตัวอยู่กับงาน ในร้านของเขาทั้งวัน แต่เขาก็ขี้อายด้วยล่ะ เขาเลยมีปัญหา ในการคบเพื่อนใหม่ๆ น่ะ",
  "fall_Thu8": "ฉันคิดว่าคลินท์โกรธฉัน เข้าไม่เคยมองมา ที่ฉันอีกเลย...$u#$e#ฉันคิดมาตลอดว่า เราเป็นเพื่อนกันซะอีก$u",
  "fall_Fri": "ช่างเป็นอีกวัน ในฤดูใบไม้ร่วง ที่แสนงดงาม#$e#น่าเสียดายนะ ที่มันกำลังจะจบลงแล้ว",
  "fall_Fri6": "ได้กลิ่นอากาศบริสุทธิ์ไหม? มันดีมากๆ เลยไม่ใช่เหรอ?#$b#ฉันแค่กลัวว่าบริษัทโจจ้า จะพรากมันไปจากพวกเรา$u",
  "fall_Sat": "ลองเปิดใจให้กว้าง แล้วเดี๋ยวสิ่งดีๆ ก็จะเข้ามาเองแหละ#$e#ยังไงก็ตาม วันนี้เธอเป็นยังไงบ้าง?",
  "fall_Sat6": "ฉันยังไม่มีแผนการใหญ่ๆ อะไรตอนนี้ ฉันเลือกที่จะไม่เครียด เกี่ยวกับอนาคตมากเกินไป",
  "fall_Sun": "ไม่มีอะไรเหมือนกับ แสงแดดที่เจิดจ้าในวันอาทิตย์ มันปลุกพลังในตัวเราได้!",
  "fall_Sun6": "มีกำแพงที่มองไม่เห็น มากมายเหลือเกิน ที่คอยฉุดรั้งพวกเราเอาไว้ ทำไมผู้คนถึงไม่รู้จักปล่อยวาง และสำรวจศักยภาพที่แท้จริง ของตัวเองกันนะ?#$e#ฉันเหรอ? เธอก็รู้ว่าเขาพูดกันว่ายังไง... 'คุณขังจูนิโม่ป่าไว้ไม่ได้หรอก'",
  "fall_Sun10": "เธอนี่เป็นคนดีจริงๆ เลยน้า @! ขอบคุณจริงๆ ที่มาเป็นเพื่อนกับฉันน่ะ$h",
  "winter_Mon": "ระวังด้วย น้ำแข็งย้อยจะได้ ไม่หล่นใส่หัวของเธอ!",
  "winter_Mon10": "ระวังด้วย น้ำแข็งย้อยจะได้ ไม่หล่นใส่หัวของเธอ! ฉันไม่อยากให้เธอ ได้รับบาดเจ็บนะ!",
  "winter_Tue": "โอ้ สวัสดี @!$h#$e#ฟาร์มของเธอตอนนี้ กำลังไปได้สวยเลยใช่ไหมล่ะ?",
  "winter_Tue2": "ตอนนี้ ฉันพนันได้เลยว่า เธอเป็นชาวไร่ที่ยอดเยี่ยม แน่นอน!",
  "winter_Tue4": "ผมของฉัน แข็งเป็นน้ำแข็งหมดแล้ว...!",
  "winter_Wed": "เฮลีย์กับฉันไม่เหมาะกับ บ้านหลังใหญ่แบบนี้หรอก มันยุ่งยาก กับการต้องดูแลให้สะอาด#$e#เอ่อ แต่ฉันก็ไม่ควรบ่นนี่นะ#$e#บ้านฟาร์มของเธอท่าจะดี และอยู่สบาย$h",
  "winter_Thu": "เจ้าปลาน้อยน่าสงสาร คงหนาวมากสินะ$s#$e#ฉันสงสัยว่าปลา จะจำศีลบ้างไหมนะ? ฉันไปถามดิมีเทรียสดีกว่า",
  "winter_Fri": "ถ้าฉันไม่ยุ่ง ฉันจะไปช่วยเธอขุดถ้ำ ที่อยู่แถวๆ ทะเลสาบนะ#$e#ฉันคิดว่ามันต้องมีคริสตัล เจ๋งๆ อยู่ในนั้นแน่ๆ",
  "winter_Sat": "เธอรู้จักวิธีทำ 'หม้อไฟถั่ว (Bean Hotpot)' ไหม?#$e#ฉันชอบมากเลยล่ะ$h%revealtaste:Emily:207#$e#แต่หน้าหนาวแบบนี้ คงจะหาวัตถุดิบยากมาก เลยใช่ไหม?",
  "winter_Sun": "สวัสดี!#$e#...คะ?",
  "winter_Sun6": "ถึงฉันกับน้อง จะทะเลาะกันบ้าง แต่ถ้าเธอไม่อยู่ ฉันก็คงจะคิดถึงเธอน่าดู#$e#ฉันว่าสักวันนึง เธอต้องจะเป็นหญิงสาว ผู้แสนดีได้แน่ๆ ... แล้วก็อย่าไปบอกเธอล่ะว่า ฉันพูด$h#$e#แล้วเธอมีอะไร จะพูดกับฉันอีกไหม?",
  "winter_Sun6_inlaw_Haley": "ฝากสวัสดีน้องสาว แทนฉันด้วยนะ! และเตือนเธอ ให้มาเยี่ยมฉัน ในวันพรุ่งนี้ด้วยนะ"
}
