{
  "Introduction": "โอ้ สวัสดี และยินดีต้อนรับสู่ชุมชนเล็กๆ ของเรา ที่รัก!#$b#เธอจะเรียกฉันว่า 'ยาย' ก็ได้นะถ้าต้องการ$h",
  "AcceptGift_(O)StardropTea": "โอ้ ให้ฉันเหรอ? ขอบใจนะจ๊ะ นี่เป็น ของขวัญที่พิเศษมากเลย!",
  "AcceptGift_(O)170": "ขอบใจจ้ะ ฉันกำลังตามหา แว่นตาอ่านหนังสืออยู่พอดี...#$b#ตายแล้ว! สกปรกไปหมดเลย...",
  "GreenRain": "จอร์จ ที่รัก... มันต้องจบแบบนี้เหรอ? ชีวิตนี้มันดีมาโดยตลอด แต่ฉันอยากเห็นอเล็กซ์ ค้นหาทางของตัวเองเจอ ก่อนที่จะต้องจากไป...$s%noturn",
  "GreenRainFinished": "โอ้ คุณพระ... ดีใจจังที่ทุกอย่างจบลงด้วยดี แถมดอกไม้ของฉันก็ดูสมบูรณ์ สวยงามมากกว่าเดิมเสียอีก!",
  "GreenRain_2": "ดูเหมือนว่าดอกไม้ จะชอบฝนแบบนี้มากเลย...",
  "AcceptGift_forage_item_beach": "ขอบใจนะจ๊ะ นี่ชวนให้นึกถึง ความทรงจำแสนหวานเลย...",
  "reject_867": "โอ้ ฉันแน่ใจว่า จอร์จต้องสนใจมันแน่จ้ะ!",
  "cropMatured_591": "ทิวลิปที่ปลูกเอง เหมาะเป็นของขวัญน่ารักๆ ในช่วงใบไม้ผลิที่สุด",
  "cc_Complete": "ดีจัง ที่มีการบูรณะศูนย์ชุมชนซอมซ่อ จนกลับมาใช้ได้อีกครั้ง พวกเรามีความทรงจำ ในวันวานมากมาย... มันเป็นที่ที่พิเศษนะ",
  "married": "ยินดีด้วยนะจ๊ะ$h#$e#การได้เห็นคนหนุ่มสาวรักกัน มันทำให้ยายแก่ๆ อย่างฉันรู้สึกอบอุ่นหัวใจ",
  "divorce": "คราวหน้าที่เธอแต่งงาน ก็ทำให้แน่ใจก่อนนะว่าคนนั้นๆ เป็นคนที่ใช่จริงๆ...$s",
  "reject_866": "นั่นเป็นกุหลาบที่งามมากจ้ะ เด็กน้อย ให้เอมิลีดูหรือยัง? เห็นแล้วนึกถึงเธอน่ะ",
  "pamHouseUpgrade": "โอ้ เด็กดี... มันเป็นสิ่งดีงาม ที่เธอช่วยสร้างบ้านใหม่ หลังงามให้แพม!$h#$e#มันทำให้ฉันอบอุ่นหัวใจ เมื่อเห็นคนห่วงใยกันและกัน แบบนี้...",
  "pamHouseUpgradeAnonymous": "ถึงจะเรียกฉันว่า คนแก่ที่ไม่รู้ประสีประสา... แต่ฉันคิดว่าฉันรู้นะ ว่าใครจ่ายเงิน สร้างบ้านใหม่ให้แพม... *ขยิบตา*",
  "MovieInvitation": "โอ้ ตายจริง! เธอช่างใจดีจริงๆ ที่รัก ไปสิจ๊ะ... ฉันต้องอยากไป ดูหนังอยู่แล้ว!$h#$b#เธอไปก่อนได้เลยจ้ะ เดี๋ยวไว้เราค่อยไปเจอกัน ที่โรงหนังนะ",
  "Mon": "แหม! ช่างเป็นวันที่ดีจริงๆ$u",
  "Tue": "อย่าถือจอร์จสามีฉันเลยนะ เขาเป็นคนที่ไม่ค่อย เป็นมิตรกับคนแปลกหน้าน่ะ#$e#แต่ถ้า เธอได้รู้จักเขามากกว่านี้ เขาจะทำให้เธอมีความสุข#$e#ฉันรู้ว่าสักวันหนึ่ง เธอทั้งสองจะต้องกลายเป็น เพื่อนที่ดีต่อกันแน่นอนจ๊ะ!$h#$e#เนื่องจากว่า เธอใส่ใจสามีฉันเป็นพิเศษ ฉันจะบอกความลับเล็กๆ น้อยๆ ของเขาให้ละกันนะ เขาเป็นคนที่ ชอบกระเทียมต้นมาก! เธอสามารถหาตามภูเขา ในช่วงฤดูนี้ได้เลย",
  "Wed": "#$1 evelynGarden1#เมื่อวานนี้ ฉันเห็นฝูงผีเสื้อสุดสวย กำลังโบยบิน อยู่ท่ามกลางแสงแดด ในสวนของเมืองด้วยล่ะ$k#$e#ท่านเทศมนตรีผู้แสนดี มอบหมายให้ฉัน ดูแลสวนของเมืองนี้#$e#ฉันคอยดูแลดอกไม้ในเมือง มาหลายสัปดาห์แล้ว เพราะงั้น ระวังอย่าไปเหยียบมันล่ะ!",
  "Thu": "วันนี้ฉันจะอบคุกกี้จ้ะ ฉันชอบที่จะทำเป็นรูปดอกไม้ ในช่วงฤดูใบไม้ผลิแบบนี้$h#$e#ไว้สักวัน ฉันอาจจะบอกสูตรกับเธอนะ",
  "Fri": "จอร์จใช้เวลาเกือบทั้งวัน ที่หน้าทีวีบ้าๆ ของเขา#$e#ฉันหวังว่าเขา จะออกไปข้างนอกบ้าง อากาศบริสุทธิ์จะทำให้เขาสดชื่น",
  "Sat": "ฉันเคยรักการมองดู เหล่าก้อนเมฆทั้งหลาย แต่ทุกวันนี้ฉันดันมีปัญหา ในการมองซะแล้วสิ#$e#สายตาของฉัน ไม่ได้ดีเหมือนแต่ก่อนแล้ว$s",
  "Sun": "มันดีนะ ที่ได้อยู่ใกล้ๆ กับมหาสมุทร เสียงจากทะเลทำให้ หลับได้ง่ายขึ้นเยอะเลย#$e#เมื่อสมัยฉันเด็กๆ เราจะออกหาเปลือกหอยกัน ในตอนที่น้ำลง นั่นเป็นช่วงเวลา ที่ดีมากเลย...",
  "Tue6": "ดีจังเลยที่เธอแบ่งเวลา แวะมาเยี่ยมจอร์จกับฉันน่ะ#$e#ถ้าไม่มีพวกหนุ่มๆ สาวๆ มาคอยอยู่ใกล้ พวกเราคงแก่ไวกว่านี้$h",
  "Event_cookies1": "ขอบใจนะจ๊ะ!$h",
  "Event_cookies2": "อะไรนะจ๊ะที่รัก? ฉันสาบานได้เลยว่า เธอพูดว่า 'ลูกฮอกกี้น้ำแข็ง' *เฮ้อ* หูของฉันคงจะไม่ดี เหมือนแต่ก่อนแล้ว$s",
  "summer_Mon": "ฉันรู้สึกกระชุ่มกระชวยขึ้น เวลาอากาศดีแบบนี้$u",
  "summer_Mon_inlaw_Alex": "หลานชายของฉันเป็นไงบ้าง? ฉันจินตนาการไว้ว่า เขาน่าจะพอใจ กับชีวิตในฟาร์ม#$e#อเล็กซ์ควรได้รับความสุข... เขาเป็นเด็กดี",
  "summer_Tue": "ในช่วงหน้าร้อน จอร์จมักจะหงุดหงิดนิดๆ หน่อยๆ อยู่เสมอ อากาศร้อนทำให้เขา สิ้นเรี่ยวสิ้นแรง#$e#เธออาจจะดูไม่ออก แต่ฉันรู้ เพราะฉันอยู่กับเขามา 60 กว่าปีแล้ว!",
  "summer_Wed": "ท่านเทศมนตรีผู้แสนดี มอบหมายให้ฉัน ดูแลสวนของเมืองนี้#$e#ฉันคอยดูแลดอกไม้ในเมือง มาหลายสัปดาห์แล้ว เพราะงั้น ระวังอย่าไปเหยียบมันล่ะ!",
  "summer_Thu": "วันนี้ฉันจะอบคุกกี้ล่ะ มันจะออกมาเป็นคุกกี้มะพร้าว ที่มีรูปร่างเหมือนต้นปาล์ม! ฮิๆ$h#$e#ไว้สักวัน ฉันอาจจะบอกสูตรกับเธอนะ",
  "summer_Sat": "เวลาออกไปข้างนอก ต้องระวังด้วยนะจ๊ะ เดี๋ยวผิวจะไหม้แดดเอาได้!",
  "summer_Sun": "ช่วงนี้ดอกสวีทพีกำลังผลิบาน#$e#กลิ่นของมันหอมมากๆ เลยใช่ไหมจ๊ะ",
  "summer_Thu4": "ดูเหมือนว่า จะมีแขกมาที่บ้านเยอะขึ้นนะ เวลาที่ฉันเริ่มทำคุกกี้เนี่ย#$e#สูตรนี้แม่ของฉัน เป็นคนสอนเองละ",
  "fall_Mon": "ทุกๆ ปี ฉันเห็นคุณค่าของฤดูกาล มากขึ้นทุกครั้ง ที่มันผลัดเปลี่ยนไป แต่สำหรับคนหนุ่มสาวแล้ว พวกเขาไม่สนใจอะไรเล็กๆ น้อยๆ แบบนี้หรอกจ้ะ",
  "fall_Tue": "ฉันใส่ลูกเกดลงไปใน ข้าวโอ๊ตของจอร์จ... แต่เขาก็ไม่ได้พูดอะไร ฉันสงสัยจังว่า เขาสังเกตเห็นมันหรือเปล่า?",
  "fall_Wed": "นายกเทศมนตรีฝากให้ฉัน เป็นคนดูแลสวนในเมืองนี้#$e#ดอกไม้ในฤดูใบไม้ร่วงน่ะ บอบบางมาก ดังนั้น อย่าไปเหยียบมันล่ะ! ฉันรู้นะว่าเด็กๆ อย่างเธอชอบทำอะไรกัน",
  "fall_Thu": "วันนี้ฉันจะอบคุกกี้จ้ะ เป็นคุกกี้ที่มีหน้าตาเหมือนกับ ฟักทองน้อยๆ$h#$e#สักวันฉันอาจจะบอกสูตรนี้ ให้เธอก็ได้นะจ๊ะ",
  "fall_Sat": "เธอเป็นเพื่อนกับอเล็กซ์ หรือเปล่าจ๊ะ?#$e#บางครั้ง เขาก็กังวลว่าฉันจะป่วย",
  "fall_Sat_inlaw_Alex": "โอ้ สวัสดีจ้ะที่รัก ตอนนี้ฉันก็คิดกับเธอ เหมือนเธอเป็นหลานชายแท้ๆ ของฉันเลย$h^โอ้ สวัสดีจ้ะที่รัก ตอนนี้ฉันก็คิดกับเธอ เหมือนเธอเป็นหลานสาวแท้ๆ ของฉันเลย$h",
  "fall_Sun": "สายตาฉันอาจจะแย่ แต่จมูกของฉันไม่เคยโกหก!#$e#ฉันยังได้กลิ่นของใบไม้ร่วง และเห็ดอยู่เลย มันทำให้ฉันคิดถึงป่า ที่ฉันชอบเข้าไปเล่นตอนเด็กๆ",
  "winter_Mon": "ระวังลื่นบนน้ำแข็งนะ เด็กน้อย",
  "winter_Tue": "เธอไม่หนาวเหรอจ๊ะ?  สวมเสื้อแจ็คเก็ต ให้มันหนากว่านี้หน่อยสิหนู!#$e#อากาศแบบนี้มันไม่ค่อยดี กับข้อกระดูกฉันเลย...$s",
  "winter_Wed": "ฉันมักจะดูแลสวนอยู่เสมอ แต่ตอนนี้ มันโดนหิมะกลบซะหมด#$e#ฉันก็ยังชอบที่จะไปตรวจดูมัน เป็นครั้งคราวบ้าง",
  "winter_Thu": "วันนี้ฉันอบคุกกี้จ้ะ เป็นคุกกี้ที่มีหน้าตาเหมือนกับ ดวงดาวฤดูหนาวดวงน้อยๆ$h#$e#ไว้สักวัน ฉันอาจจะบอกสูตรกับเธอนะ",
  "winter_Sat": "เราอยู่ที่นี่มา 30 กว่าปีแล้ว#$e#เห็นผู้คนมากมาย ผ่านเข้ามาแล้วก็จากไป เช่นปู่ของเธอไงล่ะ ขอให้เขาไปสู่ภพภูมิที่ดี... *ถอนหายใจ*",
  "winter_Sat6": "โอ้... ที่รัก เธอมีแววตา เหมือนปู่ของเธอเลย...$s#$e#ใช่... ใช่แล้ว... ฉันรู้จักเขาดีมากๆ เลยล่ะ",
  "winter_Sun": "เธอน่าจะทำซุปร้อนๆ ให้ร่างกายอบอุ่นนะ#$e#แล้วอย่าลืม ใส่แจ็คเก็ตด้วย!",
  "winter_Sat8": "@ ฉันเคยบอกหรือยังว่า ฉันกับจอร์จ อยู่บ้านหลังนี้มา 30 ปีแล้ว?#$e#หวังว่าเธอจะอยู่ที่นี่ ได้ยาวนานอย่างนี้ เหมือนกันนะจ๊ะ"
}
