{
  "Introduction": "เหอะ... น่าหงุดหงิดชะมัด ที่จะต้องเจอกับพวกหน้าใหม่ ฮึ?#$b#ฉันชื่อจอร์จ ยังไงก็ตาม ออกไปซะ... ฮึ่ม",
  "AcceptGift_(O)StardropTea": "หืมม... *จิบ*... อ้าาา... รสชาติเหมือนมักกะโรนีทูน่าอบ ที่ม๊าทำเปี๊ยบ! อร่อยมาก!",
  "accept_867": "อะไรน่ะ?#$b#ฮึ่มมม... กดปุ่มนี้ก่อนเรอะ? ปุ่มนี้มันใช้ทำอะไรเนี่ย? ฮึ่มมม... *งึมงัม*#$b#ฮ่าฮ่า! เอาล่ะ แบบนี้เป็นไง! นี่มันช่องใหม่นี่นา!$h#$b#นี่ รับนี่ไปซะสิ มันคือหินที่ฉันพบเข้า ตอนทำเหมืองถ่านสมัยก่อนน่ะ เป็นของที่ตลกดีนะ มันเรืองแสงสีฟ้า แล้วก็เย็นอยู่แบบนี้ มากว่า 40 ปีแล้วล่ะ อย่างกับมีเวทมนตร์!",
  "GreenRain": "เอาน่า เอาน่า ที่รัก... อย่ากังวลไปเลย%noturn#$b#ถึงมันจะมีพิษจริงๆ ฉันก็สูดแก๊สพิษในหนึ่งนาที มากกว่านี้มาแล้ว ที่เหมืองถ่านเก่าๆ นั่น... แล้วฉันก็ยังฟิตปั๋งอยู่เลย!",
  "GreenRain_2": "ดูท่าว่าพวกคนหนุ่มสาว คงต้องดึงวัชพืชกันเหนื่อยหน่อยละ หลังจากงานนี้...ฮ่ะฮ่า...$h",
  "pamHouseUpgrade": "ขอบใจนะ ที่อุตส่าห์สร้างบ้านใหม่ แทนที่รถโกโรโกโสนั่น... บ้านหลังใหม่นี่มัน น่ามองกว่าเยอะเลย#$e#รู้อะไรไหม ฉันพนันเลยว่า มันทำให้ที่ดินของฉัน มีมูลค่าสูงขึ้นด้วย!",
  "pamHouseUpgradeAnonymous": "คืออย่างนี้นะ... บ้านใหม่นั่นบังวิวแม่น้ำ ของฉันนิดหน่อย... แต่มันดูดีกว่า รถกระป๋องเก่าๆ ที่แพมอาศัยอยู่แน่นอน",
  "MovieInvitation": "เธออยากไปดูหนัง กับคนแก่ๆ อย่างฉันเหรอ? ...เยี่ยม... ตกลง ฉันจะไปเจอเธอที่นั่น",
  "eventSeen_502969_memory_oneweek": "ฉันไม่รู้หรอกว่าเธอทำอะไรไป แต่แรคคูนพวกนั้น ไม่กลับมาอีกเลยตั้งแต่สัปดาห์ที่แล้วละ!",
  "eventSeen_18_memory_oneweek": "ฉันอาจจะดูเชยไปบ้าง แต่เวลาที่ใครอยู่มานานอย่างที่ฉันอยู่ ก็จะได้เรียนรู้วิถีของชีวิตมาบ้าง ที่เรียกว่า 'ปัญญา' ไง#$b#พวกคนหนุ่มสาว ไม่เข้าใจภาพรวมหรอก จะเข้าใจได้ยังไงกัน?",
  "married_Alex": "...ฮึ่มมม^ฉันอยากจะเป็น ตาทวดก่อนจะลงโลงนะ คิดว่าเธอทำได้ไหม?",
  "divorced_once": "ฮึ่มม... เลือกทางง่ายสินะ?#$e#ผู้คนสมัยนี้ ทำอย่างกับการแต่งงาน เป็นชุดทีวีเก่าๆ ... เบื่อเมื่อไหร่ ก็เปลี่ยนช่องเมื่อนั้น! สมัยฉันนะ... *บ่นพึมพำ*",
  "joja_Begin": "งั้น... ศูนย์ชุมชนเก่า ก็ไม่อยู่แล้วงั้นสิ? เกิดอะไรขึ้นกับ สิ่งทรงคุณค่าของชุมชนกัน? อนิจจา เวลาเปลี่ยนอะไรไปบ้าง...",
  "Mon": "เฮอะ... ฉันไม่ใช่คนช่างคุยหรอก โดยเฉพาะกับ คนแปลกหน้าน่ะนะ อย่าถือสาก็แล้วกัน",
  "Tue": "ฮึ่ม... ดูเหมือนจะเป็นอีกวัน ที่แสนอึมครึม$s",
  "Wed": "อเล็กซ์เป็นหลานชายของฉัน ฉันเคยบอกเธอไปแล้วนี่?#$e#หึ? พูดมาสิ",
  "Wed_inlaw_Alex": "ผู้ชายสองคน แต่งงานกันได้ยังไง? มันไม่ใช่เรื่องธรรมชาตินะ... อืมมมม สงสัยฉันจะ \"หัวโบราณไป\"...^เธอเป็นส่วนหนึ่ง ของครอบครัวเราแล้วนะ ฉันล่ะดีใจที่หลานชายฉัน ได้ภรรยาที่ดี",
  "Wed10_inlaw_Alex": "ฉันยอมรับ ฉันคิดว่ามัน...แปลก... ที่ผู้ชายสองคนจะอยู่ด้วยกัน แต่เธอก็เป็นคนดี และฉันรู้ว่าเธอทั้ง 2 คนรักกัน... ฉันจะลองเปลี่ยน ความคิดตัวเองดูนะ^ตอนนี้เธอเป็นส่วนหนึ่ง ของครอบครัวเราแล้ว... ฉันภูมิใจจริงๆ",
  "Thu": "ตอนนี้ฉันยังคุยกับเธอ ไม่ได้หรอกพ่อหนุ่ม ^ ฉันยังไม่ว่างคุยตอนนี้ นังหนู#$e#รายการโปรดของฉันมาแล้ว",
  "Fri": "เธอเป็นชาวไร่สินะ หืม? อย่างน้อยมันก็เป็น อาชีพที่สุจริต",
  "Sat": "สำหรับฉันแล้ว วันหยุดสุดสัปดาห์ มันก็ไม่ได้ต่างจากวันอื่นๆ#$e#มันก็เป็นแบบนี้แหละ เมื่อเธอเกษียณ",
  "Sun": "ไม่หนาวรึไง? พวกเขาไม่ถักเสื้อสเวตเตอร์ เหมือนแต่ก่อนแล้วเรอะ#$e#*เฮ้อ*",
  "Mon6": "ฉันละแปลกใจจริงๆ ที่เธออยากมาคบคนแก่ๆ อย่างฉันเป็นเพื่อน",
  "Thu6": "สวัสดี @ อยากดูทีวีกับฉันไหม?",
  "Fri4": "ปู่ของฉันเป็นชาวไร่ มันเป็นอาชีพ ที่น่าเคารพยกย่องมาก#$e#ถ้าฉันไม่ได้แก่ขนาดนี้ ฉันจะไปที่ฟาร์มของเธอ แล้วก็ทำอะไรให้ดู สักอย่างสองอย่าง...",
  "Wed8": "ฉันก็อยากจะให้ขาของฉัน ใช้งานได้ จะได้เล่นขว้างบอลกับอเล็กซ์$s#$e#มันคงเป็นไปไม่ได้สินะ$s",
  "Fri8": "ฉันคิดมาตลอด... บางทีฉันอาจจะเป็น พวกขี้บ่นเกินไปหน่อย$s#$e#ฉันเคยคิดว่า คงไม่มีใครสนใจไยดี คนแก่อย่างเรา",
  "Fri10": "รู้รึเปล่า ฉันน่ะเคยเป็นตาแก่ขี้โมโห ในสายตาของทุกคน แต่ตอนนี้ฉันรู้สึกว่า ฉันก็เบาลงหน่อยแล้วนะ เหมือนผลไม้ที่สุกงอมแล้ว ฮ่าฮ่า!$h#$e#ดูแลตัวเองดีๆ ล่ะเจ้าหนุ่ม^ดูแลตัวเองดีๆ ล่ะ ยัยหนู",
  "Wed10": "@! ขอฉันปิดไอ้ทีวีนี่สักแป๊ป แล้วเรามาคุยกัน สักหน่อยดีกว่า$h#$e#ว่าแต่พวกคนหนุ่มสาวสมัยนี้ เขาทำอะไรกันเหรอ?",
  "Tue10": "ที่จริง ฉันก็ไม่ควรมานั่งอมทุกข์ เรื่องขาของฉันหรอกนะ#$e#ฉันควรจะรู้สึกดีใจ ที่ฉันยังมีชีวิตอยู่$h",
  "Thu10": "เมื่อเธอแก่ขึ้นเหมือนฉันแล้ว การจะปรับตัวต่ออะไรใหม่ๆ มันก็จะยากขึ้นกว่าเดิม#$e#สักวันเธอจะรู้ว่า ฉันหมายความว่าอะไร#$e#เอาเลย สนุกกับชีวิตให้เต็มที่ ตอนที่ยังวัยรุ่นอยู่แบบนี้",
  "winter_1": "โอ้... หนาวจริง#$e#ตอนที่เธอเป็นเด็ก ความหนาวทำอะไรเธอ ไม่ได้หรอก",
  "WinterStar_GiveGift_After": "ไม่ชอบเหรอ? อุบ๊ะ! เด็กสมัยนี้นี่นะ... ไม่รู้จักเห็นคุณค่า อะไรสักอย่าง นั่นน่ะของแพงเลยนะ และฉันไม่ได้มีเงิน เหลือทิ้งเหลือขว้างด้วย รู้ไหม!"
}
