{
  "Introduction": "สวัสดีครับ! ผมชื่อกัส เป็นทั้งเชฟและเจ้าของ สตาร์ดรอปซาลูน#$e#เข้ามาสิ ถ้าคุณต้องการเครื่องดื่ม ผมมีกาแฟร้อนๆ และเบียร์เย็นๆ ด้วยนะ$h",
  "AcceptGift_(O)StardropTea": "โอ้ว้าว ขอบคุณครับ! อยากจะดื่มให้หมดเลยนะเนี่ย แต่ผมจะเก็บบางส่วนไว้สำหรับซาลูน พนันได้เลยว่าผมต้องทำค็อกเทลน่าสนใจๆ จากนี่ได้แน่ๆ!",
  "AcceptGift_category_cooking": "*สูดดม*... อา อาหารชั้นเยี่ยม คุณรู้ว่าผมชอบอะไรนะเนี่ย @$h",
  "accept_865": "*ฟุดฟิด* *ฟุดฟิด* ... กลิ่นหอมเตะจมูก!#$b#*ซู้ด* *ซู้ด* ... รสชาติซาบซ่าน! เนื้อสัมผัสสากๆ แบบนี้!#$b#ต้องเป็น มะเขือเทศเกลือรสเลิศแน่ๆ! ผมยอมจ่ายให้คุณ เพื่อแลกกับเมนูนี้",
  "GreenRain": "ผมเห็นพยากรณ์อากาศเมื่อคืนแล้ว ทำเอาผมกลัวมากเลย!$s#$e#สตาร์ดรอปซาลูนมีสัตว์ประหลาดหรือเปล่า? เกิดอะไรขึ้นกันเนี่ย?",
  "GreenRainFinished": "ผมดีใจที่ฝนหยุดเสียที ดูแลซาลูน ก็มีเรื่องให้กังวลพออยู่แล้ว ไม่อยากต้องมามี สภาพอากาศวิปริตในชีวิตอีกหรอก!",
  "GreenRain_2": "*สูดดม*... ฝนนี่มีกลิ่นที่เฉพาะเจาะจง คุณสังเกตไหม? เกือบจะคล้ายๆ กับสมุนไพรบดใหม่ๆ เลย...",
  "cropMatured_256": "เลวิสบอกผมว่า มะเขือเทศของคุณสุกแล้ว นั่นเป็นข่าวดีมากเลย!#$b#...แค่ลองนึกดูสิครับ ว่าโลกของการทำอาหารจะเป็นยังไง ถ้าขาดมะเขือเทศไป...",
  "eventSeen_502969": "มันเป็นเรื่องสำคัญสำหรับผม ที่ผู้คนจะได้กินอาหารอร่อย ที่ดีต่อสุขภาพ โชคไม่ดีที่ในโลกปัจจุบันนี้ เรื่องนั้นไม่ใช่เรื่องที่ง่าย สำหรับทุกคน",
  "married": "ไง @ แค่อยากบอกว่าผมดีใจกับคุณและ %spouse นะ",
  "dating_Emily_memory_oneweek": "พักหลังมานี้เอมิลี เดินกระฉับกระเฉงเป็นพิเศษ... สงสัยจังว่าเพราะอะไร? *ขยิบตา*",
  "divorced_once": "เฮ้ เสียใจด้วยนะเรื่องหย่า...$s#$e#ถ้าไม่อยากอยู่คนเดียว ซาลูนยินดีต้อนรับเสมอนะ",
  "divorced_twice": "การแต่งงานล้มเหลว อีกแล้วเหรอ? ก็นะ เกิดกันได้ งั้นผมคงได้เจอคุณ ที่ซาลูนบ่อยขึ้นสินะ...$s",
  "eventSeen_3206194": "ไง ไข่พวกนั้นของคุณดีจริงๆ  ไข่เจียวออกมาดูดีได้เพราะคุณเลย!",
  "Resort_Entering": "ไง @! ดีใจจังที่คุณมาด้วย เดี๋ยวจะเสิร์ฟของดีๆ อยู่ที่หลังเคาน์เตอร์บาร์นะครับ",
  "Resort_Leaving": "แล้วเจอกันอีกทีตอนกลับบ้าน @",
  "Resort": "ถ้าคุณต้องการเครื่องดื่ม แวะมาหาผมที่บาร์ได้เลย",
  "IslandSouth_14_21": "ไง รับเครื่องดื่มไหมครับ? ผมมีเครื่องดื่มเมนูพิเศษ จากวัตถุดิบท้องถิ่น ของเกาะนี้ด้วยนะ$h",
  "willyCrabs": "นี่น่าจะเป็นเค้กปูที่ดีที่สุด ที่ผมเคยทำมาเลย...",
  "Mon": "ใช่ ผมรู้เรื่องราวของผู้คนแถวนี้ เยอะแยะเลยครับ#$e#นี่อาจจะเป็นข้อดีอย่างหนึ่ง ของการเป็นบาร์เทนเดอร์ ก็ได้นะ$h#$e#แต่บางทีผมก็ได้ยินมัน มากเกินไปเหมือนกัน...",
  "pamHouseUpgrade": "เฮ้ ผมได้ยินข่าวแล้ว ว่าคุณทำอะไรให้แพมไปบ้าง คุณนี่ช่างน้ำใจดีงามมากๆ เลยนะครับ!$h#$e#แต่น่าเศร้า ผมไม่คิดว่ามัน จะทำให้เธอเลิก 'ดื่ม' ได้น่ะ...",
  "pamHouseUpgradeAnonymous": "ผมเจอแพมตั้งแต่หัววัน... เธอยิ้มกว้างปากแทบจะถึงหูเลย! แพมบอกว่ามีบางคน จ่ายค่าบ้านหลังใหม่ให้เธอ!#$e#ใครก็ตามที่ทำแบบนั้น ก็ควรได้รับสิ่งดีๆ เป็นการตอบแทน!$h",
  "Saloon": "ยินดีต้อนรับสู่สตาร์ดรอปซาลูน! รับอะไรดีครับ?",
  "Saloon4": "สวัสดีครับ @ ทำตัวตามสบายได้เลยนะ",
  "SeedShop_Entry": "สวัสดีครับปิแอร์!/เอาล่ะ ผมจะซื้ออะไรดีน้าา.../อ่า นั่นดูเหมาะเจาะไปเลย!/คืนนี้ผมจะทำซอสสูตรพิเศษ!/ปิแอร์! มีของอะไรสดๆ บ้างครับ?/ปิแอร์! คุณมีอะไรให้ผมซื้อบ้างล่ะ?",
  "Saloon8": "ไง สวัสดี @ ดีใจที่ได้เจอนะ! ที่นี่ยินดีต้อนรับคุณเสมอครับ",
  "Saloon_Tue": "สวัสดี! พักผ่อนตามสบายเลยนะ ขอให้สนุกครับ",
  "Saloon_Thu": "เฮ้ คุณน่าจะดื่มอะไรสักหน่อยนะ",
  "Saloon_Fri": "กิจการคืนนี้ไปได้สวยมาก น่ายินดีจริงๆ",
  "Tue": "ผมจะขายเมนูอาหาร ที่แตกต่างกันไปในแต่ละสัปดาห์ อย่าลืมแวะมาดูบ้าง ก็แล้วกันนะครับ!#$e#คุณอาจจะเจอ อาหารที่ถูกปากก็ได้$h#$e#ถ้าคุณแพ้อะไร ก็บอกผมด้วยล่ะ$s#$e#โอเค แล้วเจอกันครับ",
  "Wed": "เอมิลีทำงานที่ซาลูนนี้ มาได้สักพักแล้วแหละ ผมคงไม่รู้ว่าจะทำยังไงดี ถ้าไม่มีเธอ!#$e#ผมคงเกลียดที่ต้อง ล้างหม้อพวกนั้นทั้งหมดเอง$s",
  "Thu": "แพมกับคลินท์ มาที่ซาลูนแทบจะทุกคืนเลย#$e#ผมคงเจ๊งแน่ๆ ถ้าสองคนนั้นไม่มา$h#$e#แล้วอย่าไปไล่พวกเขาล่ะ!",
  "Thu6": "คลินท์มาซาลูนเกือบทุกคืน และนั่งประจำที่โต๊ะเดิมตลอด#$e#บางครั้ง ก็เห็นเขาเหลือบมองเอมิลี ด้วยสายตาที่ดูประหม่าพิกล อืม...#$e#บางทีนั่นอาจเป็นเหตุผล ที่เขามาบ่อยๆ ก็ได้ โอ้ นี่คือแหล่งทำเงินชั้นดีเลยล่ะ",
  "Thu8": "แพมมาซาลูนแทบทุกคืนเลย ดื่มเบียร์ก็เยอะมาก#$e#เอาเถอะ ผมไม่ควรไปตัดสินอะไร ลูกค้านี่นา",
  "Fri": "ว่าไง @ สวัสดีครับ ถ้าคุณอยากดื่ม ทำไมไม่แวะมา ที่ซาลูนสักหน่อยล่ะ?",
  "Fri4": "ผมไม่ค่อยดื่มเท่าไรหรอก ที่ทำอยู่ก็เพื่อปากท้องน่ะ#$e#ถึงบางครั้ง จะสนุกไปกับการชิมรสชาติ ของเหล้าองุ่นสตาร์ดิวแวลลีย์ ก็เถอะ",
  "Sat": "คุณทำครัวเก่งแค่ไหนครับ @?#$e#ถ้ามีครัว กับสูตรอาหารสักหน่อย คุณจะทำอาหาร ที่มีประโยชน์ได้เลย#$e#อาหารทำเอง ก็เป็นของขวัญที่ดีไม่น้อย เหมือนกันนะ",
  "Sun": "กิจการค่อนข้างมั่นคงแล้ว ขอขอบคุณเหล่าลูกค้าประจำ ทั้งหลายเลยครับ"
}
