{
  "Introduction": "อ๊ะ... เธอคือเด็กหนุ่มชาวไร่นี่นา ใช่หรือเปล่า?^อ๊ะ... เธอคือเด็กสาวชาวไร่ หรืออะไรก็แล้วแต่ ใช่หรือเปล่า?#$e#เอ้อ?... ฉันชื่อเฮลีย์นะ#$e#อืมม... ถ้าไม่ใส่เสื้อผ้าโทรมๆ อย่างนั้น ฉันว่าเธอน่าจะน่ารักมากๆ เลยนะ... แต่ช่างมันเถอะ$h",
  "FlowerDance_Accept": "โอ๊ะ... อยากเต้นกับ *ฉัน* สินะ?$13^โอ้? ได้สิ! ฉันจะเต้นกับเธอ!#$b#ฮี่ๆ... แน่อยู่แล้ว ฉันอยากเป็นคู่เต้นของเธอ$h^พวกเราจะสนุกกันมากแน่ๆ!$h#$e#ฮืมม... ฉันชอบความมั่นใจของเธอจัง ผู้ชายส่วนใหญ่น่ะ เขินจนไม่กล้ามาขอฉัน^วันนี้เธอดูดีสุดๆ เลย!$h",
  "AcceptBirthdayGift_Loved": "*อ้าปากค้าง*... เอามาให้ฉันเหรอ? ว้าว @ นี่เป็นของขวัญวันเกิด ที่เริ่ดที่สุดเลย!$h",
  "AcceptBirthdayGift_Liked": "งุ้ยยยยย ให้ของขวัญวันเกิดฉันเหรอ? ชอบมากเลยอะ!$h",
  "AcceptBirthdayGift_Negative": "อี๋! เอาของพรรค์นี้มาให้ฉัน ในวันเกิดเนี่ยนะ? นี่เธอสติดีหรือเปล่า!$a",
  "AcceptGift_(O)StardropTea": "ให้ฉันเหรอ? อู้วววว... ตัดสินใจไม่ได้เลยว่า ควรจะดื่มมัน หรือเอาไปใช้เป็นแชมพูดี...",
  "AcceptGift_(O)88": "$c 0.8#นั่นมัน... มะพร้าวเหรอ? ฉันชอบมากเลย!$h#อืมม.... มะพร้าวทำให้ฉัน นึกถึงวันที่ชายหาด พร้อมกับมีแสงแดดอุ่นๆ พอได้ถือมันไว้ในมือแล้ว ก็รู้สึกราวกับว่า ตัวเองอยู่ที่นั่นเลย... ถึงแม้จะเป็นตอนฝนตกก็ตาม",
  "AcceptGift_(O)421": "ว้าว สวยจัง! นี่คือสิ่งที่ฉันชอบสุดๆ เลย$h",
  "GreenRain": "ฉันว่าฉันไม่เคยมาเหยียบที่นี่เลย บรรยากาศก็อบอุ่นสบายๆ ดีนะ!$h#$e#โอ้ ฉันไม่ห่วงเรื่องฝนหรอก เดี๋ยวมันก็หยุดตกแน่นอน",
  "GreenRain_2": "ปลุกฉัน ตอนที่มีฝนชมพูแล้วกัน... หรือจะให้ดีกว่านั้น ก็ต้องเป็นเค้กชมพู ที่ตกลงมาเป็นฝนเลย!",
  "eventSeen_14": "ถ่ายรูปก็สนุกดี แต่ฉันต้องอาบน้ำ ตั้งสองชั่วโมงแน่ะ กว่าจะล้างโคลน ออกจากผมได้!$h",
  "eventSeen_13_memory_oneweek": "%เฮลีย์ส่งยิ้มทักทายคุณ คุณสังเกตเห็นว่า เธอใส่กำไลของย่าทวด",
  "eventSeen_12_memory_oneweek": "ว้าว ดูเหมือนจะมีคนอ่าน 'ซูเปอร์แฟชั่นเกิร์ล' ฉบับล่าสุดด้วยแฮะ... ตอนนี้ รองเท้าบูทแบบเลอะโคลน กำลังฮิตกันสุดๆ เลย!$h",
  "eventSeen_12_memory_twoweeks": "พ่อแม่ของฉัน ส่งโปสต์การ์ดมาให้อีกอัน... พวกเขาคงกำลังล่องเรือ ไปตามชายทะเลอัญมณี#$e#พวกเขาบอกว่าฉันกับเอมิลี สามารถไปสมทบตอนไหนก็ได้ แต่พูดกันตามตรงนะ... ใครอยากจะไปเที่ยวพักผ่อน กับพ่อแม่กันล่ะ?",
  "eventSeen_11_memory_oneweek": "เมื่อวันก่อน เอมิลีอบอะไรสักอย่าง ที่เรียกว่า 'ขนมปังกระรอก'...$u#$e#รสชาติเป็นยังไงน่ะเหรอ? เอิ่ม... มันก็ ถ้าฉันมีหางงอกออกมา เป็นพุ่มหนาได้อีกนิด ฉันก็คงจะชอบมากๆ เลยล่ะ$h",
  "eventSeen_11_memory_twoweeks": "เธอได้ดู 'หยดน้ำตา' ของตอนเมื่อคืนไหม? *สะอึกสะอื้น*... ฉันไม่อยากเชื่อเลยว่า ไคล์กับเอมี่จะเลิกกัน...$s",
  "cropMatured_421": "ชื่อของฉันมีความหมายว่า 'ทุ่งหญ้าแห้ง' แต่ฉันชอบจินตนาการว่า มันเป็นทุ่งที่เต็มไปด้วย ดอกทานตะวัน...",
  "dating_Haley": "ฉันกำลังรอเธอมาชวนอยู่เลย$l",
  "dating_Haley_memory_oneday": "วันนี้เธอดูหล่อมาก$l^วันนี้เธอดูสวยมาก$l",
  "married_Emily": "นี่คงจะทำให้เธอกลายเป็น 'พี่เขย' ของฉันแล้วสินะ? แค่คิดก็ตลกแล้ว^ไง นี่พวกเรา คงได้เป็นพี่น้องกันแล้วสินะ!$h",
  "divorced_Emily": "เธอกับเอมิลี ไปกันไม่รอดสินะ? อืม... อะไรแบบนี้ก็เกิดขึ้นได้แหละ#$e#แต่มันก็น่า *กระอักกระอ่วน* ที่เธอทั้งคู่ ยังอาศัยอยู่ในเมืองเล็กๆ นี้เนี่ยสิ",
  "dating_Haley_memory_oneyear": "แล้วนี่ คิดว่ายังไงอะ... ฉันจะได้เป็นแค่ 'แฟน' ของเธอ ไปตลอดกาลเลยใช่ไหม...?$7",
  "married_Emily_memory_oneweek": "เอมิลีเริ่มคุ้นเคย กับชีวิตชาวไร่แล้วใช่ไหม?#$e#คืองี้นะ เมื่อไม่กี่วันก่อน ฉันกำลังสงสัยอยู่เลยว่า เอมิลีจะได้แต่งงาน หรือเปล่า...",
  "Resort_Entering": "ฉันเห็นโลมา ตรงทางเข้าด้วยล่ะ!",
  "Resort_Leaving": "พระอาทิตย์น่ะ มีอะไรบางอย่าง ที่ทำให้ฉันรู้สึกดี",
  "Resort_Shore": "แปลกดีแฮะ สถานที่ต่างๆ ที่ชีวิตจะพาเราไปพบเจอน่ะ... ใครจะรู้ว่าข้างนอกนั่น มีที่ไหนให้ค้นพบอีกบ้าง",
  "Resort_Shore_2": "ว้าว ดูสิว่าแสงอาทิตย์ที่ขอบฟ้า ส่องประกายระยิบระยับแค่ไหน!$h#$b#พนันเลยว่า เราจะได้ภาพพระอาทิตย์ตก อันน่าตื่นตะลึง ของที่นี่แน่นอน#$e#ครั้งหน้าฉันต้องไม่ลืม พกกล้องมาด้วยแล้วล่ะ",
  "Resort_Towel": "การทำผิวแทนแบบไร้ที่ติ คืองานศิลปะ...#$e#ก็คล้ายๆ กับการย่างมาร์ชแมลโลว์ นั่นแหละย่ะ... เธอจะต้อง พลิกร่างกายให้ถูกจังหวะ$h",
  "Resort_Towel_2": "เอนหลังลงบนหาดเขตร้อน#$b#*เฮ้อออ* ฉันว่าในที่สุด ฉันได้เจอที่ของฉัน ในจักรวาลอันกว้างใหญ่นี้ แล้วล่ะ#$e#แต่ก็คิดว่า สตาร์ดิวแวลลีย์ก็เป็นสถานที่ ที่ไม่เลวเหมือนกัน!$h",
  "Resort_Towel_3": "เพื่อนของเอมิลี ส่งชุดว่ายน้ำชุดนี้มาให้ฉัน จากเมืองซูซูเชียวนะ#$e#เมืองแห่งแฟชั่นนะยะ เป็นอีกระดับหนึ่งเลย ใช่ไหมล่ะ?$h",
  "Resort_Chair": "ฉันทาสีเล็บเท้าเป็นสีฟ้า จะได้เข้ากับทะเลยังไงล่ะ เธอคิดว่าไงบ้าง? *กระดิกนิ้วเท้า*$h",
  "Resort_Bar": "กัสชงน้ำผลไม้ที่น่าร๊ากกก น่ารัก ให้ฉันโดยเฉพาะด้วยล่ะ!$h",
  "Resort": "ชายหาดนี้มันช่างไร้ที่ติ ถ้าอยู่ที่นี่ตลอดไปได้ล่ะก็ ฉันทำแน่!",
  "FlowerDance_Accept_Spouse": "*ถอนหายใจ*... วันคืนแห่ง การเป็นราชินีดอกไม้ของฉัน จบลงแล้ว... ดังนั้นการเต้นรำนี่เลยออกจะ หวานอมขมกลืนน่ะ$s#$b#แต่ก็ได้...",
  "FlowerDance_Decline": "อี๋...ไม่ล่ะ!",
  "divorced": "ฉันอยู่ตัวคนเดียว ได้อยู่แล้ว...$7#$e#ขอบคุณสำหรับ ความทรงจำร่วมกัน$7#$e#เธอยังจะมาเกาะแกะฉัน ทำไมเนี่ย? กลับไปใช้ชีวิตของเธอสิ$7",
  "breakUp": "อ๊า!$8#$b#โอ้... ฮึ่มม เธอทำอย่างนี้กับฉันก่อนนะ ฮะ? ได้...",
  "dumped_Girls": "ฉันไม่มีอะไรจะพูดกับเธอ!$a",
  "secondChance_Girls": "ก็ได้ๆ ... จะไม่เย็นชาใส่เธอแล้ว แค่สัญญากับฉันนะ ว่าเธอจะไม่โกหกฉันอีกรอบ$s",
  "Mon": "ฉันว่าเมืองนี้มันเล็กไปอะ แย่นะ$u#$e#ฉันต้องขับรถไปสัก 20 ไมล์ เพื่อไปซื้อเสื้อผ้าเหมาะๆ$s#$e#นั่นแหละย่ะ เหตุผลว่าทำไมฉันถึงต้อง สั่งของออนไลน์เอา#$e#อะไร?",
  "Tue": "รองเท้าสวยนะ^แต่งหน้าสวยนี่#$b#มันทำจากพลาสติกหรือเปล่า?^หรือว่า เดี๋ยวนะ... นี่เธอแต่งหน้าแล้วเหรอเนี่ย?#$e#น่าเบื่อจัง",
  "Wed": "สิ่งเดียวที่ฉันชอบ เกี่ยวกับเมืองนี้ คือชายหาด$u",
  "Thu": "#$1 HaleyClothes#ฉันตัดสินใจแล้วว่า วันนี้จะจัดตู้เสื้อผ้า ฉันจะโยนของเชยๆ ทิ้ง จะได้มีที่ว่างสำหรับชุดใหม่!#$e#*ถอนหายใจ* แต่อยากกินคัพเค้กจัง#$e#มีอะไรเหรอ?",
  "Fri": "%เฮลีย์กำลังเมินคุณ",
  "Fri2": "วิ่งรอบฟาร์ม หรือทำอะไรที่นั่นทั้งวัน เธอไม่เหนื่อยบ้างเหรอ?#$e#ฉันจะไม่ทนเลอะเทอะ แบบนั้นแน่#$e#แต่ผิวเธอ เป็นสีแทนสวยเลยนะเนี่ย",
  "Sat": "ฉันอยากช็อปปิ้งจะแย่อยู่แล้ว อ๊า! อยากให้มีห้างอยู่แถวนี้จัง",
  "Sun": "พี่สาวฉันนี่แปลกคน บางทีฉันก็คิดว่า พวกเราเป็นพี่น้องกันจริงๆ หรือเปล่าเนี่ย$u",
  "Wed8": "ในเมืองนี้มี 2 อย่างที่ฉันชอบ#$b#หนึ่งคือชายหาด#$e#ส่วนอีกอย่าง เป็นความลับย่ะ! *ฮิฮิ*$h",
  "Tue2": "วันนี้จะมีคลื่นซัด เปลือกหอยสวยๆ มาเกยแถวชายหาด หรือเปล่านะ?#$e#ช่วงนี้ไม่ใช่ฤดู ที่เปลือกหอยจะโผล่มา ซะด้วยสิ",
  "Wed4": "ดอกไม้เริ่มบานแล้ว ดีจัง!#$e#โดยเฉพาะดอกสีชมพูตรงนั้น ส่งกลิ่นหอมจังเลย$h",
  "Fri6": "ฉันต้องหางานอดิเรกอย่างอื่น นอกจากช็อปปิงแล้วล่ะ#$e#ฉันตัดสินใจแล้วว่า ฉันต้องเปิดมุมมองให้กว้างขึ้น#$e#หรือจะลองหัดดีดพิณดีนะ?",
  "Mon6": "ฉันเคยบ่นว่า เมืองนี้เล็กเกินไป แต่กลายเป็นว่า ฉันเริ่มชอบมันซะงั้น#$e#ถ้าเมืองใหญ่กว่านี้ ก็คงจะรู้สึกว่า ไม่เป็นชุมชนแล้วล่ะ",
  "Thu6": "เมื่อคืนฉันทำอาหารค่ำ แล้วก็ออกมาใช้ได้นะ!#$e#แต่ว่าฉันทำห้องครัว เละไปหมดเลย...",
  "Sun6": "ฉันเริ่มคิดว่า จะบริจาคเสื้อผ้าสักหน่อย... ต้องมีรองเท้าเป็น ร้อยคู่แน่ๆ",
  "Sat8": "#$1 haleySeagull#เมื่อวานนี้ ฉันไปเจอนกนางนวล ปีกมันติดอยู่ในตาข่าย ก็แน่ล่ะ ฉันต้องปล่อยมันอยู่แล้ว ก็มันดูน่าสงสารนี่นา$k$s#$e#รู้ไหม! ฉันต้องเริ่มออกกำลังมากขึ้น แล้วล่ะ... การเผาผลาญพลังงาน ของวัยรุ่นมันอยู่ไม่นาน หรอกเนอะ",
  "Fri10": "@ ไว้สักวันเราไปเที่ยว ตั้งแคมป์กันไหม?#$e#ที่ๆ แปลกใหม่ที่สุด ที่ฉันเคยไปคือเมืองซูซู",
  "Event_clean1": "*ถอนหายใจ*...$u",
  "Event_clean2": "ไม่!! ฉันจะไม่ทำเด็ดขาด!#$b#พวกเธอมันงี่เง่าทั้งคู่เลย!%fork$a",
  "Event_clean3": "เธอทำในสิ่งที่ 'สมควร'? ... นั่นหมายความว่าไง?$u#$b#เธอคิดว่าฉัน เป็นเด็กน้อยหรือไงฮะ?%fork$a",
  "Event_jar1": "เยี่ยม งั้นเธอก็คงจะ เปิดโหลนี้ให้ฉันได้สบายๆ เลยสินะ!$h",
  "Event_jar2": "โอ้...ไม่หรอกเหรอ? อืมมมม...$s#$b#ยังไงก็ลองช่วยฉัน เปิดโหลนี้ดูก่อนได้ไหม?",
  "Event_darkroom1": "โอ้ว ขอบคุณมาก!$h",
  "Event_darkroom2": "โอ้ ฉันคิดว่าเธอรู้อยู่แล้ว#$b#ห้องนี้เอาไว้ล้างฟิล์ม และอัดรูปน่ะ",
  "Event_darkroom3": "อย่างนั้นเหรอ...?$s",
  "Event_darkroom4": "โอ้ว ขอบใจนะ!$h",
  "Event_darkroom5": "โอ้ ฉันคิดว่าเธอรู้อยู่แล้ว#$b#ห้องนี้เอาไว้ล้างฟิล์ม และอัดรูปน่ะ",
  "Event_darkroom6": "อย่างนั้นเหรอ...?$s",
  "Event_beach1": "ไม่ ทำงั้นไม่ได้นะ! กำไลนี่เป็นของ ที่ตกทอดมาจากคุณย่าทวด ของฉันเชียวนะ!$a",
  "Event_beach2": "*ถอนหายใจ*$s#$b#...บางที มันอาจจะโดนซัดขึ้นฝั่ง ที่อื่นก็ได้... ไม่อยากคิดเลยว่า มันจะจมไปอยู่ใต้ทะเลแล้ว",
  "Event_room1": "เขาเหรอ?...ไม่!#$b#...เอาล่ะ ฉันว่าฉันเคยชอบอเล็กซ์นะ แต่ตอนนี้ไม่แล้วล่ะ! ... ตานั่นลูกแหง่จะตาย",
  "Event_room2": "อะไรนะ? ...ก็ฟังดูน่าสนุกอยู่ แต่ฉันยังไม่อยาก จะไปจากสตาร์ดิวแวลลีย์ ตอนนี้หรอก...",
  "Event_room3": "หา? แอนดรอยด์คืออะไรเหรอ?",
  "summer_Mon": "หน้าร้อนนี้ ฉันจะต้องมีผิวสีแทนสวยๆ ให้ได้เลย",
  "summer_Tue": "อี๋ เธอสกปรกไปทั้งตัวเลย",
  "summer_Wed": "อ่า... ฮะ?#$e#ไม่ได้ยินที่เธอพูดเลย พอดีคิดเรื่องอื่นอยู่น่ะ",
  "summer_10": "เธอมีลูกกระต่าย ในฟาร์มเปล่า? พวกมันน่ารักมากเลยนะ! <",
  "summer_Thu": "ถ้าอยู่กลางแดดบ่อยๆ เส้นผมเธอ จะเป็นสีบลอนด์มากขึ้น#$e#รู้ไว้ไม่เสียหายนะ!",
  "summer_Fri": "อยากรู้จังว่า อเล็กซ์ทำอะไรอยู่วันนี้...#$e#เอ๋? ไม่ทันสังเกตเลยว่า เธอยืนอยู่ตรงนั้น",
  "summer_Sat": "ทำงานในฟาร์ม ฟังดูน่าเบื่อจัง...#$q 42/43 summer_Sat_old#วันๆ ทำอะไรบ้างน่ะ?#$r 42 10 summer_Sat_12#ดูแลพืชผล#$r 42 10 summer_Sat_12#สำรวจถ้ำ#$r 43 -10 summer_Sat_13#แอบส่องห้องเธอ#$r 42 10 summer_Sat_12#ขุดสมบัติ",
  "summer_Sat_old": "#$p 43#เฮ้ อย่ามาแอบส่องห้องฉันอีกนะ!$a|ฉันเดาว่ามันทำให้เธอ มีรูปร่างดีนะ",
  "summer_Sat_12": "หืมมม... ท่าทางจะงานหนักเลยนะ",
  "summer_Sat_13": "อะไร? เธอไม่ทำแบบนั้นจะดีกว่านะ!$a",
  "summer_Sun": "ปกติแล้ว เอมิลีจะเป็นคน ทำอาหารเย็นน่ะ... แต่เธอชอบทำอะไรแปลกๆ อย่างข้าวฟ่างอบ",
  "summer_Tue2": "นี่เธอใส่เสื้อผ้าแบบนั้น ทุกวันเลยเหรอ?",
  "summer_Tue4": "$p 47#เฮ้ ฉันได้เครื่องมือใหม่ ที่จะเอามาเปิดขวดโหลแล้วล่ะ ฉันไม่ต้องให้เธอมาช่วย อีกแล้วแหละ$h|วันนี้ท้องฟ้า ไม่มีเมฆเลยนะ$h",
  "summer_Wed4": "วันนี้ร้อนจัง!#$e#อยากกินไอศกรีม$s",
  "summer_Fri4": "วันนี้ฉันฝึกเซ็นชื่ออยู่ 3 ชั่วโมง#$e#ฟังดูงี่เง่าใช่ไหมล่ะ?",
  "summer_Thu6": "ถ้าอยู่กลางแดดบ่อยๆ เส้นผมเธอ จะเป็นสีบลอนด์มากขึ้น... แต่อยู่นานไป ผิวก็จะไหม้เอานะ#$e#ฉันต้องการแสงแดด แค่พอสมควร... ทุกอย่างก็ต้องมี จุดที่พอดีใช่ไหมล่ะ?",
  "summer_Mon6": "ฉันควรจะเริ่ม หัดอ่านหนังสืออย่างอื่น... นอกจากพวกนิตยสารแล้วล่ะ#$e#การเรียนรู้ เป็นสิ่งที่ดีใช่ไหม?#$e#ที่ผ่านมาฉันดูแต่รูปน่ะ",
  "summer_Sun6": "#$1 HaleySister#เมื่อคืนนี้ ฉันคุยกับพี่สาวสักพักหนึ่ง... ความจริงมันก็สนุกดี เหมือนกันนะ#$e#รู้เปล่า ความจริงแล้ว เอมิลี ก็ไม่ใช่คนแปลกสักเท่าไร... ฉันคิดว่าเรา มีอะไรที่เหมือนกัน มากกว่าที่เคยคิด#$e#อย่าเอาไปบอกเธอนะยะ ว่าฉันพูดแบบนี้",
  "summer_Sat6": "วันนี้น่าลงไปว่ายน้ำนะ!",
  "summer_Tue8": "ฉันว่าการใช้ชีวิตอยู่ในชนบท ก็ไม่เลวนะ#$e#ถ้าฉันอาศัยอยู่ในเมือง ฉันคงต้องคิดถึง ต้นไม้ใบหญ้าที่นี่#$e#@ สงสัยฉันใช้เวลากับเธอ มากไปแน่ๆ$h",
  "summer_Fri10": "อ้าว ว่าไง @!#$e#เธอชอบเด็กๆ หรือเปล่า?$l",
  "fall_1": "นี่เข้าฤดูใบไม้ร่วงแล้วเหรอ?$s",
  "fall_Mon": "มันน่าขยะแขยงมาก... ตอนที่ใบไม้ร่วงพวกนี้ เริ่มเน่าอยู่บนพื้น",
  "fall_Tue": "อืมม... กลิ่นตุๆ นะ...#$e#เธอไปทำงานในฟาร์ม มาเหรอ หือ?",
  "fall_Wed": "โอ้ ว่าไง... จะเอาอะไรหรือเปล่า?",
  "fall_Thu": "อยากไปช็อปปิงจะแย่อยู่แล้ว *ถอนหายใจ*",
  "fall_Fri": "ที่ติดบนเข่าเธอนั่น เศษหญ้าหรือเปล่า?#$e#โทษทีนะ... ฉันแพ้หญ้าน่ะ",
  "fall_Sat": "ตอนนี้หนาวเกินกว่าจะไป เดินเล่นชายหาดแล้ว#$q 44 fall_Sat_old#*ถอนหายใจ*...เธอว่าวันนี้ ฉันควรจะทำอะไรดีล่ะ?#$r 44 10 fall_Sat_12#วาดรูปสีน้ำ#$r 44 20 fall_Sat_12#พักผ่อนอ่านนิตยสาร#$r 44 -30 fall_Sat_13#เลิกทำตัวเป็น เด็กขี้แงเอาแต่ใจ",
  "fall_Sat_old": "เดี๋ยวกลับไปนอนสักงีบดีกว่า",
  "fall_Sat_12": "อืมม... นั่นก็เป็นไอเดียที่ดีมาก จริงๆ นะ",
  "fall_Sat_13": "ไปไกลๆ เลยไป... เจ้างั่งนิสัยเสีย$a",
  "fall_Sun": "ฉันไม่เคยเข้าไปในป่าเลย มันมีแต่ขี้โคลนอะ... ถ้าโดนแล้ว จะมีผื่นขึ้นที่เท้าฉัน",
  "fall_Tue2": "เหมือนจะได้กลิ่นดิน...#$b#อ้อ...จริงสิ เธอทำงานในฟาร์มนี่นา",
  "fall_Fri4": "เธอหน้าตาเหมือน เพิ่งทำงานหนักมาเลยนะ#$b#ไม่ไปพักหน่อยเหรอ?",
  "fall_Wed4": "ถ้าเกิดรู้สึกเบื่อๆ ก็มาทักทายกันได้นะ",
  "fall_Thu6": "การช็อปปิงไม่ได้ฟังดู น่าสนุกเหมือนเมื่อก่อนแล้ว#$e#ฉันเป็นอะไรไปนะ?#$e#อืมมมม...",
  "fall_Mon6": "$p 48#ฉันเคยบอกเธอหรือยัง ว่าฉันเจอกำไลของคุณย่าทวด อีกข้างแล้วนะ ที่ห้องใต้หลังคา?|เห็นกำไลนี่ไหม? ของคุณย่าทวดฉันเอง#$e#คุณย่าทวดของฉัน เป็นผู้หญิงที่น่าสนใจมากๆ เลยล่ะ",
  "fall_Sun6": "ฉันไม่เคยเข้าป่าเลยนะรู้เปล่า#$e#แต่ว่ามันก็น่าเข้าไป สำรวจในสักวันหนึ่งนะ",
  "fall_Tue8": "ฉันชักจะเริ่มชอบ กลิ่นดินขึ้นมาแล้วสิ มันฟังดูแปลกๆ นะว่าไหม?#$e#ฉันคิดว่ามันคงเป็นเพราะ เธอมาหาฉัน ตลอดเวลาแน่ๆ เลย!",
  "fall_Mon10": "@ ฉันดีใจที่ได้เจอเธอ ในวันนี้นะ$h",
  "winter_Mon": "ฉันอยากอยู่ที่อุ่นๆ กว่านี้จัง",
  "winter_Tue": "ว่าไง ต้องการอะไรจากฉันเหรอ?#$e#...",
  "winter_9": "ฮึ่มม เสื้อเธอยี่ห้ออะไรเหรอ?#$e#โอ้ อืม ช่างมันเถอะ",
  "winter_Wed": "หวังว่าจะมีใครบางคน เอากาแฟเปปเปอร์มินต์ มาให้ฉันจัง$s#$e#แต่ไม่ต้องสนใจหรอก... ฉันรู้ว่ายังไง เธอก็ทำไม่เป็นอยู่ดี",
  "winter_Thu": "ฉันจะไปจดรายชื่อเสื้อผ้า ที่อยากได้ ในฤดูใบไม้ผลิปีหน้าล่ะ",
  "winter_Fri": "เธอมีลูกม้าในฟาร์ม หรือเปล่า?$h#$e#อ้าว น่าผิดหวังจัง...$s",
  "winter_Sat": "สิ่งเดียวที่ดีที่สุด ในหน้าหนาว คือการนอน... ฉันนอนได้อย่างน้อย 10 ชั่วโมงทุกคืนเลยนะ",
  "winter_Sun": "เธอช่วยไปทักทายอเล็กซ์ แทนฉันได้ไหม?#$e#ขอบใจนะ",
  "winter_Tue2": "เธอชื่อ @ ใช่ไหมนะ?#$e#ฉันลืมอยู่เรื่อยเลย",
  "winter_Tue4": "ไง @#$e#ในฟาร์มเธอ พอจะมีอะไรน่าตื่นเต้น บ้างไหม?",
  "winter_Wed6": "ฉันเริ่มจะคิดได้ว่า ความดูดี ไม่ใช่สิ่งที่สำคัญที่สุดหรอก เธอว่าไหม?#$e#แต่ฉันก็ยังชอบแต่งตัวอยู่นะ ฉันหมายถึงว่า... ทำไม เราจะแสดงความเป็น ตัวตนของเราออกมาบ้าง ไม่ได้ล่ะ?",
  "winter_Thu6": "ฉันน่าจะ บริจาคกระโปรงไปบ้างนะ#$e#ฉันหมายถึงจำนวนกระโปรง ที่ฉันมีก็เกิน 1,000 ตัวไปแล้ว$h#$e#...ว่าไงนะ?",
  "winter_Sun6": "อืม ถ้าเห็นอเล็กซ์ เธอช่วยบอกเขาได้ไหมว่า วันนี้ฉันไม่ว่าง#$e#ขอบคุณนะ",
  "winter_Mon8": "ฉันอยากให้สตาร์ดิวแวลลีย์ อุ่นกว่านี้จัง#$e#ฉันย้ายไปที่อื่น ก็ได้นะ แต่...",
  "winter_Fri8": "เธอคิดว่า เธอจะเลี้ยงลูกม้าในฟาร์ม บ้างไหม?",
  "winter_Sat8": "ยินดีด้วยที่เธอมีงานให้ทำ ในฤดูหนาวน้อยลงนะ#$e#คงจะดีที่ได้พักบ้างเนอะ?",
  "winter_Sun10": "@ วันนี้เธอดูมาดแมนดีนะ ฉันชอบจัง^@ วันนี้เธอดูน่ารักดีนะ#$e#...$h"
}
