{
  "Introduction": "ยินดีที่ได้รู้จักครับ ผมชื่อฮาร์วีย์ เป็นแพทย์ประจำท้องถิ่น#$e#ผมตรวจสุขภาพ และรักษาประชาชนทุกคน ในเมืองเพลิแกน เป็นงานที่ทำให้รู้สึกมีคุณค่า#$e#ผมหวังว่าคุณ จะพบงานที่ทำให้รู้สึก มีคุณค่าเหมือนกันนะครับ$h",
  "AcceptBirthdayGift_Positive": "โอ้! ขอบคุณมากเลยนะครับ! ผมไม่ได้คิดว่าจะมีใครรู้ ว่าวันนี้เป็นวันเกิดของผม$h",
  "AcceptBirthdayGift_Negative": "โอ้! มันเป็น... อ่า เป็นของขวัญสินะครับ ผมไม่ได้คิดว่าจะมีใครรู้ ว่าวันนี้เป็นวันเกิดของผม",
  "AcceptGift_(O)StardropTea": "คุณให้นี่กับผมเหรอ? ดีใจมากเลย ขอบคุณครับ!",
  "FlowerDance_Accept": "โอ้! คุณ... อยากจะเต้นรำกับผมเหรอ?$4#$b#...ได้ครับ เป็นเกียรติอย่างยิ่ง!$h",
  "GreenRain": "ผมเอาพวกหยูกยา มาด้วยนิดหน่อย เผื่อไว้น่ะ ออกไปข้างนอก ก็ระวังตัวด้วยนะครับ!",
  "GreenRain_2": "ครั้งแรกที่ฝนตก พวกเราต่างก็กลัวว่า มันอาจจะเป็นอันตราย#$b#แต่ถ้าจริงๆ แล้วมันดีกับร่างกายล่ะครับ? ใครจะไปรู้... อย่างน้อยพวกพืชต่างก็ดูตอบสนอง ไปในทางดีกับฝนนี่นะ",
  "AcceptGift_(O)432": "นี่ให้ผมเหรอ? ขอบคุณ! เอานี่ไปเหยาะใส่พาสต้า ต้องยอดเยี่ยมแน่$h",
  "AcceptGift_(O)348": "ให้ผมเหรอ? เป็นของขวัญที่ยอดมาก! ดูน่ากินสุดๆ!$h#$b#รู้ไหม ถ้าพูดในแง่ของ การทำงานของร่างกายแล้ว ผมคงไม่แนะนำ ให้ดื่มแอลกอฮอล์ครับ...#$b#แต่ก็ปฏิเสธไม่ได้ถึงประโยชน์ ในแง่ของการได้เอนหลัง นั่งจิบไวน์จากสตาร์ดิวแวลลีย์ดีๆ สักแก้วให้สบายใจหรอก!$h",
  "eventSeen_56_memory_fourweeks": "ผมทำ 'รายการสรรพสัตว์' มาได้สองสามปีแล้ว ผมอยากสังเกตสัตว์ทุกสปีชีส์ ที่อาศัยอยู่ในหุบเขานี้น่ะครับ!",
  "eventSeen_56_memory_twoweeks": "ผมเคยพยายาม ดองแตงกวาเองอยู่ครั้งหนึ่ง...$s#$e#เอ่อ ให้ผมบอกอย่างนี้แล้วกันนะ... กบที่พวกเราได้ผ่ากัน ตอนมอปลายน่ะ พอเทียบกันแล้ว กลิ่นหอมเหมือนกุหลาบเลยครับ...",
  "eventSeen_56": "พอเป็นหมอในเมืองเล็กๆ ก็ช่วยไม่ได้ ที่จะก่อเกิดความสัมพันธ์ ที่เป็นส่วนตัวกับคนไข้ นั่นมันเป็นได้ทั้งเรื่องดี และไม่ดีเลย...",
  "eventSeen_58_memory_oneweek": "ในเมื่อคุณ รู้ความลับของผมแล้ว ผมก็อัปเดต ให้คุณฟังด้วยเลยแล้วกัน... ผมเหนื่อยลดลงเยอะเลย หลังคลาสเต้นแอโรบิค ในสัปดาห์นี้!",
  "eventSeen_58_memory_twoweeks": "ช่วงคลาสแอโรบิค ผมได้ออกกำลังกาย ไปเยอะเลย ผมว่าผมให้รางวัลตัวเอง เป็นพาสต้าพรีมาวีราคืนนี้ได้ละ...$h",
  "eventSeen_58_memory_fourweeks": "ผมไม่รู้ว่าทำไมผมถึงเคยอาย ที่ไปคลาสเต้นแอโรบิค ขาของผมแข็งแรงขึ้นมาก จนผมควรรู้สึกกล้าหาญ ได้แบบเจ้าป่าเลย!",
  "eventSeen_571102_memory": "ผมไม่เคยบอกใครเรื่อง งานอดิเรกเกี่ยวกับเครื่องบิน ของผมมาก่อนเลย... สงสัยผมคงแค่ รู้สึกสบายใจเวลาคุยกับคุณน่ะ",
  "eventSeen_571102_memory_oneweek": "ในฐานะหมอ เราช่วยคนไข้ได้ถึงจุดหนึ่ง เท่านั้นแหละครับ...#$e#ผมเคยทำผิดพลาด ในการเอาใจไปผูกกับคนไข้ มากเกินไปมาก่อนในอดีต... ผมจะไม่ให้มันเกิดขึ้น อีกแล้วละครับ...$s",
  "dating_Harvey": "ผมไม่เคยรู้สึกแบบนี้มาก่อนเลย...$l",
  "dating_Harvey_memory_oneday": "ผมคิด เรื่องเกี่ยวกับคุณมากเกินไป ผมแทบทำงานไม่ได้เลยครับ$l",
  "dating_Maru_memory_oneday": "พักหลังมานี้ มารุดูสดใสผิดปกติ... ผมได้ยินมาว่าคุณอาจจะ มีส่วนในเรื่องนั้นสินะครับ",
  "married_Maru": "ยินดีกับการแต่งงานด้วยนะ @ มารุบอกผมแล้วละครับ ว่าจะทำงานที่คลินิกต่อ ซึ่งช่วยให้โล่งอกมากเลย!",
  "married_Harvey": "นี่เป็นชั่วขณะ ที่ดีที่สุดในชีวิตของผมเลย...$l",
  "Resort_Entering": "ครีมกันแดด? มีแล้ว...#$b#หมวกกันแดด? มีแล้ว...",
  "Resort_Leaving": "ถ้าผิวไหม้ล่ะก็ ใช้ครีมว่านหางจระเข้ทาบางๆ อาจจะช่วยให้ดีขึ้นนะครับ",
  "Resort_Shore": "ผมไล่กวาดเศษแก้วที่ชายหาด ทั้งหมดแล้วละครับ เราคงไม่อยากให้ มีใครโดนแก้วบาดเท้า หรอกใช่ไหม!",
  "Resort_Chair": "ดีจังนะ ที่นานๆ ทีจะมีโอกาส ได้มาผ่อนคลายบ้าง#$b#ปัญหามันอยู่ที่ การปล่อยวางความกังวล ของเรานี่แหละครับ..$s",
  "Resort_Bar": "ในอากาศร้อนแบบนี้ การดื่มน้ำให้เพียงพอ เป็นเรื่องสำคัญนะครับ ผมจะไปถามกัสหน่อย ว่าเขาพอจะมีน้ำมะพร้าวไหม!$h",
  "Resort": "ผมจะบอกความลับ เล็กๆ ให้ฟัง... ผมว่ายน้ำได้ ด้วยห่วงยางเท่านั้นแหละ$s",
  "FlowerDance_Accept_Spouse": "ผมรอมาตลอดบ่ายเลยครับ! คุณดูเปล่งปลั่งสดใส ท่ามกลางอากาศบริสุทธิ์ แห่งฤดูใบไม้ผลินะครับที่รัก$l",
  "FlowerDance_Decline": "โอ้! ขอโทษด้วยครับ... ผม เอ่อ... ตั้งใจจะชวนคนอื่นอยู่แล้วน่ะ$s",
  "divorced": "ผ... ผมไม่อยากเห็นหน้าคุณ ได้โปรด อย่าสร้างความเจ็บปวด ให้ผมอีกเลย$s",
  "breakUp": "...ค...คุณ...?$s#$b#*อึก*... ผ... ผมคิดว่า ผมกำลังจะเป็นบ้า...$s",
  "dumped_Guys": "งานผมยุ่งมาก ผมไม่ว่างคุยกับคุณ$s",
  "secondChance_Guys": "ผมต้องการให้คุณ กลับมาอยู่ในชีวิตผมอีกครั้ง @ ผมจะลืมเรื่องราวต่างๆ ที่เคยเกิดขึ้น$s",
  "Mon": "ในคลินิกแห่งนี้ พวกเราขายยา ที่ไม่ต้องใช้ใบสั่งยา อย่าลังเลที่จะเข้ามา ถ้าคุณรู้สึกไม่สบาย#$b#ผมรู้ว่าการเป็นชาวไร่ เป็นงานที่หนักหนามาก... อย่าหักโหมล่ะครับ!",
  "Mon2": "ผมรู้สึกว่าต้องรับผิดชอบ สุขภาพของทุกคน ในชุมชนนี้... มันก็เครียดอยู่นะครับ#$e#ด้วยความที่ มันเป็นชุมชนขนาดเล็ก และก็โชคดี ที่สร้างสัมพันธ์อันดี กับคนไข้ที่นี่ได้",
  "Mon6": "ผมคิดว่าจะอยู่ที่ สตาร์ดิวแวลลีย์ไปสักพัก ในที่สุดผมก็เริ่มรู้สึก เป็นส่วนหนึ่งของชุมชนสักที#$e#มันทำให้รู้สึกดี ที่ได้ทำตัวมีประโยชน์น่ะ",
  "Mon10": "โอ้! ว่าไงครับ @$l#$e#คุณ... มีคำถามเกี่ยวกับ สุขภาพรึเปล่าครับ?$l",
  "Tue": "ถ้ารู้สึกไม่สบาย แวะมาที่ออฟฟิศผม ได้เลยนะ#$e#ถึงคุณจะยังอายุน้อย ไม่ต้องพยายามทำอะไร ก็ยังสุขภาพดีอยู่ก็เถอะ$h",
  "Tue8": "$query PLAYER_NPC_RELATIONSHIP current any married roommate#อย่าโหมงานหนักนักละ @ หมอขอสั่งครับ!#$e#ถ้าชาวไร่ของเราล้มป่วย แล้วเราจะหาอาหาร มาจากไหนกันครับ? พวกเราต้องการคุณนะ!$h|อย่าโหมงานหนักนักละ @ หมอขอสั่งครับ!#$e#สุขภาพของคุณ สำคัญสำหรับผมนะ$l",
  "Wed4": "ผมอยากจะรู้จักคุณมากกว่านี้ @ พักความสัมพันธ์ แบบหมอกับคนไข้ ของพวกเราไว้ก่อนนะ",
  "Wed6": "การมีเพื่อนในเมืองมันดีนะ$h",
  "Wed8": "คุณมีสุขภาพดีจริงๆ นะเนี่ย มันดีมากเลย$h",
  "Wed": "อย่าลืมปิดปาก เวลาจามด้วยนะครับ#$e#แล้วก็อย่าลืมล้างมือด้วยล่ะ",
  "Thu8": "$query PLAYER_NPC_RELATIONSHIP current any married roommate#ในฐานะหมอ ผมตระหนักดีถึงประโยชน์ ของอาหารที่ปรุงเองที่บ้าน แต่ผมยุ่งมากเสียจน ผมทำอาหารไม่ไหว$s|การเป็นหมอนั้น ต้องเจอกับงานหนักมาก จนผมแทบจะไม่ได้ทาน อะไรเท่าที่ควร$s#$e#ถ้าผมไม่ได้อยู่ตัวคนเดียว ชีวิตก็คงจะง่ายขึ้นกว่านี้$l",
  "Thu": "โภชนาการคือสิ่งสำคัญ ต้องมั่นใจว่าได้กิน สิ่งที่มีประโยชน์ พยายามกินผักเพิ่มนะ!#$e#อาหารที่ทำเองจึงดีที่สุด คุณทำอาหารเป็นไหมครับ?",
  "Fri": "เป็นวันที่ดี ใช่ไหมครับ?#$e#ผมหวังว่า จะมีงานน้อยลงกว่านี้นะ$s",
  "Fri4": "ถ้าคุณอยากจะมาหาผม ที่อพาร์ตเมนต์ก็ได้นะ ผมอยู่ด้านบน ของคลินิกนี่แหละ",
  "Fri10": "แวะมาหาผมที่คลินิกได้นะ ถ้าคุณอยากจะ ตรวจร่างกาย เป็นการส่วนตัว$l",
  "Sat": "มีอะไรให้ผมช่วยไหมครับ?#$e#ดูแลตัวเองด้วยล่ะ",
  "Sat4": "ผมมาที่นี่ เพราะผมชอบบรรยากาศ ของเมืองเล็กๆ และศักยภาพของการใช้วิธี ดูแลผู้ป่วยแบบองค์รวม#$e#จนตอนนี้เรียกได้ว่า รักอย่างเต็มปากเลยล่ะ$h",
  "Sat10": "*ถอนหายใจ*... ผมเริ่มรู้สึกว่า ตัวเองแก่ซะแล้วสิ...#$e#เมื่อคุณแก่กว่านี้ ก็จะมีความทรงจำ ที่ต้องแบกรับไว้มากขึ้นด้วย จนกระทั่งมันครอบงำคุณ$s#$e#เวลาที่คุณอยู่ด้วย ผมว่าผมเด็กลงกว่าเดิมนะ$l",
  "Sun": "หืมม... ผมกำลังขัดสนเรื่องเงินล่ะ คนไข้ที่นี่มีน้อยเกินไป#$e#ผมว่า ผมควรจะไปออกรักษา คนไข้ที่เมืองใกล้ๆ นี่ด้วยแล้วล่ะ",
  "Sun6": "เมื่อลองคิดว่า มีชีวิตของคนไข้ ที่อยู่ในกำมือเป็นเดิมพัน  แล้วกลับไม่สามารถ ช่วยชีวิตพวกเขาได้... นั่นคงเป็นสิ่งที่ ตามหลอกหลอน คุณไปชั่วชีวิตเลยล่ะ$s",
  "event_george1": "ขอบคุณนะ @$h#$b#เห็นไหมจอร์จ ผมแค่พยายามจะช่วยคุณ",
  "event_george2": "*ถอนหายใจ*$s#$b#ฟังนะจอร์จ ถ้าคุณยังทำตัวแบบนี้ ผมจำเป็นต้องบอก ภรรยาคุณนะ ผมไม่คิดว่าเธอ จะมีความสุขหรอกครับ",
  "event_aerobics1": "ขอบคุณครับ @ ผมรู้สึกซาบซึ้งมากเลยล่ะ$h",
  "event_aerobics2": "*ถอนหายใจ*... หยาบคายจริง$s",
  "event_heart1": "โอ้! โรงพยาบาลทำให้คุณกังวล อย่างนั้นเหรอครับ หือ?#$b#แค่ทำใจให้สบายเท่านั้นแหละ ผมอยู่นี่แล้ว$h",
  "event_heart2": "โอเค นั่นก็สมเหตุสมผลอยู่นะ",
  "event_heart3": "อืม โอเค... ถ้าคุณว่างั้น$s",
  "event_grave1": "...คุณพูดถูก#$b#...ขอบคุณนะ",
  "event_grave2": "*ถอนหายใจ*$s",
  "summer_Mon": "การออกมารับแสงอาทิตย์ ก็เป็นเรื่องดีนะ แต่อย่าปล่อยให้ถูกแดดเผาล่ะ#$e#โอเค ดูแลตัวเองด้วย! ขอให้สุขภาพแข็งแรงครับ",
  "summer_Thu": "การออกกำลังกายมันก็สำคัญ แต่ว่าอย่าหักโหมมากนะครับ ไม่อย่างนั้นคุณอาจจะ มาลงเอยที่คลินิกของผม!#$e#อย่าลืมฟังเสียงร่างกาย ของตัวเองด้วยล่ะ",
  "summer_Fri": "คนส่วนใหญ่ ไม่ค่อยป่วยในฤดูร้อนหรอก มันดีมาก แต่ก็หมายความว่า งานของผมก็ลดน้อยลงไปด้วย",
  "fall_Fri": "คุณได้ไปที่เหมืองมาหรือยังครับ @?#$e#มันเป็นสถานที่ ที่อันตรายมากเลยนะ ผมขอแนะนำว่า อยู่ห่างเอาไว้จะดีที่สุด",
  "fall_Sat": "เมื่อคุณกินอาหารถูกหลัก สมรรถภาพของคุณ ก็จะดีขึ้น#$e#การกิน 'มื้อเที่ยงของชาวไร่ (Farmer's Lunch)' จะช่วยให้คุณได้สารอาหาร ที่จำเป็นต่อการรดน้ำ และทำไร่ให้ดีขึ้น!",
  "winter_Wed": "นี่เป็นฤดูกาลของไข้หวัดใหญ่ เพราะงั้นคุณต้องดูแลตัวเอง ให้ดีกว่าเดิมนะ#$e#และอย่าลืมล้างมือบ่อยๆ",
  "winter_Sun": "ผมเกลียดที่จะพูดแบบนี้นะ แต่ผมทำเงินได้มากขึ้น ในช่วงไข้หวัดใหญ่ ระบาดแบบนี้#$e#ผมคิดว่า ถ้าทุกคนหายป่วยกันแล้ว ผมคงจะไม่มีอะไรให้ทำ#$e#อย่าเข้าใจผิดนะ! ผมอยากให้ทุกคนสุขภาพดี... จริงๆ ครับ!'"
}
