{
  "Introduction": "...$u#$b#สวัสดีค่ะ...$u",
  "AcceptBirthdayGift_Positive": "ว้าว ของขวัญวันเกิด! หนูชอบมากเลยค่ะ!$h",
  "GreenRain": "หนูกลัวจังเลย...$s",
  "GreenRain_2": "หวังว่าชุดของหนูจะไม่ถูก ฝนย้อมเป็นสีเขียวนะ...$s",
  "AcceptBirthdayGift_Negative": "นี่ของขวัญวันเกิดเหรอคะ? โอ้... แต่หนูไม่ชอบอันนี้อ่ะ$s",
  "AcceptGift_(O)StardropTea": "พี่ให้หนูจริงๆ เหรอคะ? มันหอมมากเลย! หนูจะจิบ แค่วันละนิด$h",
  "AcceptGift_(TR)FairyBox": "ว้าว มันสวยมากเลยค่ะ! และข้างในนั้นมีนางฟ้าด้วย เหรอคะ? *หัวเราะคิกคัก* ... หนูได้ยินเธอร้องเพลง ด้วยล่ะ หนูจะให้เธอเป็น เพื่อนแบบลับๆ$h",
  "AcceptGift_(O)103": "โอ้! ดอลลี่ตัวน้อย เธอค่อนข้างมอมแมมเลย แต่ไม่เป็นไรนะ ฉันจะอาบน้ำ ให้เธอเอง แล้วก็ขอบคุณพี่ นะคะ!$h",
  "AcceptGift_doll_item": "โอ้ หนูชอบเขาจัง! เขาจะเข้ากับเพื่อนๆ ของหนู ได้ดีแน่ๆ$h",
  "AcceptGift_alcohol_item": "อืมม... หนูว่าหนูไม่ควรดื่ม สิ่งนี้นะคะ มันสำหรับผู้ใหญ่ ไม่ใช่เหรอคะ?$s",
  "AcceptGift_coffee_item": "โอ้... ป้ามานียังไม่ให้ หนูดื่มกาแฟน่ะค่ะ...$s",
  "Resort_Entering": "หนูเจอปู!",
  "Resort_Leaving": "มีทรายเข้ารองเท้าหนู...$s",
  "Resort_Shore": "หนูเก็บเปลือกหอยอยู่ค่ะ... จะเอาไปทำสร้อยคอ!",
  "Resort": "ป้ามานีบอกหนู ให้ระวังผิวไหม้... แต่พอเดินไวๆ มันก็เย็นดีนะคะ หนูว่าแบบนี้คงไม่เป็นไร$h",
  "movieTheater": "ป้ามานีบอกหนูว่า หนูยัง ไม่โตพอที่จะดูหนังคนเดียว ได้...$s",
  "reject_869": "ยี้ หยะแหยงอะ!$s",
  "married_Shane": "หนูหวังว่าเชนจะแวะ มาหาหนูบ้างนะ...$s",
  "married": "*ถอนหายใจ*... หนูหวังว่า จะได้แต่งงานในสักวันหนึ่ง$u",
  "cropMatured_595": "$y 'อืม... พี่เคยเห็นนางฟ้ามั้ย?_เคย_ว้าว! หนูก็อยากเห็น เหมือนกันง่ะ$h_ไม่เคย_...หนูก็ไม่เคยเห็นเหมือนกัน$s'",
  "eventSeen_3910975": "...เชนจะไม่เป็นอะไร ใช่ไหมคะ?$s",
  "eventSeen_3910975_memory_oneweek": "หนูฝันร้ายค่ะ ฝันว่าไฟไหม้บ้านของหนู...$s",
  "eventSeen_3910974": "*หัวเราะคิกคัก* ...ดูสิๆ หนูได้รองเท้าแตะบันนี่ ที่ประดับอัญมณีของแท้ด้วยล่ะ!$h",
  "Mon": "โอ้...พี่กำลังมองหา ป้ามานีอยู่เหรอคะ?$u",
  "Mon4": "สวัสดีค่ะ พี่ชาย @^สวัสดีค่ะ พี่สาว @#$e#การอยู่ในฟาร์ม มันสนุกดีนะคะ$h",
  "Tue": "อะไรนะคะ? *หัวเราะคิกคัก*$h#$e#...สวัสดีค่ะ",
  "Tue6": "พี่เล่นตุ๊กตาได้นะ ถ้าพี่อยากเล่น แต่อย่าลืมหวีผมให้พวกมัน หลังเล่นเสร็จด้วยนะคะ",
  "Wed": "...$u",
  "Wed2": "...สวัสดีค่ะ$u",
  "Wed4": "ป้ามานีห้ามไม่ให้หนู ออกไปไหนหลัง 6 โมงเย็น ไม่ยุติธรรมเลย!$s#$e#หนูไม่กลัวความมืดแล้วนะ!",
  "Thu": "หนูไม่ควรจะพูด กับคนแปลกหน้า...$u",
  "Thu2": "ครูเพนนีสอนหนู ให้เขียนตัวอักษร$h#$e#ลายมือครูเขาสวยมากเลยล่ะ",
  "Fri": "...หนูไม่รู้จักคุณ$u",
  "Fri2": "พี่ชอบโบว์ของหนูไหมคะ?",
  "Fri4": "หนูชอบอยู่ในฟาร์ม... ของโปรดของหนู ก็คือไอศกรีมสดใหม่ ที่ทำจากนมวัวของเรา...",
  "Sat": "กลิ่นของพี่เหมือนกับหญ้าเลย$u",
  "Sat2": "บางครั้งหนูจะไปหากุ้งที่แม่น้ำ อย่าบอกป้ามานีนะคะ... ครั้งหนึ่งหนูเคย เอากุ้งให้วัวกินด้วยล่ะ#$e#มันชอบด้วย",
  "Sat8": "พี่ชาย @ มักจะดีกับหนูเสมอเลย$h^พี่สาว @ มักจะดีกับหนูเสมอเลย$h#$e#คนที่โตแล้ว มักจะใจร้ายและน่าเบื่อ แต่พี่แตกต่างนะคะ",
  "Sun": "อืม... ค... คุณต้องการอะไร?$u#$e#หนูไม่ควรพูดกับคนแปลกหน้า$u",
  "Sun2": "เชนไม่ค่อยอยู่บ้าน ป้ามานีก็งานยุ่งทั้งวัน... เพราะแบบนี้แหละ หนูเลยต้องสร้างเกมเอง#$e#ต้องขอบคุณของเล่น ทั้งหมดที่หนูมี$h",
  "Sun10": "รู้ไหมคะว่า เชนเป็นพ่อเลี้ยงของหนู? เขาเป็นเพื่อนกับพ่อแม่หนู$s#$e#...พวกเขาตายแล้ว *กำลังเศร้า*$s"
}
