{
  "SpouseStardrop": "ข้าต้องการจะมอบสิ่งนี้ให้เจ้าแทนคำ 'ขอบคุณ' ที่เจ้ายอมให้ข้ามาอยู่ที่นี่กับเจ้า$h",
  "4_*": "...เคยเจอสิ่งมีชีวิตแบบข้า ในเหมืองไหม? ข้าขอโทษนะ ถ้าพวกนั้นไม่เป็นมิตรกับเจ้า ก็นะ พวกเราเรียนรู้ ที่จะกลัวมนุษย์... พวกเราเจอสิ่งเลวร้าย... มาเยอะแล้ว#$e#เจ้าคงไม่เคย... ฆ่าเพื่อนของข้าใช่ไหม?",
  "AcceptBirthdayGift_Positive": "โอ ของขวัญไว้รำลึก ถึงวันที่ข้าฟักออกมา! ขอบคุณ!$h",
  "GreenRain": "กระแสของน้ำ แรงเป็นพิเศษเลยวันนี้... เกิดอะไรขึ้นข้างบนนั่นกันนะ?",
  "AcceptBirthdayGift_Negative": "โอ้... นี่เหรอที่เจ้าเรียกว่า 'ของขวัญวันเกิด'? ข้าไม่เข้าใจ พวกมนุษย์เอาซะเลย...$s",
  "AcceptGift_(O)StardropTea": "นี่ชาสตาร์ดรอปเหรอ? ขอบคุณนะ! หยดเดียวห้องข้าก็หอมไปทั้งวันแล้ว",
  "AcceptGift_(O)Book_Void": "นี่ ดูสิ! เพื่อนทุกคนของข้าอยู่ในนี้ละ!$h#$b#ช้าก่อนนะ นั่นข้าหรือ...?$7",
  "AcceptGift_(O)879": "ของขวัญที่เป็น น้ำหอมกลิ่นอบอวลหรือ? โอ้ @... ข้าหน้าแดงหมดแล้ว แต่เจ้าคงมองไม่ออกแน่เลยสินะ ...$4",
  "AcceptGift_(O)308": "นี่กลิ่นหอมมากเลย! ข้าจะกินเองครั้งหนึ่ง ส่วนอีกครึ้งข้าจะเอาไว้ ทาให้ตัวชุ่มชื้น...$h",
  "8_*": "สงครามพันปี ระหว่างเผ่าพันธุ์ของข้า กับพวกคนแคระ เพิ่งจะจบไป แต่ยังคงมีผู้ไม่พอใจ อยู่ทั้งสองฝ่าย",
  "15_*": "ได้โปรด เก็บที่อยู่ของข้า ให้เป็นความลับด้วย ถ้าพวกคนแคระรู้เมื่อไร พวกมันต้องส่งนักฆ่ามาแน่ๆ",
  "18_*": "ข้าพยายามไม่ทำเสียงดังนัก ข้างล่างนี่ ลองนึกภาพชาวเมือง ได้ยินเสียงแปลกๆ ของข้า ดังมาจากท่อน้ำทิ้งสิ...",
  "Fri": "...",
  "eventSeen_691039": "...ข้าฟกช้ำนิดหน่อย แต่ไม่เป็นไรหรอก",
  "reject_868": "โอ้ นั่นมันสะเก็ดขั้วโลก (arctic shard) นี่นา! มันคือไอเทมเวทมตร์ ที่หายากมากๆ#$b#ถ้าข้าเป็นเจ้าล่ะก็ ข้าจะนำไปให้พ่อมด!",
  "Wed": "ข้าหาของที่อยู่ที่นี่ แล้วก็ขายมัน สนใจจะซื้ออะไรไหม?",
  "Wed6": "หากเจ้าเอาหูของเจ้า ไปแนบที่ท่อทางด้านขวานั่น เจ้าจะได้ยินเสียง ของบ้านทุกหลัง จากข้างล่างนี่#$b#ข้ายังไม่ได้แอบฟังใครเลยนะ จริ๊ง!$3",
  "Thu": "ได้โปรดอย่าไปบอกใคร เกี่ยวกับข้า#$b#พวกมนุษย์นั้น จะชอบทำลาย สิ่งที่พวกเขาไม่เข้าใจ",
  "Thu6": "ได้โปรดอย่าไปบอกใคร เกี่ยวกับข้า#$b#มนุษย์ส่วนใหญ่ กลัวพวกเรามนุษย์เงา... นั่นนะเป็นเรื่องปกติ$s#$b#แต่ถ้าหากว่า ชาวเมืองรู้เรื่องของข้า อยู่ที่นี่ข้าอาจจะไม่ปลอดภัย",
  "Tue": "ข้าอ่อนไหวต่อแสงอาทิตย์ เกินกว่าจะออกไปข้างนอก#$b#สภาพแวดล้อมในนี้แหละ ดีที่สุดแล้ว#$e#สนใจจะซื้ออะไรไหม?",
  "Mon": "อย่าตกใจไปเลย ข้าแตกต่างจากคนอื่นๆ นะ#$e#ข้าใช้เวลาส่วนมาก ในการสังเกตมนุษย์ ข้ารู้นะ ว่าเจ้าชื่นชอบการซื้อของ ลองดูสินค้าของข้าหน่อยไหม?",
  "Mon2": "กลับมาอีกแล้วเหรอ? ข้าว่ามันตรงกับ ทฤษฎีพฤติกรรมของมนุษย์ ที่ข้าคิดนะ",
  "Mon6": "'โครบัส' หมายถึง 'ผู้ข้ามสะพาน' ในภาษาของพวกเรา",
  "Sat": "ในวันศุกร์ ข้าจะอยู่อย่างเงียบสงบ เป็นเครื่องหมายแสดง ความจงรักภักดีต่อโยบะ",
  "Sat4": "ข้าอยากเห็นโลกภายนอกมากกว่านี้ แต่มันคงไม่ปลอดภัยสำหรับข้า$s",
  "Sat8": "ข้าไม่มีวันรู้หรอก ว่าการเป็นมนุษย์มันเป็นยังไง... แต่การได้พูดคุยกับเจ้า ข้ารู้สึกเหมือนจะเข้าใจ ขึ้นมาบ้างนิดหน่อย",
  "Sun": "...ขอโทษนะ ข้ายังระแวงพวกมนุษย์อยู่ ยังไงก็ตาม ข้ายังเปิดร้านขายของ ให้เจ้าอยู่นะ",
  "Sun4": "เจ้าไม่ได้เป็นเหมือน มนุษย์คนอื่นๆ ใช่ไหม?",
  "Sun8": "เจ้าช่วยให้ข้า ได้เห็นโลกของมนุษย์ ข้าประทับใจนะ",
  "divorced": "..."
}
