{
  "Mon": "หวัดดี... ทุกอย่างเรียบร้อยดีนะ?",
  "AcceptGift_(O)StardropTea": "ว้าว รสชาติเหมือนกับ วอลนัททองคำเลย! เยี่ยมไปเลย!",
  "AcceptGift_(TR)ParrotEgg": "นี่คือไข่ที่แสนล้ำค่า... เจ้าตัวเล็ก! ผมดีใจมาก ที่ึคุณนำมันมาให้ผม ผมจะดูแลมันเอง",
  "Mon4": "ครอบครัวนกแก้ว สอนอะไรๆ ผมหลายเรื่อง...#$b#แต่ผมมั่นใจว่า ยังมีอีกหลายอย่างที่ผมไม่รู้$s",
  "Tue": "การได้อยู่ในป่า ยามที่ดวงอาทิตย์โมโห มันดีมากเลย#$e#ดวงอาทิตย์หาเรา ใต้กองใบไม้ไม่เจอหรอก พวกเราใช้ลูกเล่นกับเขา! ฮ่าๆ ...$h",
  "Wed": "...โทษทีนะ... วันนี้ผมรู้สึกประหม่า$3",
  "Wed2": "ระวังข้างในภูเขาไฟด้วย... พวกวิญญาณ ไม่ชอบคนนอก",
  "Thu": "เคยเจอ คนที่คล้ายคุณบ้างไหม?#$b#ผมไม่ค่อยคุยกับพวกเขาหรอก ผมรู้สึกปลอดภัย เมื่ออยู่กับตัวเองมากกว่า...$3",
  "Fri": "มีครั้งนึง... ผมไปที่จุดสูงสุดบนภูเขาไฟ ในตอนกลางคืน แล้วผมก็เห็นแสงไฟ ที่อยู่ไกลลิบ#$b#ผมสงสัยว่าที่ตรงนั้น มีนกฝูงอื่นอาศัยอยู่รึเปล่านะ?$3",
  "Fri4": "สงสัยจังว่า ผมจะมองเห็นบ้านคุณ จากยอดภูเขาไฟได้ไหมนะ?",
  "Sat": "...วันนี้ผมเศร้าจัง$s#$e#คุณ... ไปสนุกเถอะ ปล่อยผมเศร้าแบบนี้แหละ$s",
  "Sun": "เมื่อฝนตก พวกนกแปลกๆ จะมา#$b#ผมลองคุยกับพวกเขา... แต่ก็บินหนีไป$s#$b#ผมคิดว่าพวกเขาคง ไม่อยากเป็นเพื่อนกับผม...$s"
}
