{
  "LeoDeparture": "ผมต้องหาที่อยู่สักที่...$s#$b#แต่ผมมีแผน... ผมจะขอให้เพื่อนช่วย",
  "AcceptGift_(O)StardropTea": "ว้าว รสชาติเหมือนกับ วอลนัททองคำเลย! เยี่ยมไปเลย!",
  "GreenRain": "ผมของอากาศแบบนี้... มันชื้นดี มันทำให้ผมนึกถึง ป่าที่ผมเคยอยู่",
  "Thu8": "ตอนแรกผมรู้สึกแย่... ที่ต้องออกมาจากเกาะนั้น แล้วมาอาศัยใน ดินแดนแปลกประหลาด$s#$e#แต่ไม่นานผมก็ชิน#$b#ผมเป็นคนที่ปรับตัวเก่งมากๆ!$h",
  "Thu10": "ตอนแรก ผมรู้สึกเหมือนเป็นคนนอก แต่ผมก็หาเพื่อนได้เยอะแยะ!$h#$b#เป็นครั้งแรกที่ ผมรู้สึกว่าผมมีพรรคมีพวก...",
  "Tue": "ครูเพนนีพยายามอย่างหนัก ที่จะสอนผมให้เรียนทันเพื่อนๆ ครูใจดีมาก...#$e#...โชคดีที่ผมจำบางอย่างได้ จากเมื่อก่อน... ก่อนที่จะถูกซัดมาเกยหาด... มันก็เลยไม่ยากเท่าไหร่#$e#ครูเพนนีบอกว่าครูประทับใจ ในความรู้ของผมมาก!",
  "Tue10": "ผมมั่นใจว่า ในตอนแรกแจสกับวินเซนท์ คิดว่าผมประหลาด ก็ผมเผลอร้องแกว๊ก ไปสองสามครั้ง... มันก็ไม่ช่วยอะไร$s#$e#มันคือการเปลี่ยนแปลง สำหรับทุกคนนั่นแหละ แต่ตอนนี้เราเป็นเพื่อนที่ดี ของกันและแล้วนะ!$h",
  "18": "ตอนแรกที่ผมมาถึง ลีนัสทำชุดใบไม้ แบบเดียวกับของเขาให้ผม...#$b#แต่ผมดูตลก... เหมือนมะม่วงมีขนอ่ะ!$h#$e#ผมว่า ผมใส่ขนนกของตัวเองอะ ดีแล้ว",
  "Wed": "ผมจะเรียนรู้ทุกอย่าง ที่เรียนรู้ได้จากลีนัส และครูเพนนี!$h#$e#นายกเลวิสบอกว่า ผมกำลังจะกลายเป็น 'ประชาชนความสามารถสูง' ... ถึงผมจะไม่รู้ว่า มันคืออะไรก็เถอะ",
  "Thu": "คุณเคยสังเกตเห็น พวกนกน่าสนใจที่อาศัย อยู่ที่นี่บ้างไหม?#$e#ถ้าตั้งใจฟัง พวกมันอาจจะบอกอะไร กับคุณก็ได้นะ",
  "winter_Thu": "พวกนกในหุบเขานี้ ไม่ค่อยกลัวหนาวเท่าไร#$e#ผมอิจฉาชุดอุ่นๆ ของพวกมันนิดหน่อย...$s",
  "4": "ผมเห็นมะม่วงยักษ์ ลอยอยู่บนฟ้า ลีนัสบอกผมว่านั่นคือ บอลลูน!$u#$b#ผมนึกว่า มีแต่นกที่บินได้ซะอีก...",
  "Fri": "ลีนัสสอนผมเกี่ยวกับ อาหารป่าทั้งหมดในหุบเขานี้ ที่นี่มีไอ้นู่นไอนี่เต็มไปหมด!$h#$e#แต่ถึงอย่างนั้น... ผมก็คิดถึงการกิน วอลนัททองคำ เป็นอาหารเช้าจริงๆ...$s",
  "winter_Fri": "ลีนัสสอนวิธีทำ ปลายัดไส้สไปร์เบอร์รี สูตรพิเศษให้ผม...#$b#เขาบอกผมว่า ถ้าผมกินเข้าไปมากพอ มันจะทำให้ผมอบอุ่น ในฤดูหนาว!$h",
  "Fri8": "ลุงลีนัสบอกว่า ผมควรทำให้ปลาของผม 'สุก' ก่อนที่จะกิน...$s#$b#กว่าผมจะชินได้ เล่นเอาลำบากแทบตาย... มันแห้งสุดๆ เลยนี่...$s",
  "Mon": "หวัดดี @ ดีใจจังที่เห็นคุณ กลับไปที่เกาะเหมือนเมื่อก่อน สนุกจัง!#$e#คุณก็รู้ว่า ตอนที่คุณมาครั้งแรก ทำให้ผมกลัวมากๆ... ผมรู้ว่าชีวิตผมกำลังจะ เปลี่ยนไปแล้ว$u",
  "Sun": "คุณรู้ไหม สตาร์ดิวแวลลีย์อาจจะเป็น บ้านหลังใหม่ของผม... แต่ที่เกาะก็ยังคงเป็น บ้านของผมเหมือนกัน#$e#การที่ได้กลับไปเยี่ยมที่นั่นบ้าง มันรู้สึกดีมากเลย",
  "Sat": "ไม่แน่นะ สักวันหนึ่ง ผมอาจจะไปเมืองซูซู...$u#$b#ตอนนี้ตัวผมไม่ได้ใกล้เคียง กับคำว่าพร้อมเลย โลกใบนี้มันแปลก สำหรับผมมาก และตอนนี้ผมก็รู้สึกโอเค กับที่นี่แล้ว!$h",
  "Sun10": "พวกนกแก้วอยากให้ผม ขอบคุณคุณสำหรับ พวกวอลนัททองคำที่คุณเจอ พวกนกแก้วชอบมันมากเลย$h",
  "Sat10": "@? อืม... ผมเขินนิดหน่อย ที่จะถามนะ...$u#$b#แต่... คุณคิดว่าแจสจะชอบ ผู้ชายแบบผมไหม?$u#$b#หรือผมประหลาดเกินไป?$s#$e#ฮ่าๆๆ... ใครสนกันล่ะ เดี๋ยวสักวันนึงผมก็รู้เองแหละ$h"
}
