{
  "Introduction": "ไง คืนแรกในกระท่อมเก่าๆ เป็นอย่างไรบ้างล่ะ?#$e#ปู่ของเธอ บ่นเกี่ยวกับเตียงโง่ๆ นั่นตลอดเลย แต่ฉันว่าลึกๆ แล้ว เขาก็รักบ้านหลังนั้นนะ",
  "AcceptGift_(O)StardropTea": "ในตลอดชีวิตของฉัน ได้ชิมชามามากมาย แต่ไม่มีอันไหนที่จะหายาก และพิเศษเท่าอันนี้แล้ว ขอบใจ!",
  "AcceptBirthdayGift_Positive": "อา เธอจำวันเกิดของ นายกเทศมนตรีแก่ๆ คนนี้ได้ด้วยรึ ช่างเอาใจใส่จริงๆ และของขวัญก็เยี่ยมด้วย!$h",
  "GreenRain": "ฉันเพิ่งจะวางสาย จากท่านผู้ว่าไปเอง... ผลปรากฏว่า ฝนนี้น่าจะไม่ทำให้เกิด อันตรายอะไร แค่เป็นปรากฏการณ์ ที่ไม่ปกติทางธรรมชาติ#$b#แต่ยังไง ชาวเมืองส่วนหนึ่ง ก็ยังแตกตื่น ซึ่งไม่ใช่สิ่งที่ดี...",
  "GreenRainFinished": "เอ่อ มันเป็นเรื่องน่าแตกตื่นมาก สำหรับเมืองเล็กๆ ของเรา! ฉันโล่งใจนะ ที่ทุกคนไม่เป็นไร$h#$e#ถ้ามันเกิดขึ้นอีกครั้ง ฉันคิดว่าพวกเราคงจะ วางใจได้มากกว่านี้ มันไม่ใช่จุดจบของโลกใบนี้!",
  "GreenRain_2": "ฉันเดาว่า เราอาจจะได้พบเจอกับ ฝนประหลาดนี้ได้ทุกปี ฉันว่าทุกคนคงจะ สงบใจลงได้บ้าง เมื่อรู้ว่ามันก็เป็นส่วนหนึ่ง ของธรรมชาติ",
  "AcceptBirthdayGift_Negative": "อา เธอจำวันเกิดของ นายกเทศมนตรีแก่ๆ คนนี้ได้ด้วยรึ... อะไรกันเนี่ย?$h#$b#เอ่อ... เธอคงจะเคยได้ยิน ที่เขาพูดกันว่า 'แค่นึกถึงก็พอแล้ว'",
  "cropMatured_24": "ไง ฉันกำลังเดินตรวจตรา รอบค่ำ และฉันก็สังเกตเห็นว่า หัวผักกาดชุดแรกของเธอ พร้อมเก็บเกี่ยวแล้ว ยินดีด้วยนะ!",
  "cropMatured_254": "เมล่อนในฟาร์ม %farm พวกนี้ ดูดีจริงๆ เลยนะ!$h#$b#เธอรู้รึเปล่า นี่เป็นผลไม้ที่ปู่ของเธอ ชอบมากเลยนะ ตอนที่ยังมีชีวิตอยู่",
  "cropMatured_276": "ไม่มีสิ่งไหนที่จะแสดงถึง 'ฤดูใบไม้ร่วง' ได้เหมือนกับฟักทองแล้ว เธอคิดแบบนั้นไหม?",
  "Resort": "ฉันประทับใจจริงๆ @ เธอซ่อมที่นี่ จนดูดีไปหมดเลย!$h",
  "married": "ยินดีด้วยนะ @ นี่เป็นก้าวสำคัญสำหรับเธอ และ %spouse เธอได้สร้างรากฐาน ไว้ที่เมืองนี้แล้ว!",
  "married_twice": "ขอแสดงความยินดีอีกครั้ง @",
  "divorced_once": "เอกสารเรื่องหย่า เรียบร้อยหมดแล้ว เสียใจด้วยนะ ที่อะไรๆ ไม่เป็นไปตามที่หวัง...",
  "divorced_twice": "หย่าอีกแล้วเรอะ? ไม่เอาน่า @... เธอจะต้องพิจารณา อย่างระมัดระวัง ให้มากกว่านี้หน่อย ว่าแต่งงานกับใคร ในอนาคต...$u",
  "movieTheater": "พวกคนหนุ่มสาว ดูจะมีความสุข กับโรงหนังแห่งใหม่#$e#โรงหนังที่คึกคัก ดีต่อเศรษฐกิจในท้องถิ่น ฉันแค่หวังว่าจะไม่มี อะไรที่ไม่น่ารื่นรมย์ อยู่ในหนังพวกนั้น!",
  "Resort_Leaving": "ทุกคนขึ้นเรือได้แล้ว! พวกเราจะกลับหุบเขากันแล้ว!",
  "Resort_Shore": "โอกาสในการพักผ่อนแบบนี้ ทำให้เศรษฐกิจท้องถิ่น เติบโตได้พอสมควรเลยล่ะ!#$e#ฉันไม่อยู่กลางแดดนานๆ ดีกว่า ไม่อย่างนั้นหนวดงามๆ ของฉันได้แห้งหมดแน่",
  "Resort_Chair": "ฮี่ๆ ... ดูสถานที่แห่งนี้สิ! ฉันไม่รู้หรอกนะ ว่าเธอทำได้ยังไง แต่มีคนพูดถึง เจ้าสถานที่พักผ่อนเล็กๆ นี่กันไป ทั่วบ้านทั่วเมืองเลยล่ะ!$h",
  "Resort_Bar": "ฮิฮิ... กัสเป็นตัวของตัวเองมากเลย",
  "pamHouseUpgrade": "@ ฉันได้ยินว่าเธอทำเพื่อ แพมกับเพนนี... และ*มันคือ* การช่วยเหลือกันในชุมชน ที่ฉันอยากเห็น ในเมืองเพลิแกนแห่งนี้!$h",
  "pamHouseUpgradeAnonymous": "@ เธอเคยได้ข่าวนี้ไหม มีคนจ่ายเงินกับโรบิน เพื่อสร้างบ้านใหม่ ให้แพมกับเพนนีด้วยล่ะ! แต่ยังไง โรบินก็ไม่ยอมบอกฉัน ว่าคนๆ นั้นคือใคร#$e#ไม่ว่าใครจะเป็นคนจ่ายก็ตาม ฉันก็อยากเห็นการช่วยเหลือ ของคนในชุมชนแบบนี้ ในเมืองเพลิแกนอยู่ดี!$h",
  "willyCrabs": "*ฟุดฟิด*... *ฟุดฟิด*... ได้กลิ่นนั้นไหม? เหมือนฉันจะได้แต่กลิ่นปูสด อยู่แบบนี้มาทั้งวันแล้ว...$u",
  "cc_Begin": "*สะอึก*... *สะอื้น*... อา ฉันรู้ว่าเธอแบ่งเวลาส่วนหนึ่ง ให้กับศูนย์ชุมชนหลังเก่าแห่งนี้ การได้เห็นใครบางคนยังห่วงใย สถานที่นี้อยู่นี่มันดีจริงๆ",
  "cc_Complete": "ฉันไม่เคยรู้สึกภูมิใจ กับชุมชนของเรา มากมายขนาดนี้มาก่อนเลย เธอได้ทำประโยชน์ อย่างใหญ่หลวง ให้กับเมืองเพลิแกนเลย @$h",
  "cc_Bridge": "ไม่รู้ว่าทำไม สะพานเก่าที่เชื่อม ไปยังเหมืองหิน ถึงถูกซ่อมแซมกลับมาแล้ว#$b#ฉันตกใจมาก... มันต้องใช้คนจำนวนมาก ในการซ่อม!#$b#ใครกันที่ทำแบบนั้นได้?",
  "cc_Bus": "@ รู้เรื่องรึยัง? ดูเหมือนว่า รถบัสคันเก่าของเมือง จะกลับมาใช้งานได้ ในชั่วข้ามคืน!!$h#$b#เจ้าหนูคันเก่านั่น ถูกจอดทิ้งไว้นิ่งสนิท มาเป็นทศวรรษ... เป็นเรื่องที่สุดจะพิศวงเลย",
  "joja_Begin": "อืม ศูนย์ชุมชนหลังเก่า หายไปซะแล้ว... ฉันคิดว่าพอวันเวลาเปลี่ยนไป สิ่งดีๆ ก็คงจะเข้ามา แล้วก็ผ่านพ้นไป... แต่มันก็ช่วยไม่ได้ที่ฉัน จะยังรู้สึกถึงการสูญเสีย$s#$e#หวังว่าเหตุการณ์ครั้งนี้ คงจะไม่ทำให้ การเป็นนายกเทศมนตรีของฉัน ด่างพร้อยหรอกนะ$s",
  "wonGrange": "ยินดีกับการชนะการแข่ง ประกวดการจัดแสดงสินค้า#$e#หึหึ... รู้กันแค่เธอกับฉันนะ ฉันว่าปิแอร์ คงต้องการปี๊บสักอัน!$h",
  "Mon": "นี่เป็นฤดูกาลที่ดี ที่จะต้องเริ่มคิด เรื่องการเพาะปลูกกันแล้ว แม้แต่สำหรับ คนที่ไม่ใช่ชาวไร่อย่างเรา ก็เถอะ#$e#หุบเขาแห่งนี้ขึ้นชื่อ ในเรื่องการผลิตดอกไม้ ในฤดูใบไม้ผลิที่ดีที่สุด!$h",
  "Tue": "ถ้าอยากจะขายอะไร ก็แค่หยิบของที่อยากขาย ใส่ลงในกล่องจัดส่งสินค้า ที่อยู่บ้านเธอได้เลย#$e#ฉันอยากรู้เหมือนกัน ว่าเธอจะใส่อะไรลงไปบ้าง",
  "Saloon_Entry": "หวัดดี กัส!",
  "Tue2": "ทุกครั้งที่เริ่มต้นฤดูกาลใหม่ เธอจะต้องถอนต้นไม้ที่เน่าตาย จากฤดูกาลก่อน ทิ้งออกไปด้วย วิธีที่ง่ายที่สุดคือใช้เคียว",
  "spring_3": "เธอได้ปลูกพืชผล ประจำฤดูใบไม้ผลิ ไปบ้างแล้วหรือยัง? ฤดูกาลไม่คงอยู่ตลอดไปหรอก เธอเข้าใจแล้วนะ",
  "Town_57_40": "#$c .3#เข้าเมืองแต่เช้าเชียวนะ? ทำงานในฟาร์ม เสร็จหมดแล้วรึ#$e#อรุณสวัสดิ์! ฉันกำลังตรวจตราสวนในเมือง เหมือนอย่างเคยน่ะ$h#$c .5#หืมม... นี่มันตัวเพลี้ยนี่?$s#$e#ฮึ่ม... คงไม่ใช่เพลี้ยหอยนะ$s",
  "Wed": "อืมม... เก็บภาษี... *พึมพำ* ...ค่าใช้จ่ายในเทศกาล ฤดูใบไม้ผลิ... *พึมพำ*...$u#$e#หืม?",
  "spring_10": "อา... ไม่มีอะไรดีไปกว่า ชาเข้มๆ สักแก้วในตอนเช้าแล้ว",
  "Thu": "ตอนกลางคืนน่ะ ที่ซาลูนจะคึกคักมากนะ บางครั้งพวกเราก็จะ หยอดเหรียญใส่ตู้เพลงกัน *คิกคัก*$h#$e#ฉันมักจะแวะไปอาทิตย์ละครั้ง หรือไม่ก็ ตอนที่อยากตามข่าว อะไรประมาณนั้น",
  "Saloon": "สายัณห์สวัสดิ์! ดีจริงๆ ที่ได้เห็นว่าเธอมี มนุษย์สัมพันธ์อันดี กับชาวเมืองนี้#$b#ก็ถือว่าดีนะ ที่ได้แวะมาหยุดพักสักครู่ แล้วก็ดูว่ามีข่าวล่ามาแรง อะไรในช่วงนี้$h",
  "Saloon4": "สวัสดีตอนค่ำ @! ดีใจที่ได้เห็นเธอ มาผ่อนคลายที่ซาลูนน่ะนะ ก็ดีแล้ว เธอต้องหัดพักบ้างอะไรบ้าง$h#$b#ปู่ของเธอ เอาแต่ทำงานหนักมาตลอด... ค่ำคืนนี้ฉันจะขอดื่ม เพื่อเป็นเกียรติแก่ปู่ของเธอ",
  "Fri": "ฉันหวังว่าฟาร์ม %farm จะไปได้สวยนะ เพราะฉันเกลียดที่ต้องเห็นว่า พืชเหี่ยวไปหมดน่ะ",
  "Sat": "ทุกคนก็ดูจะร่าเริงขึ้นมาหน่อย พอถึงวันหยุดสุดสัปดาห์นะ เธอว่าไหม?#$e#แต่ฉันนี่สิ ต้องทำงานตั้ง 7 วันต่อสัปดาห์",
  "Sun": "ฉันเป็นนายกเทศมนตรีของ เมืองเพลิแกนมามากกว่า 20 ปีแล้ว!#$e#ไม่มีใครมาสมัคร เข้าท้าชิงตำแหน่งกับฉัน ในวันเลือกตั้งเลย แม้แต่คนเดียว ฉันก็เลยได้แต่คิดว่า คงจะเป็นเพราะ ฉันทำงานดีแน่ๆ#$e#แล้วฉันก็ชอบเป็น นายกเทศมนตรีด้วย",
  "event_secret1": "ขอบใจนะ @ ฉันจะไม่ลืมเลย",
  "event_secret2": "*ร้องไห้* ... ฉันไม่อยากจะเชื่อว่า เธอจะทำแบบนั้น...$s#$b#เธอช่างโหดร้าย$s",
  "summer_Mon": "งานอดิเรกของฉันคือ การทำสวน ฉันเลยตื่นเต้นกับ สภาพอากาศที่อบอุ่นแบบนี้",
  "summer_Town_57_40": "#$c .3#อ้า วิเศษจริงๆ ดอกไม้กำลังโตเลย!$h#$c .3#อรุณสวัสดิ์! เธอได้กลิ่นหอมหวาน จากดอกลิลลี่นี่หรือเปล่า?#$e#เช้าแล้วแต่อากาศยังอุ่นนะ ฤดูร้อนช่างดี ต่อชายแก่อย่างฉันจริง ฮ่าฮ่า",
  "summer_Tue": "ฉันกลายมาเป็น นายกเทศมนตรี ได้ยังไงน่ะเหรอ? เรื่องมันยาวนะ#$e#เรายังไม่ว่างพอ ที่จะคุยเรื่องนี้กันหรอก",
  "summer_Wed": "แมงกะพรุนแสงจันทร์ จะมาที่นี่เร็วๆ นี้ มันเป็นหนึ่งในสิ่งที่ฉันชอบ เกี่ยวกับหุบเขาเลยล่ะ",
  "summer_Thu": "ตอนกลางคืนที่ซาลูน ดูครึกครื้นมากเลย#$e#ฉันชอบที่จะมาแวะมา อาทิตย์ละครั้ง เพื่อติดตามข่าวสาร และมาดื่มด่ำกับรสชาติ ของสปาเก็ตตี้ฝีมือกัส",
  "summer_Fri": "ฮืมม... วันนี้ เป็นวันเกิดใครหรือเปล่านะ? ฉันน่าจะลองไปดูปฏิทิน ที่ร้านปิแอร์ดีกว่า",
  "summer_Sat": "ทุกคนก็ดูจะร่าเริงขึ้นมาหน่อย พอถึงวันหยุดสุดสัปดาห์นะ เธอว่าไหม?#$e#แต่ฉันนี่สิ ต้องทำงานตั้ง 7 วันต่อสัปดาห์",
  "summer_Sun": "บอกหน่อยสิ ว่าเธอได้ปลูกบลูเบอร์รี่ ในฟาร์มบ้างไหม?#$e#ฉันชอบบลูเบอร์รี่สดๆ มากเลยนะ %revealtaste:Lewis:258",
  "fall_Mon": "ชาวเมืองบางคน ยังไม่ค่อยเชื่อใจคนแปลกหน้า ถ้าจะให้พวกเขายอมรับเธอ ก็ต้องทำให้พวกเขา ไว้ใจเธอก่อน#$e#อดทนไว้นะ แล้วเธอจะผ่านมันไปได้$h",
  "fall_Tue": "มันเป็นช่วงเวลา ประมาณนี้ของปีแหละ ย้อนไปเมื่อ 20 กว่าปีที่แล้ว ที่ฉันได้เป็น นายกเทศมนตรีครั้งแรก#$e#รู้สึกแก่เลยล่ะ$s",
  "fall_Wed": "ถ้าเธอมีข้อเสนอแนะเกี่ยวกับเมือง ก็แค่เขียนและใส่ลง ในกล่องรับความคิดเห็น ของฉัน#$e#โอ้ จริงด้วยแฮะ... ฉันไม่มีกล่อง รับความคิดเห็นนี่นา",
  "fall_Wed2": "ทุกวันพุธ ฉันจะกินวาฟเฟิลบัควีท กับกาแฟเป็นมื้อเช้า มันเป็นธรรมเนียมปฏิบัติเล็กๆ ที่ฉันทำ เพื่อให้ชีวิตหนุ่มโสด มันน่าสนใจ$h",
  "fall_Town_57_40": "#$c .3#หืมมม... พวกเห็ดแปลกๆ พวกนี้มาขึ้นอยู่ใน ไม้สับของฉัน อยากรู้จังว่าเป็นเห็ดอะไร#$c .3#อรุณสวัสดิ์! เรากำลังย่างเข้าสู่ฤดูหนาว กันอย่างช้าๆ เพราะงั้นฉันจะต้องคอยดู สวนของฉันค่อยๆ จบลงอย่างอ่อนโยน#$e#อ่า เธอเข้าในเมืองแต่เช้าเลย หือ? เสร็จงานจาก ที่ฟาร์มแล้วเหรอ?",
  "fall_Thu": "ตอนกลางคืนน่ะ ที่ซาลูนจะคึกคักมากนะ#$e#ฉันชอบไปอาทิตย์ละครั้ง เพื่อตามกระแสสักหน่อย",
  "fall_Fri": "หวังว่าฟาร์มของเธอ จะไปได้สวยนะ",
  "fall_12": "เธอมีบ้านผึ้ง ในฟาร์มแล้วใช่ไหม?#$e#ถ้าวางมัน ไว้ใกล้ดอกไม้ชนิดต่างๆ เธอจะได้น้ำผึ้ง หลากหลายประเภทเลยนะ",
  "fall_19": "บางครั้งเธอก็รู้ได้นะว่า มีบางอย่างอยู่ใต้ดิน ลองสังเกตดูดีๆ สิ",
  "fall_Fri4": "เธอได้ลองทานซอสสปาเก็ตตี้ ที่เป็นสูตรลับของกัสหรือยัง?$s#$b#... ถึงส่วนผสมจะเป็นความลับ แต่กลิ่นมันก็บอกได้นะ#$b#แล้วเจอกัน",
  "fall_Sun": "เธอทำงานในฟาร์ม เต็มที่อยู่หรือเปล่า @? เธอจะต้องทำอะไรหลายๆ อย่างให้สำเร็จในหลายพื้นที่นะ ถ้าอยากจะเป็นพลเมือง ที่ดีพร้อมรอบด้าน",
  "winter_1": "เอาล่ะ หน้าหนาวมาถึงแล้ว! นั่นหมายความว่า ชาวเมืองส่วนใหญ่ จะใช้เวลาอยู่แต่ในบ้าน#$e#อย่างน้อยเธอก็จะรู้ว่า จะหาพวกเขาเจอได้ที่ไหน!$h",
  "winter_Mon": "จะผ่านพ้นไปอีกปีแล้ว!#$e#ฉันหวังว่า จะเป็นปีที่คุ้มค่าของเธอนะ!",
  "winter_Tue": "ฉันต้องเริ่มคิด แผนพัฒนาเมือง ของพวกเรา ในปีหน้าซะแล้ว!",
  "winter_Wed": "ฉันยังต้องแวะไป เก็บผลผลิตของเธอทุกคืน แม้ในตอนหิมะตก#$e#เพราะเธอก็ยังต้องหาเงิน ในหน้าหนาวนี่นา!",
  "winter_Fri": "หวังว่าฟาร์มของเธอ จะเป็นไปได้ด้วยดีนะ",
  "winter_Fri6": "ฉันไม่เคยแต่งงาน ไม่มีครอบครัว ทั้งชีวิตฉันอยู่เพื่อเป็น นายกเทศมนตรีเท่านั้น$s#$e#มันคุ้มกันไหมนะ?$s#$e#...*เฮ้อ*...$s",
  "winter_Sun": "สวัสดี @!วันนี้สบายดีไหม?$h#$e#ถ้าเจอมานี ก็ฝากสวัสดีเธอ แทนฉันหน่อย"
}
