{
  "Introduction": "อา เทศมนตรีเลวิส บอกฉันว่าเธอเพิ่งมาถึง ฉันชื่อมานีนะ!#$e#ฉันค้าขายเกี่ยวกับปศุสัตว์ แล้วก็ของใช้สำหรับสัตว์ อยู่ที่ฟาร์มเลี้ยงสัตว์ของฉันเอง ว่างๆ ก็แวะมาเยี่ยมบ้างก็ได้นะ$h",
  "AcceptGift_(O)StardropTea": "ว้าว ขอบใจหลายเลยนะ @ ฉันจะจำไว้ไม่ลืมเลย!",
  "AcceptGift_(O)SkillBook_0": "ขอบใจนะ @ ฉันชอบ ที่จะมีตำราเอาไว้เล่มหนึ่งเสมอ มันแม่นยำใช้ได้เลยละ!$h",
  "gotPet": "ฉันว่าเธอจะต้องชอบ การมีเพื่อนตัวน้อย อยู่ในฟาร์มด้วยกันมากแน่ๆ เลยละ",
  "gotPet_memory_oneday": "ฉันแน่ใจว่าตอนแรก %pet จะขี้อายนิดหน่อย ต้องใช้เวลาพอสมควร กว่าที่สัตว์ตัวหนึ่ง จะเริ่มไว้ใจสภาพแวดล้อมใหม่ๆ",
  "gotPet_memory_oneweek": "เจ้า %pet ตัวน้อยปรับตัวได้หรือยัง? เป็นที่ที่ดีมาก ที่สัตว์เลี้ยงจะได้สำรวจเลย",
  "gotPet_memory_oneyear": "ฉันเพิ่งนึกออก... มันผ่านมาสักปีหนึ่งได้แล้วที่เธอรับ %pet ไปเลี้ยง ฉันพนันเลยว่าถึงตอนนี้ พวกเธอสองคน คงสนิทกันมากเลยสินะ!",
  "structureBuilt_Stable": "โอ้ เธอมีม้าแล้วเหรอ? นั่นเยี่ยมมากเลย! ม้าน่ะเป็นสัตว์ที่น่าอัศจรรย์นะ$h",
  "dating_Shane_memory_oneweek": "เชนดูมองโลกในแง่ดี และมีความหวังมาขึ้นมากเลย ช่วงหลังมานี้#$b#ฉันดีใจมากเลยที่เธอย้ายมาที่นี่ และที่เธอสองคน เข้ากันได้ดีขนาดนี้!$h",
  "married_Shane": "ฉันดีใจที่เชน จะย้ายไปอยู่ที่ฟาร์มของเธอ... เขาจะได้รักษาประเพณีของครอบครัว เอาไว้ได้!",
  "Resort": "ฮิฮิ... ในที่สุด! โอกาสที่จะได้อวด ความพยายามอย่างหนัก ในชมรมแอโรบิกของฉัน$h",
  "Resort_Leaving": "รู้สึกอบอุ่นจัง",
  "Resort_Shore": "ฮี่ฮี่... การได้เห็นทุกคนในชุดว่ายน้ำ นี่น่าสนใจจริงๆ",
  "Resort_Chair": "ยี๊... เก้าอี้เปียกๆ",
  "Resort_Bar": "โอยย... ร้อนจัง!$s",
  "reject_789": "ว๊ายยย!$4#$b#...อืม... อะไรน่ะ? เห.. ฉันไม่รู้ว่านั่นคืออะไร...$3",
  "Mon": "ฉันรักสัตว์น่ะ คุณ @ ถ้าเธอดูแลสัตว์ของเธอดีละก็ ฉันมั่นใจว่าเราจะเป็น เพื่อนที่ดีต่อกันได้แน่นอน! ^ฉันรักสัตว์นะ คุณ @ ดูแลพวกเขาด้วยความเมตตา แล้วพวกเราก็จะได้เป็นเพื่อนกัน ฉันมั่นใจเลยล่ะ!",
  "Mon4": "สัตว์มันไร้เดียงสา น่ารัก ถ้าไม่ใช่ฉันแล้วใครจะ ดูแลพวกมันกันล่ะ?$s#$e#หวังแค่ว่าไก่ของฉัน คงไม่โกรธมากเกินไปนะ เวลาฉันหยิบไข่ของพวกมันไป$s",
  "Thu_2": "เธออยู่ที่นี่มาได้พักหนึ่งแล้วนะ ฟาร์มของเธอเป็นไงบ้าง?#$e#การเลี้ยงสัตว์มันไม่ยากหรอก ตราบใดที่เธอ ไม่ลืมพวกเขาน่ะ!$h",
  "Saloon": "ตอนนี้ ฉันสามารถพักผ่อน และสังสรรค์ได้ สักนิดสักหน่อยล่ะ",
  "Saloon_Tue": "คนไม่ค่อยมีเลยนะวันนี้$s",
  "Saloon_Wed": "#$1 marnieAnimalSal#วันนี้ฉันทำนมทั้งถังหก แย่มากเลยอะ ช่างน่าเสียดายผลงานที่ เบลินดาที่น่าสงสารของฉัน อุตส่าห์ผลิตมาตั้งนาน$k$s#$e#ดีมากเลยที่เธอแวะมา! ตอนนี้พอจะสดชื่นขึ้นหน่อย",
  "Saloon_Thu": "เฮ้อ! มันรู้สึกดีจริงๆ ที่ได้ยืดแข้งยืดขา หลังจากที่ทำงานหนักมาทั้งวัน",
  "Saloon_Fri": "%เหมือนมานีจะไม่สังเกตเห็นว่าคุณอยู่ที่นี่...",
  "Saloon_Sun": "*ถอนหายใจ*... ฉันไม่ได้ทำอะไรที่ มีประโยชน์เลยวันนี้",
  "Saloon_Sat": "ฉันเห็นคลินท์มาที่นี่ตลอด แต่ไม่คุยกับใครเลย เขาเพียงแค่หันมามอง เป็นครั้งคราวเท่านั้น$s",
  "Tue": "$query PLAYER_NPC_RELATIONSHIP any Shane married roommate#พอเชนไม่อยู่แล้ว ฉันคงต้องสอนแจสเรื่อง วิธีดูแลไก่แล้วละ|หลานของฉัน เชน มาอยู่ที่บ้านฉัน เมื่อไม่กี่เดือนมานี้#$e#เขาช่วยฉันดูแลพวกไก่ เพราะงั้นก็ถือว่าเจ๊าๆ กันไป",
  "GreenRain": "เธอไม่กังวลเรื่องฝนนี่เหรอ? งั้นฉันก็สบายใจขึ้นหน่อย...#$e#ฉันแค่หวังว่า พวกวัวจะเข้านอนกันเองได้นะ...$s",
  "GreenRainFinished": "ดูเหมือนว่าพวกเรา จะกลัวกันไปเองสินะ... ฝนนั่นไม่มีพิษมีภัยอะไรเลย!",
  "GreenRain_2": "พวกสัตว์ดูชอบฝนนี้กัน... ฉันคิดว่า ฝนช่วยเติมแร่ธาตุให้หญ้าละ",
  "Wed": "เธอสามารถใช้เคียว เพื่อตัดหญ้ามาเป็น อาหารสัตว์ได้นะ#$e#หรือซื้อกับฉันก็ได้!$h#$e#ฉันไม่รังเกียจ เงินพวกนั้นหรอก...$u#$e#ลานะจ๊ะ",
  "Thu": "สวัสดีจ้ะ อยากได้อะไรรึเปล่า?#$e#ฉันว่าในอนาคต จะไปหาสัตว์ชนิดอื่นๆ มาขายอยู่เหมือนกันนะ แต่เธอต้องพิสูจน์ ฝีมือการเลี้ยงสัตว์ซะก่อน#$e#ถ้ามีตลาดรับซื้อสัตว์พวกนั้นแล้ว ฉันถึงจะเอามาขาย#$e#แค่ดูแลสัตว์ของเธอ ด้วยความเอาใจใส่ แล้วเรื่องดีๆ จะเกิดขึ้นเอง",
  "Fri": "มาเจอฉันได้ที่ซาลูนนะ ฉันอยู่ที่นั่น แทบทุกคืนล่ะจ้ะ#$e#พวกสัตว์เนี่ย เป็นเพื่อนที่ดีนะ แต่ยังไง ฉันก็ต้องคุยกับผู้คนบ้าง",
  "Fri6": "ฉันสงสัยจังว่าเลวิส อยู่บ้านหลังใหญ่ๆ แบบนั้นแล้วไม่เหงาเหรอ...$s#$e#ในนั้นมันดูโล่งๆ เนอะ ว่าไหม?",
  "Sat": "เคยไปที่หอคอยแปลกๆ ทางตะวันตก ของบ้านฉันไหม?#$e#ครั้งหนึ่งฉันเคยได้ยิน เสียงกระซิบน่ากลัว ที่เหมือนมาจากโลกอื่น ดังออกมาจากแถวนั้นด้วยล่ะ$s#$e#ถ้าฉันเป็นเธอ ฉันจะเลี่ยงไปตรงนั้นนะ...",
  "Sun": "ว่าไงจ๊ะ ดีใจที่ได้เจอเธอนะ!#$e#ถ้าอยากจะซื้อของ หรือจะมาหาอะไร ก็มาได้ตลอดเลยนะ",
  "Sun8": "ไงจ๊ะ @!$h#$e#ฉันดีใจ ที่เรากลายมาเป็นเพื่อนกันนะ ฉันรู้ว่าฉันไว้ใจ ให้เธอดูแลเหล่าสัตว์เลี้ยง ที่น่ารักของฉันได้",
  "Fair_Judging": "เอาล่ะ ไม่มีอะไรจะเสียแล้ว...",
  "Fair_Judged": "ถึงฉันจะไม่ชนะ... แต่ก็ยังดีใจที่ได้แบ่งปัน ความทุ่มเททั้งหมดของฉัน!",
  "Fair_Judged_PlayerLost_PurpleShorts": "นั่นดูเป็นผักกาดม่วง ที่หน้าตาประหลาดจังนะ ในกล่องแสดงสินค้าของเธอน่ะ!$h#$b#ฉันสาบานเลยว่า มันดูเหมือนของเทศมนตรีเลวิส กางเก... $3#$b#โอ้!... แหะ... ไม่มีอะไรหรอก!$4"
}
