{
  "Rainy_Day_0": "ในที่สุด... ฝนห่าใหญ่ก็มาซะที อากาศแจ่มใสแป๊บๆ ก็ทำฉันเบื่อแล้ว",
  "Rainy_Day_1": "ไง ตอนนี้ฉันกำลังคิดถึง ห้องใต้ดินเก่าที่บ้านของฉันล่ะ ถึงฉันจะรู้สึกคุ้นเคยกับที่นั่น แต่ที่นี่ก็มีอะไรหลายอย่าง ที่น่าสนใจมากๆ และฉันก็ไม่ได้คิดถึงกลิ่นอาย ของบ้านหลังนั้นแล้ว...#$e#ฉันหมายถึง ฉันรู้สึกอายนิดหน่อย ที่ฉันอาศัยอยู่ที่บ้านของแม่ มานานมากน่ะ",
  "Rainy_Day_2": "ไง เมื่อคืนฉันนอนไม่หลับ ฉันเลยไปเดินเล่นในถ้ำมาน่ะ แล้วก็เจอนี่... อยากได้รึเปล่า?[575 769 767 84 66 78]#$e#บางทีฉันก็นอนไม่หลับ แต่เธอไม่ต้องเป็นห่วงหรอกนะ ยังไงฉันก็รักเธอ$7",
  "Rainy_Day_3": "เหมือนวันนี้จะเป็นวันที่ดี ที่จะขลุกตัวอยู่ในบ้านนะ น่าจะอ่านหนังสือสักเล่ม หรือทำอะไรสักอย่าง... เธอคิดว่าไง?",
  "Rainy_Day_4": "เฮ้ ฝนตกอีกแล้ว เยี่ยมสุดๆ ไปเลย#$e#เธอดูหนาวๆ นะ... มานี่สิ ขยับเข้ามาใกล้ๆ$l",
  "Rainy_Night_0": "ฉันกำลังพยายามอย่างเต็มที่ เพื่อจะเลิกสูบบุหรี่ถาวร หลังจากที่พวกเรา แต่งงานกันแล้ว... ฉันไม่อยากตาย ไปต่อหน้าต่อตาเธอ ฉันรู้ว่ามันเป็นสิ่งที่ไม่ดี#$e#อยากจะได้อยู่ด้วยกัน ในอนาคตข้างหน้า$l",
  "patio_Sebastian": "ต้องการอะไรรึเปล่า? ฉันจะอยู่แถวนี้ล่ะ จัดการกับมอเตอร์ไซค์ อีกสักพัก",
  "Rainy_Night_1": "วันนี้ฉันทำงาน บนแล็ปท็อปน่ะ จริงๆ แล้วฉัน กำลังรวบรวมไอเดีย สำหรับเกมที่ฉันจะสร้าง#$e#รายได้จากฟาร์มของเธอ ทำให้ฉันสามารถ ทำในสิ่งที่ฉัน อยากทำในชีวิตได้ มันเยี่ยมมากๆ ขอบคุณนะ$h",
  "Rainy_Night_2": "โทษทีนะ ฉันไม่ได้เตรียม อาหารค่ำไว้เลย เรากินพิซซ่าแช่แข็ง ที่อยู่ในตู้เย็น หรืออะไรก็ได้ง่ายๆ ก็ได้#$e#ไม่รู้เหมือนกัน ว่าสติฉันไปอยู่ที่ไหน เลยลืมทำงานบ้านอีกแล้ว..",
  "Rainy_Night_3": "เป็นยังไงบ้าง? วันนี้เธอได้ล่ามอนสเตอร์ บ้างไหม?$h#$e#รู้สึกดีใช่ไหมล่ะ ที่ได้ออกไปปลดปล่อย อารมณ์บ้างอะไรบ้าง?",
  "Rainy_Night_4": "ไม่แน่นะ คืนนี้แม่มด อาจจะมาหาเราก็ได้? หึ... ขอแค่ให้ชีวิต มีอะไรน่าสนใจบ้าง...",
  "Indoor_Day_0": "ยิ่งฉันอายุมากขึ้น ฉันก็ยิ่งรู้สึกยึดติด กับเมืองใหญ่น้อยลง ถึงจะมีสิ่งน่าดึงดูดมากมาย แต่ตอนนี้มันก็เป็นเพียงแค่ จินตนาการเพ้อฝัน#$e#ชีวิตในเมืองจริงๆ มันช่างวุ่นวาย เต็มไปด้วยผู้คน... นั่นไม่ใช่ที่ สำหรับฉันหรอก ฉันเป็นพวกรักสันโดษ",
  "Indoor_Day_1": "ไง... กาแฟหน่อยไหม?[395]$7#$e#ฉันต้องดื่มสักหน่อย... ฉันตื่นมาแต่เช้าเลย เพราะฝันร้าย แล้วก็นอนต่อไม่หลับแล้ว",
  "Indoor_Day_2": "เมื่อคืนฉันนอนไม่หลับ ฉันเลยออกไปขี่ มอเตอร์ไซค์มา#$e#ถึงแม้ว่าพวกเรา จะแต่งงานกันแล้ว แต่บางครั้ง ฉันก็อยากมีอิสระบ้าง ฉันก็เป็นแบบนี้แหละ แต่ยังไงฉันก็ยังรักเธอนะ$7",
  "Indoor_Day_3": "ไง เมื่อคืน นอนหลับสบายไหม? ฉันได้ยินเสียงเธอ นอนละเมอด้วย#$e#เธอดูหวาดกลัว อะไรบางอย่าง แต่ฉันยอมรับตรงๆ นะ...ว่า ท่าทางแบบนั้นมัน น่ารักมากเลย$l",
  "Indoor_Day_4": "การได้ใช้ชีวิตร่วมกับเธอ ทำให้ฉัน ได้เปิดโลกขึ้นมาอีกนิด ฉันคิดว่านั่นมันก็ดีนะ$7",
  "Indoor_Night_0": "ไง วันนี้ฉันได้แต่เดิน วนเวียนอยู่ในบ้านทั้งวัน ไม่มีอะไรน่าสนใจ...#$e#...#$e#...แต่วิวจากบ้านเรา มันเจ๋งมากๆ เธอสามารถมองเห็น พระอาทิตย์ขึ้น เหนือเมืองเพลิแกน จากหน้าระเบียงบ้าน ได้เลยล่ะ",
  "Indoor_Night_1": "ฉันอาจจะดื่มกาแฟมากไป... ไม่รู้สึกเหนื่อยเลย#$e#ตอนนี้ฉันกำลังพยายาม ปรับแต่งตารางเวลา ให้เข้ากับทำฟาร์มน่ะ ก่อนนี้ก็มีบางครั้ง ที่ฉันเคยอยู่โต้รุ่งจนถึงตี 5 แล้วก็นอนยาว ตื่นมาอีกทีบ่าย 2$h",
  "Indoor_Night_2": "มันเยี่ยมมากๆ ที่เรามีบ้านเป็นของตัวเอง ฉันสามารถทำอะไร ก็ได้ที่อยากทำ และไม่ต้องมีใคร มาคอยรบกวนฉัน ตลอดเวลา#$e#ฉันมั่นใจว่ามารุ ก็คงแฮปปี้เหมือนกัน ที่ฉันย้ายออกมา",
  "Indoor_Night_3": "ก่อนหน้านี้ ฉันเห็นค้างคาว อยู่นอกหน้าต่างด้วย มันอาจจะมองเห็นได้ยาก แต่ถ้าเธอตั้งใจดู เธอจะให้พวกมัน บินโฉบไปมาอย่างเร็ว มันอยู่ข้างนอกนั่นแหละ",
  "Indoor_Night_4": "ที่บ้านเก่า ฉันมักจะรู้สึกเหมือน ไม่ได้รับการต้อนรับ... แต่ที่นี่ ฉันรู้สึกได้ว่านี่คือ ที่สำหรับฉันจริงๆ ขอบคุณมากนะ ที่ทำให้ฉันรู้สึก อบอุ่นแบบนี้ @$l",
  "Outdoor_0": "ฉันรู้สึกว่าต้องทำอะไร สักอย่างวันนี้... แต่ฉันไม่รู้ว่าคืออะไร เธอเคยมีปัญหา แบบนี้หรือเปล่า @?",
  "Outdoor_1": "อืมมม... ฉันว่าบางครั้ง ฉันบังคับตัวเอง ให้ออกมาอยู่ข้างนอกบ้าง เพื่อสุขภาพน่ะ#$e#ฉันก็ไม่รู้เหมือนกันว่าทำไม แต่ฉันชอบที่จะ อยู่ในบ้านมากกว่า บางทีฉันคงจะชิน กับการอยู่ในห้องใต้ดินมืดๆ น่ะ",
  "Outdoor_2": "ฉันจะดูเธอ จากตรงนี้แล้วกัน$h#$e#ฉันรู้สึกเพลินดีนะ เวลาที่ได้มองเธอ",
  "Outdoor_3": "ฉันต้องไม่ทำตัว อ่อนแอแล้ว ตอนนี้ฉันคือผู้ชาย ที่แต่งงานแล้ว บางทีฉันควรจะ เริ่มกินเผ็ดมากขึ้น และออกกำลังกาย สักหน่อย?#$e#มันก็แค่ความคิดน่ะ...$h",
  "Outdoor_4": "พวกเราควรจะ เลี้ยงสไลม์เพิ่มขึ้นนะ... เลี้ยงมันเยอะๆ เลย น่าจะกำไรน่าดู แล้วเจ้าพวกนี้ มันก็เลี้ยงง่ายซะด้วย#$e#แล้วก็ตัวที่สีต่างกัน ก็ให้ไอเทมต่างกันด้วย ไม่รู้สิ ฉันว่ามันน่าจะเป็น งานอดิเรกที่สนุก สำหรับพวกเรานะ",
  "OneKid_0": "ตอนนี้ฉันกำลัง พยายามทำตัว ให้คุ้นชินกับการ เป็นพ่อคนน่ะ ไม่ต้องเป็นห่วงนะ ฉันจะเลี้ยง%kid1 ของพวกเราอย่างดีเลย! มันก็แค่... เรื่องแปลกใหม่",
  "OneKid_1": "ถ้า %kid1 โตขึ้นอีกนิด ฉันจะไปซื้อที่นั่งพ่วงข้าง ของรถมอเตอร์ไซค์ แล้วพวกเราจะได้ ขี่รถไปเที่ยวด้วยกัน ยังไงล่ะ$h",
  "OneKid_3": "เธอได้กลิ่นตุๆ จาก %kid1 ไหม? บางทีอาจจะ ถึงเวลาอาบน้ำ แล้วก็ได้...",
  "TwoKids_0": "ไม่ต้องเป็นห่วง ฉันป้อนอาหาร ลูกๆ แล้วล่ะ... %kid2 บ้วนนมช็อกโกแลต ใส่เสื้อฉันอีกแล้ว",
  "TwoKids_1": "ฉันหวังว่า %kid1 และ %kid2 จะรักกันนะ มารุกับฉัน มักจะทะเลาะกันเสมอ ตอนที่พวกเรายังเป็นเด็ก#$e#พอฉันนึกย้อนกลับไป ส่วนใหญ่แล้ว ฉันเป็นคนผิดเองแหละ...",
  "TwoKids_2": "ฉันฝันแบบนี้ มาหลายครั้งแล้ว ฉันฝันเห็น %kid2 สวมชุด คนทรงลึกลับ และก็นั่งอยู่บน ฟักทองเรืองแสง ประหลาดชะมัด เธอว่าไหม?",
  "TwoKids_3": "พวกเรา มากันไกลจริงๆ @ ดูครอบครัวของเราสิ บอกตามตรง ฉันไม่เคยคิดเลยจริงๆ ว่าพวกเราจะมีวันนี้ได้#$e#ตอนนี้ ที่ฉันอยู่ตรงนี้ ฉันชอบมันมากๆ...$l",
  "Good_0": "ไง มองฉันสิ อย่าลืมนะ ว่าฉันรักเธอ... เธอคือทุกอย่าง สำหรับฉัน$l#$b#เอาล่ะ ทีนี้ก็ออกไปทำเงิน มาให้พวกเราได้แล้ว$h",
  "Good_1": "ไง...มานี่หน่อยซิ วันนี้เธอดูดีจังเลยนะ$l",
  "Good_2": "เธอดูดีเสมอเลยนะ แม้แต่หลังจากไปคลุกคลี กับสวนมาทั้งวัน$l",
  "Good_3": "ถึงฉันจะไม่ค่อยแสดงออก แต่ฉันมีความสุข จริงๆนะ ที่ได้เป็นสามีของเธอ การแต่งงานกับเธอ เป็นการตัดสินใจที่ดีที่สุด ที่ฉันเคยทำเลย$l",
  "Good_4": "เธอไม่ต้องเป็นห่วงฉันหรอก ฉันชอบที่จะใช้เวลา อยู่คนเดียวน่ะ",
  "Good_5": "บางครั้ง ฉันรู้สึกโมโห... แต่พอได้เห็นหน้าเธอแล้ว ฉันจะรู้สึกสงบลง$7#$e#สงสัยพอแก่ขึ้น ก็ใจเย็นลง",
  "Good_6": "ฉันรู้ว่าเธอแข็งแรง แต่บางทีก็ยัง อดเป็นห่วงไม่ได้ อย่าไปล่ามอนสเตอร์ โดยไม่มียาอายุวัฒนะ และรองเท้าหนาๆล่ะ เข้าใจไหม?",
  "Good_8": "วันนี้ ไม่อยากทำงานชะมัด ฉันจะดูว่าทีวี มีอะไรฉายบ้างดีกว่า",
  "Good_9": "ฉันไม่ต้องการเพื่อนหรอกนะ ชีวิตของฉัน ต้องการเธอแค่คนเดียว มันแปลกไหม?#$e#ฉันว่า ฉันคงจะไม่เหมือน คนส่วนใหญ่ล่ะนะ",
  "Neutral_0": "ฉันพยายามอย่างมาก ที่จะหลบเลี่ยงผู้คน ตอนฉันออกไปเดินเล่น ฉันเกลียดที่จะต้อง ถูกกดดันให้พูดคุย ทักทายน่ะ",
  "Neutral_2": "ทำไมเราไม่คุย ว่าวันนี้เธอทำอะไรบ้าง ตอนจะเข้านอนคืนนี้ล่ะ? ตอนนี้ฉันยุ่งอยู่น่ะ...",
  "Neutral_3": "เธอกำลัง จะเข้าเมืองเหรอ? ทำไมล่ะ เธอจะเข้าไปทำอะไร?",
  "Neutral_4": "ฉันว่า ฉันจะซักผ้าวันนี้ล่ะ... ดูท่าเธอคงยุ่งอยู่ กับฟาร์มทั้งวัน",
  "Neutral_5": "เรื่องเงินนี่ พวกเรายังโอเค อยู่ใช่ไหม? ฉันไม่อยากขาย โน๊ตบุ๊คของฉันนะ...",
  "Neutral_6": "ถ้าเธออยากจะไป หาเพื่อนในเมืองล่ะก็ ไปได้เลยนะ ยังไงฉันก็ชอบ อยู่เดียวอยู่แล้ว",
  "Neutral_8": "การทำความสะอาดบ้าน นี่มันไม่สนุกเลย แต่พอฟังเพลงไปด้วย มันจะช่วยให้ เวลาผ่านไป เร็วขึ้นทีเดียวล่ะ",
  "Bad_5": "ฟังนะ ฉันอยากอยู่คนเดียว ทำไมเธอไม่ไปข้างนอก แล้วไปหาอะไรทำล่ะ?",
  "Bad_6": "ต้องการอะไร? เธอทำอย่างกับเป็น พ่อเลี้ยงฉันเลย ออกไปซะ$a",
  "Bad_7": "ที่นี่เริ่มจะทำให้ฉัน รู้สึกเหมือน อยู่สุสานเข้าไปทุกที$s",
  "Bad_8": "ฉันเริ่มกลับมา สูบบุหรี่อีกแล้ว... ช่วงหลังๆ มานี้ฉันรู้สึก เครียดมากๆ$s",
  "funLeave_Sebastian": "วันนี้ฉันจะไป เดินเล่นสักหน่อย ฉันอยากมีเวลา ให้ตัวเองบ้าง ไว้เจอกันตอนเย็นนะ",
  "funReturn_Sebastian": "วันนี้ก็ดีนะ แต่ไม่ค่อยมีอะไร เล่าให้เธอฟังหรอก ทำไมเธอไม่เล่าเรื่องเธอ ให้ฉันฟังบ้างล่ะ?",
  "spring_1": "อ๊ากกก... หัวฉัน สุขสันต์วันปีใหม่...$h",
  "spring_12": "เธอตื่นเต้น กับงานเทศกาล ในวันพรุ่งนี้ไหม? ฉันว่ามันต้องดีแน่ๆ ที่จะได้เจอแซมอีกครั้ง",
  "spring_23": "โอ้.. พรุ่งนี้เป็นวัน เทศกาลระบำดอกไม้ ใช่ไหม? พวกเราต้องไปด้วยเหรอ?#$e#ฉันเกลียดที่ต้องใส่ จั้มสูทคับๆ น่าตลกนั่นจริงๆ ทำไมเทศมนตรีเลวิส ถึงต้องให้พวกเรา ใส่ด้วยนะ?$s",
  "summer_1": "ฤดูร้อนแล้ว... ฉันคงต้องเริ่ม ทาครีมกันแดดหนาๆ เลย ถ้ายังอยากจะขาวซีด อยู่เหมือนเดิม...",
  "summer_10": "เธอคิดรึยังว่า จะใส่อะไรลงในซุปลัวร์?#$e#ฉันไม่รู้เลยว่า จะใส่อะไรดี... ให้เธอเป็นเชฟเลย!$7",
  "summer_27": "อากาศเริ่มเย็นลงแล้ว รู้สึกดีจัง#$e#พวกเราควรจะต้องไป งานเทศกาลคืนพรุ่งนี้นะ? จริงๆ แล้วมันเป็นงาน ที่ฉันชอบล่ะ$7",
  "fall_1": "ดูเหมือนทั้ง หมู่บ้านจะเปลี่ยนไป ภายในคืนเดียว... ในที่สุดฤดูใบไม้ร่วง ก็มาถึงแล้วสินะ",
  "fall_15": "สตาร์ดิวแฟร์ ค่อนข้างจะแออัดไปหน่อย สำหรับฉัน... แต่ฉันว่าจะออกไป อยู่กับแซมสักหน่อย ได้อยู่กับเขาบ้าง ก็ดีเหมือนกัน#$e#ส่วนเธอ ก็ลองไปเล่นเกม ในงานเถอะ! ไม่ต้องห่วงฉันหรอก$7",
  "fall_26": "ฉันตื่นเต้นกับ คืนแห่งวิญญาณ ในวันพรุ่งนี้ชะมัด ฉันกำลังคิดว่า พวกเราจะเจออะไร ที่น่ากลัวบ้างไหมนะ$h",
  "winter_1": "เธอมีแผนในช่วง ฤดูหนาวรึยัง? ฉันรู้นะว่า มันเหมือนเป็นช่วงเวลา พักผ่อนของเธอ",
  "winter_7": "พรุ่งนี้เธอจะไปเข้าร่วม การแข่งขันตกปลา รึเปล่า?",
  "winter_28": "มันเป็นปีที่เยี่ยมไปเลย @ พวกเราควรจะฉลองกัน สักหน่อยนะ[346]$h#$e#ฉันมั่นใจว่า ปีหน้ามันจะต้อง ดีกว่านี้แน่นอน$7"
}
