{
  "Rainy_Day_0": "มันมีความเชื่อที่ว่า การที่ฝนตก เป็นสาเหตุของไข้หวัดใหญ่ ยังไงก็แล้วแต่ คุณต้องระมัดระวัง อย่าไปลื่นบนโคลนล่ะครับ!#$e#ผมเป็นห่วงคุณจริงๆ เลย",
  "Rainy_Day_1": "มันเหงาสุดๆ ไปเลย ที่ต้องอาศัยอยู่ด้านบน ของคลินิกนั่น เพียงคนเดียว... แต่ตอนนี้ผมมี ความสุขมากเลยล่ะ$h",
  "Rainy_Day_2": "ผมตื่นขึ้นมาตั้งแต่เช้า แต่ผมไม่ได้ปลุกคุณ เพราะคุณดู นอนหลับสบายมากๆ เลย",
  "Rainy_Day_3": "ผมไม่รังเกียจ ที่ฝนตกหรอกนะ แน่นอน ถึงผมไม่สามารถมองเห็น เครื่องบินได้ แต่ผมก็ยังสามารถ ฟังจากวิทยุได้#$e#ซึ่งมันทำให้ทุกอย่าง ดูลึกลับขึ้นไปอีกล่ะ",
  "Rainy_Day_4": "ผมยังมีงานบ้าน ที่ยังทำไม่เสร็จอยู่ ผมว่าจะทำให้เสร็จ ในวันนี้แหละ มีหลายอย่างที่ให้ผม ยุ่งได้ตลอดเลยล่ะ!",
  "Rainy_Night_0": "วันนี้เป็นยังไงบ้างครับ ที่รัก? ทีแรกผมก็ว่า จะไปล้างจานอยู่หรอก ผมมัวแต่อ่านบทความล่าสุด เรื่อง \"ผู้คลั่งไคล้การผ่าหัวเข่า\" อยู่น่ะสิ",
  "patio_Harvey": "คุณรู้ไหมว่า พอได้ออกมา นั่งอ่านข้างนอกแบบนี้ 'วารสารว่าด้วย พลศาสตร์ของเส้นเอ็น' มันก็พอไปวัดไปวาได้ อยู่เหมือนกันครับ",
  "Rainy_Night_1": "ตราบเท่าที่คุณสนุกกับชีวิต จะสนทำไมล่ะ ถ้าจะต้องทำมันซ้ำๆ นั่นคือสิ่งที่ผม อยากจะบอกคุณนะ",
  "Rainy_Night_2": "คุณตัวเปียกนะ ที่รัก ทำไมไม่มาผิงไฟล่ะ?^คุณตัวเปียกนะ ที่รัก ทำไมคุณไม่มาผิงไฟล่ะ?",
  "Rainy_Night_3": "เสียงฝนที่ตกลงมา สามารถช่วยให้เรา มีสมาธิและไม่คิดฟุ้งซ่าน#$e#นี่เป็นทฤษฎีของผมเอง ที่ว่าทำไมเวลาฝนตก ถึงทำให้เรารู้สึกสงบได้...",
  "Rainy_Night_4": "ผมทำอาหารเย็น ที่ดีต่อเพื่อสุขภาพ ไว้สำหรับพวกเราด้วยนะ ผมใช้แต่วัตถุดิบสดใหม่ ที่หาได้จากหมู่บ้าน ของพวกเรานี่แหละ! [212 214 225 209 200]$h#$e#คุณต้องทานอาหารให้ได้ ในปริมาณที่เหมาะสม ต่อร่างกายนะ ที่รัก",
  "Indoor_Day_0": "ผมคิดว่าพวกเราทุกคน ต่างก็มุ่งมั่นที่จะหา ความสมดุลให้กับชีวิต ความสมดุลที่อยู่ท่ามกลาง ความซับซ้อนทั้งหลาย#$e#สำหรับผม การย้ายมาอยู่ที่นี่ คือความสมดุลที่ผมตามหา มาโดยตลอด$l",
  "Indoor_Day_1": "อรุณสวัสดิ์ครับ @! เช้านี้ผมทำอาหารเช้า ที่อุดมไปด้วยสาร อาหารให้คุณนะ[201]#$e#ไข่อุดมไปด้วย สารอาหารชั้นดี ที่จำเป็นต่อร่างกาย ฉะนั้นกินมันเถอะ",
  "Indoor_Day_2": "วันนี้ผมว่าจะอ่าน งานวิจัยทางการแพทย์น่ะครับ มันเป็นสิ่งสำคัญ ที่ผมต้องคอย ตาม-ให้-ทัน อยู่เสมอ เพื่อที่ผมจะได้ดูแลผู้ป่วย ให้ดีที่สุดเท่าที่จะทำได้!",
  "Indoor_Day_3": "วันนี้ผมว่าจะ ฟังเพลงแจ๊สไปพลาง แล้วก็เขียนรายงาน ทางการแพทย์ให้เสร็จ แล้วคุณล่ะครับ?",
  "Indoor_Day_4": "ในตอนแรกที่เราเจอกัน ผมรู้สึกกลัวคุณด้วยล่ะ คิดแล้วมันก็ตลกเนอะ ที่พวกเรามาไกลได้ขนาดนี้$h",
  "Indoor_Night_0": "คุณดูเหนื่อยนะ ที่รัก คืนนี้ให้ผมนวดให้คุณนะครับ ผมสัญญาว่า มันจะช่วยให้การอักเสบ ของกล้ามเนื้อคุณลดลงได้!$l",
  "Indoor_Night_1": "วันนี้ ผมปล่อยตัวสบายๆ ใช้เวลาไปกับการ อ่านหนังสือ นั่งหาคลื่นวิทยุ ต่อโมเดลเครื่องบิน#$e#มันสำคัญนะ ที่จะหยุดทำงาน และพักผ่อนบ้าง ความเครียด ไม่ดีต่อสุขภาพ นะครับ",
  "Indoor_Night_2": "สวัสดีตอนเย็นครับ... ทำทุกอย่างเสร็จรึยัง?#$e#ไม่ต้องห่วงผมนะ ผมรอได้ ถ้าคุณมีงานที่จะต้องทำอีก",
  "Indoor_Night_3": "การเป็นหมอ มันเครียดนะ ดังนั้นมันดีมากเลย ที่ได้มาอยู่ในที่ๆ ผ่อนคลายแบบฟาร์ม %farm แห่งนี้",
  "Indoor_Night_4": "โอ้! ผมเพิ่งฝันกลางวัน เกี่ยวกับเรื่องระบบ การไหลเวียนโลหิต แล้วดันลืมสิ่งที่ผม คิดจะทำซะได้ นี่มันเป็นปัญหา คลาสสิคของหมอจริงๆ",
  "Outdoor_0": "ที่นี่น่ะ ปลอดภัยอยู่แล้ว คุณไปทำงานเถอะครับ ไม่ต้องเป็นห่วงผมหรอกนะ",
  "Outdoor_1": "จากหลักการ ทางวิทยาศาสตร์ ผมเชื่อว่าที่นี่ ต้องเป็นที่ที่เหมาะสม สำหรับการเลี้ยงดูเด็ก คุณล่ะคิดว่ายังไงครับ?",
  "Outdoor_2": "ผมอาจจะไม่ใช่ผู้ชาย น่าตื่นเต้นที่สุด แต่ผมจะซื่อสัตย์ต่อคุณ ตลอดชีวิตของผม$l",
  "Outdoor_3": "@...คุณ... คุณคือ โลกทั้งใบของผม$l",
  "Outdoor_4": "ในฐานะที่ผม เป็นนักวิทยาศาสตร์ ผมชื่นชอบวัฏจักรชีวิต ระหว่างแมลงและพืช ที่ต้องพึ่งพาอาศัยซึ่งกันและกัน มากๆ เลยล่ะ",
  "OneKid_0": "คุณและ %kid1 คือสิ่งสำคัญที่สุด ในชีวิตของผม",
  "OneKid_1": "%kid1 ตัวน้อย จะต้องมีวัยเด็ก ที่เพอร์เฟกต์ที่นี่ พวกเราโชคดีมาก ที่ได้มีโอกาสนั้น",
  "OneKid_3": "จนถึงตอนนี้ ผมชอบการเป็น พ่อคนจริงๆ!$h",
  "TwoKids_0": "ผมป้อนอาหาร ให้ %kid1 และ %kid2 แล้ว ผมพยายามสอนให้พวกเขา ชอบทานอาหาร ที่ดีต่อสุขภาพด้วยนะ!",
  "TwoKids_1": "ผมว่าเด็กๆ ควรได้รับโอกาส ในการเล่นและเรียนรู้ เท่าที่พวกเขาต้องการ เพราะคุณเป็นเด็ก ได้แค่ครั้งเดียวนะ",
  "TwoKids_2": "บางที %kid2 อาจจะโตมาเป็นนักบิน แบบที่ผมใฝ่ฝันมาโดยตลอด แต่ไม่สามารถเป็นได้ ก็ได้นะ?",
  "TwoKids_3": "ตอนนี้ชีวิตผม อุทิศให้กับคุณและลูก ผมมีความสุขมากจริงๆ ผมวาดฝันถึงครอบครัวที่วิเศษ มาโดยตลอด$l#$e#ผมเคยฝันร้ายว่า จะต้องเป็นโสด ตลอดไปด้วยซ้ำ... ผมรักคุณที่สุดเลย!$l",
  "Good_0": "@... ผมยังไม่อยากจะเชื่อเลยว่า พวกเราแต่งงานกันแล้ว...$l",
  "Good_1": "คุณช่วยผม จากชีวิตที่แสนโดดเดี่ยว และเติมเต็มความว่างเปล่า ในใจของผม ขอบคุณนะครับ$l",
  "Good_2": "ผมรู้ทันทีว่า คุณคือคนที่ใช่ ตั้งแต่ที่คุณย้ายมา อยู่ที่นี่...$l^ผมรู้ทันทีว่า คุณคือคนที่ใช่ ตั้งแต่คุณย้ายมา อยู่ที่นี่...$l",
  "Good_3": "โอ้ คุณดูหล่อมากเลยวันนี้! โกนหนวดเหรอครับ?$l^โอ้... วันนี้คุณดูสวยมากเลยครับ$l",
  "Good_6": "ระวังหน่อยนะ ตอนออกไปข้างนอก! ผมฝันร้ายว่า เห็นคุณถูกหามไปที่ ห้องฉุกเฉินน่ะ$7",
  "funLeave_Harvey": "ผมว่าวันนี้ ผมจะออกไปเดินเล่นสักหน่อย ผมต้องการผ่อนคลายบ้างน่ะ",
  "funReturn_Harvey": "วันนี้เป็นวันที่ดีวันหนึ่ง สำหรับผม การได้ใช้เวลาอยู่คนเดียวบ้าง ช่วยเติมพลังให้ผม เป็นอย่างดี แล้วคุณล่ะ มีวันดีๆ ไหม ที่รัก?",
  "spring_1": "มันวิเศษมากๆ ที่ได้เห็นพวกพืช ทั้งหมดกลับมา มีชีวิตชีวาอีกครั้ง ความเขียวขจีของมัน ช่วยทำให้ดูสดชื่นมากๆ หลังจากผ่านฤดูหนาว ที่แสนจืดชืดนั่น",
  "spring_12": "โอ้ พรุ่งนี้มี งานเทศกาลใช่ไหม? คนเยอะน่าดู กิจกรรมก็...*กลืนน้ำลาย*$s",
  "spring_23": "ค...คุณจะเต้นรำกับผม ในงานเทศกาลพรุ่งนี้ไหม?$7#$e#ยังไงมันก็น่าอายอยู่ดี$7",
  "summer_1": "ระวังผิวไหม้นะครับที่รัก มันอันตรายต่อผิวของคุณนะ$8#$e#ในฐานะที่ผม เป็นทั้งสามีและหมอ ผมคำนึงถึงสุขภาพ และความปลอดภัยของคุณ คือสำคัญที่สุดอันดับแรก!",
  "summer_10": "คุณคิดหรือยังว่า จะใส่อะไรลงในซุปลัวร์?#$e#ผมว่าจะใส่ของที่มีคุณค่า และมีคุณภาพดี พวกเราทุกคน อยากจะสร้างความประทับใจ ให้ผู้ว่าการน่ะ!",
  "summer_27": "พอฤดูร้อนใกล้จะหมด อากาศหนาวก็เริ่มมา งานผมเลยมากขึ้นด้วย ขอโทษนะครับ ถ้าผมจะหงุดหงิด นิดหน่อย...",
  "fall_1": "ควรปลูกพืช หลากหลายชนิด ในฤดูใบไม้ร่วง นะครับที่รัก#$e#หรือไม่ก็ ปลูกแครนเบอร์รี อย่างเดียวก็ได้... แต่ก็ตามใจคุณเลยนะ ผมจะไปรู้อะไรล่ะ?",
  "fall_15": "พรุ่งนี้มีงานแฟร์ ในงานทั้งมัน และเค็มมากเลย แต่ผมโอเคนะ ถ้ากินนานๆ ครั้ง$h",
  "fall_26": "ผมยอมรับนะ ว่าเทศกาลคืนแห่งวิญญาณ มักจะทำให้ลำไส้ของผม ปั่นป่วนไปหมด... แต่ผมจะพยายาม รวบรวมความกล้า ให้ได้มากที่สุดนะ",
  "winter_1": "ช่วงฤดูหนาว อากาศจะแห้งมากเลย อาจทำให้ผิวของคุณแพ้ง่าย#$e#แต่ไม่ต้องห่วงนะ ผมจะคอยนวดหลังคุณ ด้วยน้ำมันเห็ดทรัฟเฟิล ทุกคืนเลย$l",
  "winter_7": "พรุ่งนี้เราจะไป เทศกาลน้ำแข็งกันไหม? ผมชอบบ้านน้ำแข็ง มากเลยนะ...",
  "winter_28": "ปีนี้เป็นปีที่วิเศษมากๆ และผมก็มั่นใจว่า ปีหน้าจะต้องดีกว่านี้อีก!$h"
}
