{
  "Rainy_Day_0": "อาจจะเป็นวันที่เหมาะ กับการนั่งเล่นกีตาร์ชิลๆ...#$e#นี่ เธอมาพักด้วยก็ได้นะ ถ้าเธออยากน่ะ",
  "Rainy_Day_1": "เธอคิดว่าเซบาสเตียน กับอบิเกล จะคบกันรึเปล่า?#$e#ฮ่าฮ่า... ตอนนี้ฉันแต่งงานแล้ว ก็เลยจะอยากให้ทุกคน ได้แต่งงานด้วย",
  "Rainy_Day_2": "ไง ฉันเจอเจ้านี่กลิ้งอยู่ ด้านหลังลิ้นชักละ [90 88 86 535]#$e#ฉันว่าเธอน่าจะใช้มันได้นะ",
  "Rainy_Day_3": "เฮ้อ ให้ตาย วันครึ้มๆ แบบนี้ เป็นอะไรที่ชวนเซ็งสุดๆ...$7",
  "Rainy_Day_4": "นอนหลับเป็นไงมั่ง? เสียงฝนแบบนี้ ทำฉันหลับเป็นตายเลย",
  "patio_Sam": "*ถอนหายใจ* ... ฉันไม่มีวันทำท่านี้ ได้แน่เลย...$s",
  "Rainy_Night_0": "ไง วันนี้เป็นไงบ้าง? ฉันแค่นอนกลิ้งไปกลิ้งมา อ่านหนังสือการ์ตูนทั้งวัน... เยี่ยมไปเลย$h",
  "Rainy_Night_1": "เป็นวันของฉัน ไม่มีอะไรหวือหวาอ่ะ... โคล่า พิซซ่าแช่แข็ง ดีดกีตาร์สัก 2-3 ชั่วโมง ผ่อนคลายดี",
  "Rainy_Night_2": "ก่อนหน้านี้ ฉันฟังเทปบันทึก ที่เราเคยไปแสดงตอนนั้นน่ะ จำได้ไหม? ให้ตายสิ มันดูมั่วๆ ไปหน่อย#$b#มันทำให้ฉันประหม่านิดหน่อย ตอนที่เธออยู่ที่นั่นด้วย ฉันไม่อยากทำมันพัง แล้วทำให้เธอคิดว่า ฉันเป็นพวกขี้แพ้!$10",
  "Rainy_Night_3": "หวังว่าวินเซนท์ จะไม่เหงามากนะ หลังจากที่ฉันย้ายออกมา... ฉันรู้สึกว่าเด็กน้อยนั่น เป็นความรับผิดชอบของฉัน$s#$e#แต่ชีวิตก็คือการเปลี่ยนแปลง... จริงไหม? เด็กจำเป็นต้องเรียนรู้ หรือไม่อย่างงั้น ความเป็นผู้ใหญ่ ก็คงจะทำลายพวกเขา$7",
  "Rainy_Night_4": "นี่ ฉันอุ่นพิซซ่าแช่แข็ง 2 ชิ้นในเตาล่ะ นี่ของเธอ [206]$h",
  "Indoor_Day_0": "เฮ้อ... ฉันจะบอกเธอว่า สิ่งหนึ่งที่ฉันไม่เคยคิดถึง ในชีวิตสมัยก่อนเลยก็คือ... การทำงานที่ร้านโจจ้า",
  "Indoor_Day_1": "นี่ ฉันทำแพนเค้กสำเร็จรูป ให้เธอด้วย กินเลยสิ [211]$h#$e#อะไรเล่า? ฉันไม่เคยหัดทำอาหารนี่... ก็แม่ของฉันทำให้ตลอดเลย",
  "Indoor_Day_2": "นี่ ฉันรู้ว่าฉันเอาแต่พูดเล่น เรื่อยเปื่อย แต่ฉันอยากให้เธอรู้ว่า ฉันรักเธอจริงๆ...$l",
  "Indoor_Day_3": "เธอมีแผนอันยิ่งใหญ่ ของวันนี้แล้วหรือยัง?#$e#โอ้ ฉันไม่มีอ่ะ.. ฉันมักจะตัดสินใจทำอะไร ก่อนลงมือทำแค่แป๊บเดียว...",
  "Indoor_Day_4": "อืม... เอาไว้ฉันช่วยงานในฟาร์ม วันอื่นละกันนะ วันนี้ฉันขี้เกียจจัง$s#$e#เธอไม่โกรธนะ?",
  "Indoor_Night_0": "ไง วันนี้เธอดูเหนื่อยนะ ให้ฉันช่วยเธอผ่อนคลาย โอเคไหม? เอาไว้เดี๋ยวนวดให้ทีหลังละกัน",
  "Indoor_Night_1": "วันนี้ของฉันเหรอ? ...ฉันจำไม่ค่อยได้แล้วน่ะ ฉันไม่ค่อยได้ทำอะไร ที่น่าจดจำเท่าไหร่ แค่พักผ่อนและมีเวลาดีๆ",
  "Indoor_Night_2": "ไง ขอโทษนะ ที่ฉันไม่ได้เตรียมที่นอนไว้ เธอก็รู้ว่าฉันไม่เรียบร้อย... แต่แบบนั้นเธอเลยชอบฉัน ใช่ไหม?$h",
  "Indoor_Night_3": "สิ่งเดียวที่ฉันคิดถึง ตอนอยู่ในบ้าน คือปลาอบฝีมือแม่",
  "Indoor_Night_4": "พร้อมเข้านอนหรือยัง? ฉันเตรียมที่นอนแล้ว เป็นครั้งแรกเลยนะ...",
  "Outdoor_0": "บางทีฉันน่าจะไปหา ล้อออฟโร้ด มาติดสเก็ตบอร์ดดู เทศมนตรีเลวิส ห้ามฉันที่นี่ไม่ได้แน่ๆ$h",
  "Outdoor_1": "ฉันมักจะนั่งจ้อง ท้องฟ้าสีครามอยู่เสมอ... เธอไม่มีทางรู้หรอก ว่า UFO จะผ่านมาตอนไหน",
  "Outdoor_2": "ไง @! ถ้าฉันรู้เรื่อง เกี่ยวกับการทำฟาร์มละก็ ฉันคงจะช่วยเธอ ได้มากกว่านี้ ขอโทษนะ!#$e#ฉันจะพยายามช่วยเธอ ด้วยการให้กำลังใจนะ$h",
  "Outdoor_3": "มีบางอย่างในอากาศ ที่ทำให้ฉันรู้สึกดี... บางทีมันอาจจะเป็น กลิ่นหอมๆ ของพิซซ่า จากเตาอบของกัสก็ได้",
  "Outdoor_4": "ว้าว... เธอดูดีมากเลยวันนี้ และคราบโคลนพวกนั้น ยิ่งช่วยเพิ่มเสน่ห์ขึ้นไปอีก$l",
  "OneKid_0": "ฉันจะเปลี่ยนผ้าอ้อมให้ %kid1 เองนะ... อย่างห่วงไปเลย แค่นี้เธอก็ยุ่งมากพอแล้ว",
  "OneKid_1": "มันแปลกดีนะ แต่ฉันชอบที่ได้เป็นพ่อจริงๆ!$h",
  "OneKid_3": "ฉันคิดว่า เราน่าจะมีลูกอีกคนนะ จะหยุดแค่นี้ทำไมล่ะ?",
  "TwoKids_0": "วันนี้ฉันตื่นเช้ามา ป้อนข้าวลูก แล้วก็เปลี่ยนผ้าอ้อมเสร็จแล้ว ทุกอย่างเรียบร้อย เธอตั้งใจหาเงินให้ได้ มากๆ ก็พอ$h#$e#ฉันล้อเล่นน่า... ฉันไม่ได้แต่งงานกับเธอ เพราะเงินสักหน่อย",
  "TwoKids_1": "เราต้องแน่ใจว่า เราใส่ใจกับ %kid1 มากพอ เพราะตอนนี้เรามี %kid2 แล้ว เราไม่อยากพวกเขาอิจฉากัน",
  "TwoKids_2": "มันสนุกดี ที่ได้เห็นพวกเด็กๆ เล่นด้วยกัน ฉันว่าพวกเขาจะต้อง สนิทกันมากแน่นอน",
  "TwoKids_3": "ฉันไม่คิดมาก่อนเลยว่า ฉันจะได้มาเป็นแฟมิลี่แมน และฉันก็พอใจมาก กับสิ่งที่เราสร้างขึ้นมาที่นี่ ชีวิตต้องไปได้สวยแน่$h",
  "Good_1": "เธอคิดถึง ตอนที่พวกเราอยู่ด้วยกัน ในห้องนอนที่บ้านฉันไหม? ฉันคิดถึงนะ บ่อยมากด้วย...$l",
  "Good_2": "เธอรู้รึเปล่า ฉันคิดว่าฉันสัมผัสได้ ว่าเราจะได้อยู่ด้วยกัน มาตั้งแต่ตอนแรกๆ แล้ว เพราะมันมีอะไรพิเศษ เกิดขึ้นระหว่างสองเราไง$l",
  "Good_3": "ว้าว เธอหล่อมากเลยนะวันนี้! ไปทำอะไรกับทรงผม มาหรือเปล่า?$l^ว้าว วันนี้เธอดูสะกดสายตาสุดๆ ไปทำอะไรกับทรงผม มาหรือเปล่า?$l",
  "Good_6": "ออกไปข้างนอก ระวังด้วยนะ! ฉันรู้ว่าบางครั้ง เธอจะเข้าไปในถ้ำนั่น... เธออาจถูกกินทั้งเป็น ก็ได้นะ!",
  "Good_4": "ที่รัก ฉันเคยจะแต่งเพลง ที่เล่นด้วยกีตาร์ให้เธอด้วยนะ แต่ตอนนี้ มีเธออยู่กับฉันที่นี่ ฉันรู้สึกผ่อนคลายมาก#$e#ปกติแล้วฉันมักจะเล่นกีตาร์ ตอนรู้สึกเหงามากกว่า",
  "Good_5": "ที่รัก เล่าให้ฉันฟังหน่อย! ฉันอยากจะฟัง เรื่องราววันนี้ของเธอจัง",
  "funLeave_Sam": "วันนี้ ฉันจะไปเยี่ยมครอบครัวนะ โอเคไหม? แล้วจะกลับมาตอนเย็นๆ",
  "funReturn_Sam": "ได้เจอครอบครัวก็ดีนะ แต่มันก็แอบรู้สึกหดหู่ แบบแปลกๆ เหมือนกัน เหมือนกับ... ชีวิตของพวกเราถูก แยกออกจากกันอย่างสิ้นเชิง และทุกอย่างดูเป็นทางการ กว่าที่เคยเป็น$7",
  "spring_1": "อึบ... ใบไม้ผลิ... จมูกฉัน... ภูมิแพ้$s",
  "spring_12": "เธอตื่นเต้นกับงานเทศกาล ในวันพรุ่งนี้รึเปล่า? มันต้องเยี่ยมแน่นอน ที่จะได้ไปเจอ เซบาสเตียนอีกครั้ง",
  "spring_23": "โอ้...พรุ่งนี้ งานระบำดอกไม้ ใช่ไหม? ฉันนึกว่าฉันจะหนีออกมาได้ เพราะเราแต่งงานแล้วซะอีก#$e#เอาเถอะ ฉันเดาว่ามันคงจะสนุก แบบแปลกๆ ล่ะน่ะ",
  "summer_1": "ในช่วงฤดูร้อน ละอองเกสรดอกไม้ เหลือน้อยลงแล้ว จมูกฉันโล่งดีจัง$h",
  "summer_10": "เธอคิดไว้รึยังว่า จะใส่อะไรลงในซุปลัวร์?#$e#มันคงตลกน่าดู ถ้าใส่อะไรน่าขนลุกลงไป จะได้แกล้งผู้ว่าไง!#$e#ขอโทษครับ...",
  "summer_27": "ฤดูร้อนเยี่ยมไปเลยนะ แต่ฉันพร้อมสำหรับ ฤดูใบไม้ร่วงแล้ว#$e#คืนพรุ่งนี้ เราไปดูแมงกะพรุนกันไหม? มันก็สนุกเหมือนกันนะ",
  "fall_1": "ดูเหมือนทั้งหุบเขา จะเปลี่ยนไปในชั่วข้ามคืน... ฉันเดาว่าฤดูใบไม้ร่วง มาถึงแล้วสินะ",
  "fall_15": "นี่ พรุ่งนี้มีเทศกาลนะ ฉันต้องเอาหนังสติ๊ก มาซ่อมแซมซะหน่อยแล้ว...",
  "fall_26": "ฉันสงสัยว่า แม่จะยอมให้วินเซนท์ เข้าวงกตผีสิงในปีนี้ไหม บางทีคงไม่...$h#$e#เด็กน่าสงสารเอ๊ย สักวันเขาก็ต้องโต เป็นผู้ใหญ่...",
  "winter_1": "อากาศเย็น ทำให้เจลแต่งผม ของฉันแข็งโป๊ก ไม่ชอบอย่างแรง$s",
  "winter_7": "เราจะแวะไปที่ งานเทศกาลน้ำแข็ง พรุ่งนี้ไหม? คงจะสนุกนะ ที่จะได้เจอทุกๆ คน อีกครั้ง...",
  "winter_28": "เรามีปีที่ยอดเยี่ยม @... มันก็เศร้าเหมือนกัน ที่ปีนี้กำลังจะจบลง#$e#งั้นเราก็แค่สร้างปีใหม่ ให้ดียิ่งกว่าเดิม!$h"
}
