{
  "Rainy_Day_0": "ฉันสงสัยว่า พวกแมลงที่บินได้ หายไปไหนกันในวันฝนตก? ไม่ใช่ว่าพวกมัน โดนหยดน้ำฝน กระแทกใส่หรอกนะ?",
  "Rainy_Day_1": "ในวันแบบนี้ คงจะเป็นการอวยพร จากมารดาแห่งธรรมชาติ",
  "Rainy_Day_2": "อรุณสวัสดิ์... ฉันหาของขวัญนี้มาให้เธอล่ะ ไม่ต้องห่วงนะ ฉันได้ชำระล้างมันด้วย ควันของใบเสจแล้ว [428 440 444 338 207]",
  "Rainy_Day_3": "ฉันอยากปล่อย นกแก้วเป็นอิสระ แต่ปีกของมันยังไม่หายดีเลย แถมดูเหมือนเจ้านกจะชอบ ที่ฉันดูแลเขาแบบนี้ด้วย#$e#เขาบอกฉันว่า เขามีความสุขที่ได้อยู่ที่นี่",
  "Rainy_Day_4": "ฉันไม่เคยบอกเธอ... ตอนที่เธอเพิ่งจะมาอยู่ที่นี่ ฉันเคยฝันถึงเธอด้วยนะ แล้วฉันก็รู้ตั้งแต่นั้นมาเลยว่า เส้นทางชีวิตของเรา จะมาบรรจบกัน$4",
  "Rainy_Night_0": "ทุกช่วงเวลามีความงาม ที่เป็นเอกลักษณ์และล้ำค่า... คุณสังเกตไหม? บางครั้ง เรามักหลงลืมมันได้ง่ายๆ",
  "patio_Emily": "นี่เป็นที่โปรดของฉัน ในการนั่งสมาธิยามเช้า#$e#ฉันจะนึกภาพพลังงาน จากสวนคริสตัล ไหลเวียนเข้าสู่ร่างกายของฉัน",
  "Rainy_Night_1": "ฉันสามารถได้ยิน สิ่งที่พืชพูดคุยกัน... พวกเขามีความสุข ในวันฝนตก!",
  "Rainy_Night_2": "วันนี้เป็นยังไงบ้าง @? เธอตัวเปียก อยู่หน่อยนึงนะเนี่ย",
  "Rainy_Night_3": "วันนี้ของฉัน สงบสุขดีมากเลยล่ะ แล้วเธอล่ะ?",
  "Rainy_Night_4": "อยากกินขนมหวานไหม? สูตรพิเศษของฉัน วัตถุดิบธรรมชาติ ไม่มีส่วนผสมของกลูเตน เติมรสหวานจาก น้ำเชื่อมกระบองเพชร [232 234 223 220]$h",
  "Rainy_Night_5": "เสียงสายฝนทำให้เธอ ตกอยู่ในภวังค์บ้างไหม?",
  "Indoor_Day_0": "อีกวันที่งดงามภายในฟาร์ม %farm... ฉันเชื่อว่าวันนี้ ต้องมีสิ่งดีๆ เกิดขึ้น!$h",
  "Indoor_Day_1": "นี่ รับไว้สิ สิ่งนี้สำหรับเธอ [428 440 444 338 207 395 749]",
  "Indoor_Day_2": "ไง เมื่อคืนต้องมีใครบางคน นอนหลับฝันดีแน่เลย... เช้านี้เธอดูสดชื่นเชียว$h",
  "Indoor_Day_3": "วันนี้ดวงฉันไม่ค่อยดีเลย... แต่ฉันจะทำให้ดีที่สุด เหมือนอย่างเคย ไปทำงานกันเถอะ!",
  "Indoor_Day_4": "อุ๊บ... *เสียงท้องโครกคราก*... เมื่อเช้านี้ฉันทาน มัฟฟินรำข้าวมากเกินไป$s",
  "Indoor_Night_0": "ที่ฉันเห็นนั่น ใช่รูใหม่บนเสื้อของเธอ รึเปล่าน่ะ? ฉันเย็บมันได้อยู่แล้ว ไม่มีปัญหา",
  "Indoor_Night_1": "ยินดีต้อนรับกลับบ้าน @ หวังว่าวันนี้ เธอจะมีวันที่ดีนะ",
  "Indoor_Night_2": "ถึงเวลาเข้านอน แล้วเหรอเนี่ย? ตายจริง วันเวลานี่ผ่านไปเร็วจัง$u",
  "Indoor_Night_3": "อา กลิ่นหอมนั่น! เป็นกลิ่นเฉพาะของเธอเลย$h#$e#เป็นกลิ่นที่ดีนะ",
  "Indoor_Night_4": "ฉันจัดการบ้านทั้งหลังเลย เช็ดหน้าต่าง ปัดฝุ่น ล้างตู้เย็น เป็นวันที่คุ้มค่าสุดๆ!",
  "Outdoor_0": "ฉันชอบการตื่นเช้า ออกมารับอากาศบริสุทธิ์ และดูสัตว์ป่าสดใสร่าเริง",
  "Outdoor_1": "วันนี้ที่รัก มีอะไรทำหรือเปล่า?",
  "Outdoor_2": "โอ๊ะ! โอ! เห็นอีกตัวแล้ว!$h#$e#ฉันกำลัง นับกระรอกอยู่น่ะ",
  "Outdoor_3": "แสงแดดอ่อนๆ เป็นสิ่งที่ดีสำหรับเธอนะ แต่ก็อย่าให้ตัวเกรียมล่ะ โอเค?",
  "Outdoor_4": "อรุณสวัสดิ์จ๊ะ! ฉันกำลังคิดอยู่เลยว่า เธอจะลุกออกจากเตียงตอนไหน!$h#$e#ไม่เป็นไรนี่ @... เธอควรได้นอนหลับสนิท เต็มอิ่มทั้งคืน",
  "OneKid_0": "ฉันหวังว่าเราจะเลี้ยงดู %kid1 ให้มีจิตใจดี และมีน้ำใจ นั่นเป็นสิ่งสำคัญ กว่าการสอบได้เกรด A ที่โรงเรียนซะอีก",
  "OneKid_1": "เรามีลูกคนเดียวก็พอไหม หรือเราจะมีลูกอีกคนดี?#$e#ฉันคิดว่า เราจะได้เห็นว่าโชคชะตา จะนำพาเราแบบไหน",
  "OneKid_3": "ฉันจุดเทียนสีเขียวอ่อน และพรมช่อมินต์เหนือ %kid1 นั่นจะช่วยปัดเป่า วิญญาณชั่วร้ายออกไป",
  "TwoKids_1": "บ้านหลังใหญ่ ลูกสอง และนกแก้วหนึ่ง... งานล้นมือไปหมด!",
  "TwoKids_2": "อ๋อ %kid2 มีเส้นผมเหมือนกับเธอเป๊ะ...$u",
  "TwoKids_3": "โอ้ ฉันป้อนเจ้าตัวเล็ก ด้วยควินัวผัดกับนมแพะแล้ว ส่วนเธอไปดูแลฟาร์มนะ!",
  "Good_1": "นี่เป็นความสนุก ที่เราได้อยู่ด้วยกัน! ฉันเคยคิดว่า ฉันจะต้องเป็นโสด ตลอดชีวิตซะอีก",
  "Good_2": "มันเป็นโชคชะตาของเรา ที่ได้อยู่ด้วยกัน... ฉันเชื่อมั่นแบบนั้น ด้วยทั้งหมดของหัวใจเลย!",
  "Good_3": "ขอบคุณที่เธอพาฉัน มายังบ้านหลังนี้นะ ฉันรักชีวิตใหม่นี้จังเลย$4",
  "Good_4": "พลังงานที่สั่นพ้อง ของเรามันประสาน กันได้อย่าง สมบูรณ์แบบเลย เธอไม่รู้สึกเหรอ?",
  "Good_5": "ฉันแค่กำลังชื่นชม ของขวัญแต่งงานของฉัน... เปลือกหอยนี่งดงามมาก! ฉันรู้สึกถึงพลังงาน สีฟ้าบริสุทธิ์ แผ่ออกมา$l",
  "Good_6": "เมื่อคืนฉันฝันถึง เรื่องราวของพวกเรา อีกความฝันหนึ่งล่ะ พวกเราปืนขึ้นไปยัง ยอดของต้นคริสตัล แล้วมองลงมายังทุ่งหญ้า ที่ทั้งเขียวชอุ่มและงดงาม ฉันยังฝันถึงเรื่องนี้อยู่อีก#$e#ฉันไม่รู้ว่ามัน หมายถึงอะไร แต่ฉันรู้สึกได้ ว่ามันจะต้องเป็นลางดี",
  "Neutral_0": "ฉันหวังว่าเธอจะยังชอบฉัน เมื่อฉันแก่ตัวลง ผมหงอกและหยาบกร้าน",
  "Neutral_8": "วันนี้ฉันรู้สึก ไม่ค่อยมีแรงบันดาลใจเลย$s",
  "funLeave_Emily": "วันนี้ฉันว่าจะเข้าเมือง และจะแวะไปช่วยงาน ที่ซาลูนด้วย ขอให้มีวันที่ดีนะ",
  "funReturn_Emily": "วันนี้ฉันรู้สึกว่าดีนะ เป็นอะไรที่ดีเหมือนกันนะ ที่ได้ออกไปนอกบ้านบ้าง",
  "spring_2": "เพื่อนของฉัน เหล่าต้นพืช กลับมามีชีวิตชีวาอีกครั้ง ฉันรู้สึกปลื้มมาก",
  "spring_1": "สวัสดีปีใหม่ ที่รัก เรามาทำให้ปีนี้ เป็นปีที่พิเศษกันเถอะ$4",
  "spring_22": "อืม... ฉันกำลังคิดว่ามื้อเย็นนี้ จะทำสลัดผักสดดีไหมนะ?",
  "summer_20": "พลังงานในร่างกาย มีความผันผวน เช่นเดียวกับฤดูกาล การเข้าใจในจังหวะ เฉพาะตัวของตัวเอง เป็นก้าวแรกสู่ ความสอดประสาน ของพลังภายในตัว",
  "summer_2": "ขอโยบะประทานพรให้เธอ ในวันที่ดีนี้นะ$7",
  "fall_1": "ผ่านมาครึ่งปีแล้วเหรอเนี่ย ไม่อยากจะเชื่อเลยเนอะ?",
  "fall_25": "ร่างกายของเรา มีธรรมชาติที่สอดคล้อง ไปกับฤดูกาล แสงและสีของฤดูใบไม้ร่วง จะผลักดันให้เรา เตรียมตัวรับมือกับ ฤดูหนาวที่แห้งแล้ง#$e#ถ้าเป็นเหล่าบรรพบุรุษของเรา ความรู้สึกนี้คงจะรายล้อมอยู่ และสำคัญต่อชีวิต แต่สำหรับเรา คงแทบจะเป็นแค่เสียง ที่เล็ดลอดเข้ามา ท่ามกลางชีวิตสมัยใหม่",
  "winter_15": "ในวันแบบนี้ ฉันอยากจะกินอบเชย ลูกจันทน์เทศ กานพลู และกระวานจัง",
  "winter_5": "*ถอนหายใจ*... ทำไมโลกนี้ต้องมีสงคราม และความเกลียดชัง ด้วยนะ?$s",
  "winter_2": "ฉันอดคิดถึง พวกกระรอกที่น่าสงสาร ตัวหนาวสั่น อยู่ข้างนอกนั่น ไม่ได้เลย$s",
  "spring_Emily": "ฉันรู้สึกตื่นเต้น ในการทำฟาร์มหลังปีใหม่ @!$h",
  "fall_Emily": "ฉันดื่มสมูตตี้ ซุปเปอร์ฟู้ดส์ เป็นมื้อเช้าล่ะ และฉันรู้สึกอะ-เมซิ่งมาก!$h",
  "summer_Emily": "เฮ้อ! ร้อนจัง แต่ก็รู้สึกดีใช่ไหม?#$e#บางทีวันนี้เราอาจเห็น นกแก้วป่าสักตัว",
  "winter_Emily": "อ๋อย เส้นผมของฉัน แข็งเป็นน้ำแข็งอีกแล้ว$s",
  "spouseRoom_Emily": "วันนี้ฉันจะแบ่งเวลา มาอยู่กับนกแก้วบ้าง มันทำให้ฉันใจสลาย ที่เขาไม่สามารถ กลับมาบินได้อีกแล้ว$u"
}
