{
  "Rainy_Day_0": "เจ้าชอบวันที่ฝนตก เหมือนข้าหรือเปล่า @?",
  "Rainy_Day_1": "ถึงพวกเราจะมีหลายอย่าง ที่แตกต่างกัน... แต่มันก็ไม่เป็นไร",
  "Rainy_Day_2": "อรุณสวัสดิ์ @! ข้าออกไปข้างนอกมา เมื่อตอนเช้ามืด แล้วเจอสิ่งนี้ ให้เจ้านะ [305 308 203 795 397]#$e#หวังว่า จะไม่แปลกสำหรับเจ้านะ",
  "Rainy_Day_3": "ข้าสงสัยว่า ถ้าพ่อมดรู้เกี่ยวกับ... เรื่องนี้ล่ะ? ข้าหวังว่าเขาจะเก็บมัน เป็นความลับนะ$s",
  "Rainy_Day_4": "ไม่ว่าข้าจะพยายาม ทำตัวมีอารยะขนาดไหน แต่บางทีข้าก็อยากเกเรบ้าง...$6#$e#กล่าวกันว่า นั่นคงจะเป็นนิสัย ของเผ่าพันธุ์ของข้าเอง",
  "Rainy_Day_Krobus": "อาา วันนี้ชื้นกว่าทุกที แล้วก็ฝนตก... ข้ารู้สึกสบายมากๆ เลยล่ะ",
  "Rainy_Night_0": "ในคืนแบบนี้ ใครก็ตามที่มองออกไป นอกหน้าต่าง บางครั้งก็อาจจะเห็น ร่างเงาสีดำๆ คิดแล้ว... นั่นอาจจะเป็นข้าก็ได้$7",
  "Rainy_Night_1": "ถ้ามีมนุษย์เงาตนอื่น รู้เรื่องที่เรามาอยู่กันแบบนี้ พวกเขาคงจะ... 'ลงโทษ' ข้า$s#$e#พวกเขาส่วนใหญ่ เกลียดมนุษย์ เจ้าก็รู้",
  "Rainy_Night_2": "ตัวของเจ้าเปียกโชก และเย็นเฉียบ! สิ่งนั้นมันไม่อันตราย สำหรับเผ่าพันธุ์ ของเจ้าเหรอ?$s",
  "Rainy_Night_3": "ข้ากินมื้อเย็นแล้วล่ะ แต่มันไม่มีอะไร ที่เจ้าสามารถกินได้เลย... ขอโทษนะ",
  "Rainy_Night_4": "หลังจากที่ข้า ละทิ้งผู้คนของข้ามา ข้าก็มองหาบ้านใหม่... ตอนนี้ข้าพบแล้ว และมันคือ ทุกสิ่งทุกอย่างของข้า",
  "Rainy_Night_5": "กล่าวกันว่า ผู้คนของข้าเคยมาที่นี่ เมื่อนานมาแล้ว ตอนที่ภัยพิบัติครั้งใหญ่นั้น ยอมให้เหล่าวิญญาณ จากห้วงแห่งความมืด ข้ามมาสู่โลกกายภาพแห่งนี้",
  "Rainy_Night_Krobus": "เสียงฝนพรำ ทำให้ข้าคิดถึงวันคืน ในท่อระบายน้ำ... มันสบายมากเลย#$e#ท่อระบายน้ำคือ ที่หลบภัยของข้า... ข้ารู้สึกปลอดภัย เมื่ออยู่ที่นั่น แต่ไม่ต้องกังวลไป... ข้ารู้สึกแบบนั้น ที่บ้านใหม่แห่งนี้เหมือนกัน",
  "Indoor_Day_0": "ถ้าข้าช่วยเจ้าได้ ข้าก็อยากช่วยนะ... และข้าจะทำให้บ้าน เป็นระเบียบมากที่สุด เท่าที่จะทำได้ก็แล้วกัน",
  "Indoor_Day_1": "ข้าพยายามเต็มที่ เพื่อทำอาหารแบบมนุษย์... [203 204 651 225]#$e#กินได้แน่นอน หายห่วง...",
  "Indoor_Day_2": "ข้ามีความสุขมาก ในบ้านหลังนี้ ข้าได้มีช่วงเวลาที่ดี ในที่ๆ ใช่... ข้าไม่ต้องการที่จะ \"ออกไปข้างนอก\" แบบที่มนุษย์ทำกัน#$e#แต่ข้าเข้าใจนะ ว่าเจ้าน่ะจำเป็น! อย่าได้รู้สึกว่า เจ้าต้องอยู่แต่ข้างในนี้ กับข้าตลอดเวลา$3",
  "Indoor_Day_3": "ข้าคิดว่าวันนี้ ข้าจะนั่งขดตัวอยู่ที่มุมห้อง ตลอดทั้งวันเลย...#$e#อะไรนะ? เจ้าจะบอกว่า เจ้าไม่ทำแบบนั้นกันเหรอ?$3",
  "Indoor_Day_4": "ทุกวันศุกร์ ข้าจะสงบนิ่ง เพื่อทำความเคารพโยบะ ข้าหวังว่าเจ้าจะไม่ว่าอะไร",
  "Indoor_Day_Krobus": "ข้าอยากจะช่วยเจ้า ทำฟาร์มนะ แต่ข้าออกไปโดนแดดไม่ได้...",
  "Indoor_Night_0": "วันนี้ข้าจัดการแมลง ทั้งหมดในบ้านแล้วล่ะ... โทษที ไม่ได้เหลือไว้ให้เจ้าเลย! *ตบแมลง*$7",
  "Indoor_Night_1": "ตัวเจ้าแข็งจัง... บางทีข้าก็อยากจะมี กระดูกบ้าง...$s",
  "Indoor_Night_2": "บางทีข้าก็สงสัยว่า ถ้ามนุษย์และมนุษย์เงา สามารถอยู่ร่วมกันได้... เป็นความคิดที่น่ารักดี แต่มันจะเป็นไปได้เหรอ?$s#$e#ข้าหวังว่าจะเป็นไปได้นะ...",
  "Indoor_Night_3": "บางครั้งข้าก็หยุดพัก และคิดถึงสิ่งที่ข้า ได้เรียนรู้เกี่ยวกับ มนุษย์จากเจ้า...#$b#ข้าหวังว่า มนุษย์เงารุ่นต่อๆ ไป จะได้รับรู้ความรู้สึกนี้บ้าง",
  "Indoor_Night_4": "ข้าอยากเป็น เพื่อนร่วมบ้านที่ดี สำหรับเจ้า แต่ข้าไม่รู้เลยว่าข้า ทำมันได้ดีหรือเปล่า... *พึมพำ*$s#$e#มันลำบากมากเลย กับการทำความเข้าใจ การแสดงออกของมนุษย์. ตะ... แต่... เจ้าอยู่กับข้าแล้ว มีความสุขใช่ไหม?#$e#โอเค!$7",
  "Indoor_Night_Krobus": "ไง @ ยินดีต้อนรับกลับบ้าน เหมือนว่าเจ้า จะทำงานหนักมาทั้งวันนะ!$h",
  "Outdoor_0": "ข้าจะอยู่ตรงนี้สักพัก แต่เราต้องระมัดระวัง... หากมีใครเข้ามาใกล้ ข้าจะซ่อน!",
  "Outdoor_1": "หายากนะ ที่ข้าจะออกมาข้างนอก!",
  "Outdoor_2": "ช่างเป็นวันที่สวยงาม!$h",
  "Outdoor_3": "ที่กว้างๆ ทำให้ข้า กระวนกระวายทุกที...$s",
  "Outdoor_4": "ไปทำธุระ วันนี้ของเจ้าเถอะ ข้าจะอยู่ตรงนี้ และคอยปกป้องบ้านให้เอง",
  "Outdoor_Krobus": "ข้าจะอยู่ตรงนี้สักครู่ และคอยดูพวกแมลง ที่บินมาทางข้า#$e#ข้ายังไม่ได้กินข้าวเช้าน่ะ!",
  "OneKid_3": "ข้าไม่แน่ใจว่ายังไง แต่โยบะให้พร บ้านหลังนี้ด้วย 'เด็ก'...",
  "TwoKids_0": "ไม่ต้องกังวล... ข้าทำ ไข่เจียวทมิฬ ให้ %kid1 และ %kid2 แล้วล่ะ",
  "TwoKids_2": "ข้ากังวลเกี่ยวกับ อนาคตของเด็กๆ... แต่ข้าเชื่อว่าโยบะต้องมี แผนสำหรับพวกเขา",
  "TwoKids_3": "บ้านหลังนี้ดั่งได้รับพร เพราะเด็กๆ สองคนนี้ ณ ตอนนี้... หมายความว่า โยบะยอมรับการอยู่ร่วมกัน แบบไม่เป็นทางการ ของพวกเราแล้วใช่ไหม?",
  "Good_1": "ข้ารู้สึกว่ามีอะไร บางอย่างในตัวข้า... นี่มันคือ... 'รักบริสุทธิ์'?$l#$b#...โอ้ เดี๋ยวนะ... เหมือนแก้มข้า เป็นสีแดงเลย$s",
  "Good_2": "ข้าได้เรียนรู้ ที่จะก้าวข้ามอคติ ที่ข้ามีต่อมนุษย์แล้ว แต่ว่า...เจ้าคนแคระ ก็ยังรังเกียจข้าอยู่ดี$a",
  "Good_3": "เมื่อคืนนี้ เจ้าเริ่มมาแทะๆ งับๆ ข้า แล้วก็งึมงำเกี่ยวกับ 'เฉา กล้วย หรือ ก๊วย'... นี่แหละ เจ้าหมายความว่าไงเนี่ย?$3",
  "Good_0": "พวกเรากำลังคืบหน้า และข้าก็รู้สึกมีความหวังสุดๆ$h",
  "Good_5": "ข้าแค่รู้สึก หลงใหลบ้านที่น่ารัก แห่งนี้... ช่างสวยงามจริงๆ$l",
  "Neutral_0": "ข้าไม่แก่เฒ่า แต่เจ้าจะแก่ลง บางทีมันทำให้ข้าเศร้า... แต่ไม่เป็นไรหรอก$s",
  "Neutral_1": "เจ้าคิดว่าปู่ของเจ้า จะยอมให้สัตว์ประหลาด อาศัยในบ้านของท่านไหม?",
  "Neutral_2": "เจ้าว่าเราจะเดือดร้อนไหม ที่มาอยู่ด้วยกัน?$s",
  "Neutral_3": "ในนี้สว่างจังเลย... ข้าน่าจะต้องหลับตาไว้ ประมาณ 2-3 ชั่วโมงแหละ$s",
  "Neutral_4": "ข้าออกไปข้างนอกไม่ได้ ข้ากินอาหารได้แค่ไม่กี่อย่าง ข้าต้องการอุณหภูมิ ที่เหมาะสม... ข้าหวังว่านั่นคงจะ ไม่รบกวนเจ้ามากเกิน ในการที่เราอยู่จะด้วยกัน @$s",
  "Neutral_5": "เวลวิคบอกว่า วันนี้ข้าจะถูกสาป$s",
  "Neutral_6": "ข้าจะบอก ความลับกับเจ้า... จริงๆ แล้ว ข้าไม่ได้หลับนะ ข้าแค่นอนหลับตาเฉยๆ...",
  "Neutral_7": "เจ้านี่แปลกนะ ที่อยากอยู่กับ สิ่งมีชีวิตเช่นข้า",
  "Neutral_8": "วันนี้ข้าทำความสะอาดบ้าน ทั้งวันเลย! นี่มันสนุกจริงๆ$7",
  "Neutral_9": "ข้าสงสัยจังว่าเรา จะอยู่ที่นี่ไปตลอดชีวิต เลยหรือเปล่า? การย้ายที่อยู่ น่าจะอันตรายเกินไป สำหรับข้านะ",
  "Bad_1": "*ถอนหายใจ*... บางทีข้าควรไปอยู่ กับพวกของข้า$s",
  "Bad_0": "...เจ้ายังชอบข้าอยู่ไหม?$s",
  "Bad_2": "เจ้ายังมีความสุข เวลาอยู่กับข้าไหม?$s",
  "Bad_4": "ข้าว่าเจ้า คงจะมีความสุข มากกว่านี้นะ ถ้าได้อยู่กับมนุษย์คนอื่น...$s",
  "Bad_5": "ข้ารับรู้ได้ถึง พฤติกรรมของเจ้า ที่เปลี่ยนแปลงไป... มันหมายความว่ายังไง? *พึมพำ*$s",
  "Bad_6": "เจ้ามีชีวิตที่ีแสนสั้น เพียงชีวิตเดียว... เจ้าแน่ใจแล้วเหรอ ว่าต้องการใช้เวลาของเจ้า กับตัวประหลาด น่าเกลียดน่ากลัวเช่นข้า?$s",
  "Bad_7": "บางที... ความสัมพันธ์เช่นนี้ คงถูกกำหนดมา ให้ล้มเหลว...$s",
  "Bad_8": "พักหลังๆ มานี้ เจ้าดูไม่ค่อยมี ความสุขเลยนะ...$s",
  "Bad_9": "ข้าคิดถึงท่อระบายน้ำ$s",
  "spring_5": "...",
  "spring_12": "...",
  "spring_19": "...",
  "spring_26": "...",
  "winter_5": "...",
  "winter_12": "...",
  "winter_19": "...",
  "winter_26": "...",
  "summer_5": "...",
  "summer_12": "...",
  "summer_19": "...",
  "summer_26": "...",
  "fall_5": "...",
  "fall_12": "...",
  "fall_19": "...",
  "fall_26": "...",
  "spring_1": "แผนในช่วงปีใหม่ ของเจ้าคืออะไรเหรอ @?",
  "spring_23": "เจ้าควรไปงาน ระบำดอกไม้พรุ่งนี้นะ! ไม่ต้องห่วงข้าหรอก",
  "summer_1": "ข้าโดนแดดเผาง่ายมาก เพราะงั้นช่วงนี้ของทุกปี ข้าเลยต้องระวังหน่อย",
  "summer_8": "หืมม... กลิ่นหอมอะไรอย่างนี้นะ? เหงื่อเจ้าคงจะออกมา ตลอดทั้งคืนแน่ๆ...$h",
  "summer_15": "หน้าร้อนแล้ว... หมายความว่าบ้าน จะเต็มไปด้วยแมลง#$e#ไม่ต้องเป็นห่วง ข้าจัดการเอง มันเป็นแหล่งโปรตีน ชั้นดีเลย!$h",
  "fall_8": "วันนี้ ข้าไม่อยากทำอะไรเลย",
  "fall_15": "เจ้าคิดออกหรือยัง ว่าเจ้าจะเอาอะไร ไปจัดแสดงในวันพรุ่งนี้?",
  "fall_24": "ถ้าข้าไปปรากฏตัว ในเทศกาลคืนแห่งวิญญาณ พวกเขาคงจะจับข้า ใส่กรงแน่ๆ...$s",
  "winter_28": "ขอบคุณนะที่ให้ข้า มาอยู่ที่นี่ด้วยนะ @ ข้าจะตั้งตาคอย ปีที่ดีอีกปี!$h",
  "spouseRoom_Krobus": "#$c .5#ลักษณะทางกายภาพ ของพวกเราต่างกันมาก มันจึงท้าทายมากเลย เมื่อเรามาอาศัยอยู่ด้วยกัน ใช่ไหม?#$e#ข้าหวังว่าความชื้นที่นี่ จะไม่เป็นปัญหากับเจ้า พวกเราต้องปรับตัวเข้าหากัน เพื่อให้อยู่ด้วยกันได้นะ!",
  "spring_Krobus": "ตอนนี้เป็น 'ฤดูใบไม้ผลิ' แล้วใช่ไหม? ข้าว่าข้าได้กลิ่นฉุนกึก ของฮอร์สแรดิชป่าน่ะ",
  "summer_Krobus": "เจ้าเรียกช่วงนี้ของปีว่า 'ฤดูร้อน' ใช่ไหม? ไออุ่นและความชื้นนี่ มันดีมากเลยล่ะ แต่ข้าหวังว่า แดดจะไม่จ้าเกินไปนะ",
  "fall_Krobus": "ข้าเริ่มจะรู้สึกว่า อากาศมันเย็นขึ้นนิดหน่อย และได้กลิ่นอับๆ ด้วย เจ้าเรียกช่วงนี้ของปีว่า 'ฤดูใบไม้ร่วง' ใช่ไหม?",
  "winter_Krobus": "ความมืด ณ ช่วงนี้ของปี จะชวนให้ผ่อนคลายมาก ถ้าอุ่นกว่านี้อีกสักหน่อยนะ!"
}
