{
  "Rainy_Day_0": "หวังว่าแจสกับมานี จะอยู่กันได้โดยไม่มีผม...#$e#ผมไม่ได้กังวล อะไรมากมายหรอก... แจสก็โตพอที่จะ ดูแลสัตว์ได้แล้ว",
  "Rainy_Day_1": "คุณรู้อะไรไหม? ผมคิดว่าน้ำหนักลงนะ หลังจากที่ย้ายมาอยู่กับคุณ$6",
  "Rainy_Day_2": "นี่...รับไปสิ [346 174 303 305 215]#$e#ผมซื้อพวกมันมา เมื่อไม่นานมานี้เอง และมันเกือบจะ หมดอายุอยู่แล้ว...",
  "Rainy_Day_3": "ฮึม... วันนี้ผมรู้สึก ไม่ค่อยอยากทำอะไรเลย",
  "Rainy_Day_4": "@ วันนี้ผมควรจะ ทำอะไรที่มีประโยชน์ดี?... หรือแค่นอนงีบเฉยๆ ดี?",
  "Rainy_Night_0": "หืม... ดูเหมือนจะเป็นคืนที่ดี ในการเอาพิซซ่าโรล ไปเวฟสักหน่อย#$e#บางคนชอบที่จะ เอามันไปอบในเตาอบนะ แต่ผมว่ามันใช้เวลามากไป อีกอย่าง ผมชอบแบบนุ่มๆ แบบนี้แหละ$h",
  "patio_Shane": "ชาร์ลีย์ดูสบายดี$8",
  "Rainy_Night_1": "เสียงฝนเปาะแปะ ทำให้ผมนึกถึงช่วงเวลาอื่น… ในที่ที่ต่างออกไป",
  "Rainy_Night_2": "ก็… ถ้ามีกางเกงใส่วันนี้ ผมคงจะออกไปข้างนอก… แต่ไม่มีอะ",
  "Rainy_Night_3": "ผมชอบอากาศอึมครึม แต่ก็รู้สึกแย่แทนพวกไก่แฮะ",
  "Rainy_Night_4": "ฝนตกเปาะแปะเปาะแปะ... ผมชักจะคอแห้งแล้วเนี่ย$6",
  "Indoor_Day_0": "ฮึม... บางทีชีวิตก็รู้สึก เหมือนภาพเบลอๆ สีเทาหม่นที่ผ่านไปอย่างช้าๆ… เข้าใจที่ผมจะสื่อไหม?",
  "Indoor_Day_1": "นี่ เอาไปสิ... ผมเอามันใส่เวฟ เยอะเกินไปหน่อย [195 215 206]#$e#โทษทีนะ ถ้ามันนุ่มเกิน",
  "Indoor_Day_2": "ผมขออะไรอย่างสิ... พอผมตาย ช่วยเอาเถ้ากระดูกของผม ไปใส่เป็นปุ๋ยให้ข้าวโพด ที่ไว้ปลูกให้พวกไก่ที",
  "Indoor_Day_3": "*จูบ*... อืมม รสชาติเหมือนกับว่า มีคนเพิ่งกินพิซซ่าโรล มาเลยนะเนี่ย$6",
  "Indoor_Day_4": "ผมอาจจะเก็บตัว และบางครั้งผมอาจจะ ดูเหมือนไม่มีความสุข... แต่ผมซาบซึ้ง ในทุกสิ่งที่คุณได้ทำไป ผมนี่ช่างเป็นชายที่โชคดี$6",
  "Indoor_Night_0": "ผมแค่อยากดื่มเบียร์ สัก 2-3 แก้ว ก่อนจะข่มตานอนคืนนี้",
  "Indoor_Night_1": "ถ้า... แค่...อ่า ผมแค่คิดย้อนไปถึง วันแห่งชัยชนะตอนนั้น ที่ผมเล่นกริดบอล ให้ทีมเวอร์ซิตี้$6#$b#แต่ตอนนี้ผมทั้งแก่ แล้วก็ปวกเปียก...",
  "Indoor_Night_2": "อรั่ก... *โครกคราก*... ผมรู้สึกท้องอืดหน่อยๆ... อึบ... สงสัยจะกินดิปปิ้งซอส ครอบจักรวาลของโจจ้า มากไปหน่อย",
  "Indoor_Night_3": "ฮึม... ผมอยากจะสูงกว่านี้ อีกสักหกนิ้ว และหัวดีกว่านี้อีกมากๆ...#$e#คุณชอบผม ในแบบที่ผมเป็นเหรอ? จนถึงตอนนี้ ผมยังแทบไม่เข้าใจ เลยด้วยซ้ำ...",
  "Indoor_Night_4": "ผมดูทีวีทั้งวันเลย และตอนนี้ขาผม อ่อนปวกเปียกเหมือนแป้งโดว์ ผมว่าคืนนี้ คงต้องค่อยๆ เดินเอาน่ะ",
  "Outdoor_0": "เมื่อคืนผมนอนไม่ค่อยหลับ หวังว่าอากาศบริสุทธิ์นี่ จะช่วยให้ตื่นตัวได้บ้าง#$e#ถามว่าอะไรตื่นตัวเหรอ? เห... คุณนี่แปลกคน$h",
  "Outdoor_1": "บางครั้งผมก็ชะงัก และคิดขึ้นมาได้ว่า ตัวผมไม่ได้เป็นอะไร มากไปกว่าถุงก้อนเนื้อเละๆ แค่นั้น#$e#แต่เฮ้… ไม่เป็นไรหรอก… ชีวิตก็มีแค่นี้แหละ?$h",
  "Outdoor_2": "พอผมได้หยุดคิดว่า... ผมได้อยู่ในสถานที่ดีๆ แบบนี้ ชีวิตผมนี่ก็ดีนะเนี่ย$6",
  "Outdoor_3": "โอออ... ลิ้นของผมบวมฉึ่ง เพราะกินพริกยัดไส้ มากเกินไป$s",
  "Outdoor_4": "ไง @ คุณนอนหลับปุ๋ย เหมือนเด็กเลยนะ เพราะงั้นผมเลยลุกจากเตียง และไปเดินเล่นดูรอบๆ ฟาร์มตอนเช้า ทุกอย่างเรียบร้อยดี",
  "OneKid_0": "แปลกดีนะ เมื่อตอนที่ผมยังเด็ก ผมสาบานเลยว่าผมจะไม่มีลูก ผมล่ะแปลกใจจัง ว่าเกิดอะไรขึ้นกับผมกันนะ?$6",
  "OneKid_1": "ต้องมั่นใจนะว่าให้ %kid1 กินไข่มากพอน่ะ... ลูกเราต้องเติบโตแข็งแรง!",
  "OneKid_3": "ป๊ะป๋าเชน รายงานการทำหน้าที่...$6#$e#ตายละ.. ผมแก่แล้วกลายเป็น มนุษย์ลุงเหรอเนี่ย",
  "TwoKids_0": "ผมป้อนซีเรียล รสพิซซ่าพัฟให้เด็กๆ ไปสองถ้วยแล้ว คงอิ่มไปสักพัก",
  "TwoKids_1": "ผมขอพูดตรงๆ เลยนะ... ผมว่าลูกสองคน ก็พอแล้วล่ะ",
  "TwoKids_2": "ฮึ... วันนี้ %kid2 ทำตัวนิสัยเสียหน่อยละ ต้องเอานิสัยนั้น มาจากผมแน่เลย...",
  "TwoKids_3": "*ถอนหายใจ*... ถ้าเราส่งเด็กพวกเด็กๆ ไปเข้าค่ายอาสาสมัครของโจจ้า ได้สักฤดูนึงคงจะ...#$e#ผมแค่ล้อเล่นน่ะ$h",
  "Good_0": "*ดมกลิ่น*... *ดมกลิ่น*... อืมมม... กลิ่นหอมรัญจวนของน้ำหอม ที่คุณฉีดนี่กลิ่นอะไรนะ? โอ เดอ เปปเปอโรนี รึเปล่า?$6",
  "Good_1": "คุณน่ะ ดูดีกว่าผมมากนะ คุณก็รู้นี่?$h",
  "Good_2": "ชื่อ 'เชน' หมายถึง 'ของขวัญจากโยบะ'... เรื่องตลกอะไรกันเนี่ย",
  "Good_3": "วันนี้ผมอารมณ์ดีมาก... เมื่อคืน เดอะ ทันเนเลอร์ คว้าชัยชนะอย่างยิ่งใหญ่เลยล่ะ$h",
  "Good_4": "นี่ ถ้าผมดูฉุนเฉียวไปบ้าง ก็ไม่ต้องสนใจหรอก บางทีผมก็มีอารมณ์แปลกๆ แต่มันไม่ได้เป็น เพราะคุณหรอก... โอเคนะ?",
  "Good_5": "อา... ชีวิตในฟาร์มนี่โคตรดีกว่า ที่โจจ้าเป็นไหนๆ ที่นั่นมันน่าสะอิดสะเอียน#$e#คุณคิดว่าที่เห็น มันน่าหดหู่แล้วใช่ไหมล่ะ? นั่นเด็กๆ เบื้องหลังแย่กว่าอีก…",
  "Good_6": "อา... นี่สิชีวิต ไม่ต้องแบกรับอะไร มีเกมแข่งทันเนเลอร์ ให้ดูตอนกลางคืน มีของกินเต็มตู้เย็น และมีของจำเป็นทั้งหมด ที่ลูกผู้ชายต้องการ$h",
  "Good_8": "วันนี้ผมรู้สึก ไม่ค่อยอยากทำงาน ผมจะไปดูสักหน่อย ว่าทีวีมีอะไรฉายบ้าง",
  "Good_9": "ฮ่าๆ... คุณสงสัยว่าทำไม ผมถึงยิ้มน้อยยิ้มใหญ่สินะ? คุณความจำสั้นจริงๆ ใช่ไหมเนี่ย? *หน้าแดง*$h",
  "Neutral_0": "โอ้ คุณต้องการอะไร จากผมรึเปล่า? โทษทีนะ ตอนนี้ผมกำลังยุ่งอยู่",
  "Neutral_2": "ทำไมคุณไม่เก็บ เรื่องวันนี้ของคุณ ไว้เล่าตอนที่เราจะเข้านอน คืนนี้ล่ะ? ตอนนี้ผมค่อนข้างยุ่งน่ะ...",
  "Neutral_3": "ทำงานที่ร้านโจจ้าน่าเบื่อก็จริง แต่อย่างน้อยผมก็มีปฏิสัมพันธ์ กับคนอื่นบ้างในบางครั้ง",
  "Neutral_4": "อะไร คุณอยากให้ผมล้างจานเหรอ? เอาไว้... ผมจะล้างละกัน...",
  "Neutral_5": "เรื่องเงินเรายังโอเคอยู่รึเปล่า? ผมไม่อยากกลับไป ทำงานที่โจจ้าอีกแล้ว",
  "Neutral_6": "ถ้าคุณต้องการ ไปเจอเพื่อนในเมือง ไปได้เลยนะ ผมมีความสุขที่ได้ ร่วมก๊วนกับทีวี และเจ้ากระป๋องยาวๆ 2-3 กระป๋องนี่",
  "Neutral_8": "โอ๊ย... ทำความสะอาด ทำความสะอาด ทำความสะอาด กวาด กวาด กวาด อาบน้ำ ทำกับข้าว เก็บที่นอน... โอ้ แหม ชีวิตดี๊ดี",
  "Bad_5": "ฟังนะ ผมแค่อยากอยู่ลำพัง ทำไมคุณไม่ออกไปข้างนอก และไปทำเรื่องของคุณก่อนล่ะ?",
  "Bad_6": "คุณต้องการอะไร? คุณนี่เหมือนมานี ในวันที่เธออารมณ์เสียเลยนะ ไปไกลๆ เลย$a",
  "Bad_7": "ชีวิตฟาร์มโคตรน่าเบื่อ ผมมาทำอะไรที่นี่เนี่ย?$s",
  "Bad_8": "ช่ายยย... *สะอึก* ... ด๊ายเลยยย ที่ร๊ากก คูณณณ จาพูดดด อารายก็แล้วแต่เลยยยย... *สะอึก*",
  "funLeave_Shane": "วันนี้ผมจะออกไปข้างนอกนะ ได้ใช่ไหม?",
  "funReturn_Shane": "ขอโทษนะ ถ้าผมเหงื่อโชก... เดินเยอะเอาเรื่อง... เฮ้อ ผมอ้วนขึ้นสินะ$6",
  "spring_1": "โอ๊ย... หัวผมตึ้บไปหมด เมื่อคืนผมจัดไป ขนาดไหนละเนี่ย?",
  "spring_12": "เทศกาลล่าไข่นี่ คงจะเป็นเทศกาลโปรด ของผม... คุณก็รู้นี่ว่าผมเป็นไง ผมคลั่งทุกอย่าง ที่เกี่ยวกับไก่นั่นแหละ$h",
  "spring_23": "โอ้ จริงสิ พรุ่งนี้งานเต้นรำดอกไม้นี่ เฮ้ ถ้านั่นทำให้คุณมีความสุข ผมก็มีความสุขนะ",
  "summer_1": "ผมชอบดูพืชเขตร้อน ในช่วงเวลานี้ของปีนะ หุบเขาเขียวชอุ่มไปหมด",
  "summer_10": "ผมจะอดอาหาร ไปจนถึงวันพรุ่งนี้เลย ผมจะทำให้ท้องว่างที่สุด จะได้ซัดซุปเดือดๆ ให้เต็มคราบ$h",
  "summer_27": "คุณมีแผนอะไร สำหรับฤดูใบไม้ร่วงหรือยังล่ะ? ผมว่าจะลองเพิ่มไวน์ เข้ามาในมื้ออาหารน่ะ",
  "fall_1": "หืม... ผมกะว่าจะซื้อ เบียร์ฟักทองสัก 2-3 ลัง ไว้ฉลองในฤดูกาลนี้ สักหน่อย...$6",
  "fall_15": "ผมจะไปช่วยมานี จัดการพวกสัตว์ ในงานเทศกาลวันพรุ่งนี้นะ เหมือนทุกทีน่ะ ส่วนคุณควรพักผ่อน และหาอะไรสนุกๆ ทำนะ$6",
  "fall_17": "ผมเริ่มรู้สึกแก่ขึ้นแล้วนะเนี่ย... แล้วก็รู้สึก ไม่ชอบใจเลยสักนิด",
  "winter_1": "มีแผนสำหรับ ฤดูหนาวหรือยัง? ผมคงจะจบลงตรงที่ นั่งดูทีวียาวๆ และก็หาอะไรทำ อยู่บ้านนั่นแหละ",
  "winter_28": "ก็ จบไปแล้วอีกปีหนึ่ง... ผมเริ่มดูแก่ขึ้นอีกนิดหนึ่งแล้วสิ แต่ก็มีแค่นั้นแหละที่เปลี่ยนไป$6"
}
