{
  "Rainy_Day_0": "บางครั้ง ฉันก็หาแรงบันดาลใจ จากที่ที่ไม่น่าจะมีอยู่ได้",
  "Rainy_Day_1": "ตอนฉันยังอยู่ในเมืองน่ะ ฝนมันทำให้ฉันเศร้าทุกที แต่ในสตาร์ดิวแวลลีย์แห่งนี้ มันกลับสวยงามมากเลยนะ",
  "Rainy_Day_2": "อรุณสวัสดิ์! ฉันตื่นมาตั้งแต่เช้าแล้วล่ะ ก็เลยลองออกไป หาเห็ดข้างนอกดูหน่อย อ่ะ นี่จ้ะ[281 404 420 257]#$e#สนุกมากเลยนะ การหาเห็ดน่ะ อย่างกับหาสมบัติเลย$h",
  "Rainy_Day_3": "วันอย่างนี้ล่ะ ฉันแฮปปี้มาก กับเจ้ารองเท้าบูทหนาๆ คู่นี้ของฉัน$h",
  "Rainy_Day_4": "พวกต้นไม้ คงกำลังรอสายฝนอยู่... ฉันยินดีกับพวกเขาจัง",
  "Rainy_Night_0": "วันนี้เป็นไงบ้าง? เธอเห็นสัตว์อะไร ข้างนอกบ้างไหม?",
  "patio_Leah": "อย่ามาดูใกล้มากนักสิ งานชิ้นนี้ มันยังไม่เสร็จเลยนะ",
  "Rainy_Night_1": "ปกติฉันจะกินสลัดนะ... แต่คืนวันฝนตกแบบนี้ ฉันอยากกินซุปร้อนๆ มากกว่าน่ะ$h",
  "Rainy_Night_2": "คืนแบบนี้แหละ จะต้องผ่อนคลาย และหลับสบายที่สุดเลย...$l",
  "Rainy_Night_3": "วันนี้ ฉันแกะสลักงานไม้ชิ้นเล็กๆ แต่มันดันออกมาน่าเกลียด ฉันก็เลยโยนมันเข้ากองไฟ ไปซะเลย$u#$e#ฉันว่า ถ้าอยากจะเป็น ศิลปินที่โด่งดังน่ะ เราต้องเข้มงวดกับตัวเอง",
  "Rainy_Night_4": "ดีใจที่เธอกลับมาแล้ว... คืนนี้เหมาะที่จะ ซุกตัวอยู่ในผ้าห่ม และทำตัวให้อุ่นนะ",
  "Rainy_Night_Leah": "วันนี้เป็นไงบ้าง ที่รัก? เปื้อนมาไหม?",
  "Indoor_Day_0": "บ้านหลังนี้ดีกว่า กระท่อมเก่าๆ ของฉันมากเลย! ฉันไม่คิดถึงมันแน่นอน",
  "Indoor_Day_1": "อรุณสวัสดิ์ @ เอ้านี่ ฉันปลูกมันไว้ใน กระถางหลังบ้าน[16 18 20 22 90 259 396 402]#$e#ฉันดูแลมัน อย่างดีเลยนะ",
  "Indoor_Day_2": "อย่าลืมคอยมองหา ของป่าเอาไว้นะ! มันมีเยอะเลย ข้างนอกนั่นน่ะ",
  "Indoor_Day_3": "ฉันลองมาคิดๆ ดูนะ ชีวิตคนเราแสนสั้น เกินกว่าจะกินพวกอาหารแย่ๆ โชคดีที่พวกเรา ได้อาศัยอยู่ในภูมิภาคที่ดีที่สุด ที่มีทั้งพืชผักสดใหม่!#$e#เอ้านี่ ฉันทำสลัดให้เธอ [196]#$e#แปลกใจเหมือนกันนะเนี่ย ที่เธอยังไม่เบื่อสลัดฉัน!",
  "Indoor_Day_4": "อรุณสวัสดิ์ @! ฉันชงกาแฟไว้ให้ด้วยล่ะ [395]$h#$e#ยามเช้าของฉัน คงจะไม่สมบูรณ์แบบ ถ้าหากไม่มีกาแฟร้อนๆ สักแก้ว",
  "Indoor_Night_0": "บางทีนะ พอค่ำๆ แบบนี้ทีไร ชวนให้คอแห้งจังเลยนะ",
  "Indoor_Night_1": "การไหลของเวลา เป็นอะไรที่เปราะบางมาก แม้แต่การตัดสินใจ ที่เล็กน้อยที่สุด ก็จะเปลี่ยนอนาคต ไปตลอดกาล",
  "Indoor_Night_2": "ฉันชอบยามค่ำคืนของที่นี่ มากกว่าคืนที่เต็มไปด้วย แสงสีของเมืองใหญ่#$e#สำหรับฉัน ทุกอย่างมันสมบูรณ์แบบ! ฉันนี่โชคดีมากๆ",
  "Indoor_Night_3": "ฉันไม่เคยคิดเลยนะว่า จะได้สร้อยคอของนางเงือก เร็วขนาดนี้ ฉันก็เพิ่งจะย้ายมาอยู่ที่นี่เอง! แต่ฉันก็ดีใจนะ$l",
  "Indoor_Night_4": "วันนี้ ฉันเห็นกระต่ายป่าด้วยล่ะ ฉันหวังว่าสักวันนึง จะได้ลูบมันดูนะ มันดูนุ่มนิ่มมากเลย...",
  "Outdoor_0": "ลมโชยๆ นี้ทำให้ฉันรู้สึกดีจัง ทำให้ฉันคิดถึง ตอนที่ฉันอยู่บ้านริมแม่น้ำ",
  "Outdoor_1": "หืม... เดี๋ยวฉันจะซ่อมแซม ตรงแถวๆ นั้นหน่อยนะ บางทีฉันก็มีแรงกระตุ้น ให้รู้สึกอยากจะตอกนู่นนี่น่ะ",
  "Outdoor_2": "วันนี้ต้องเป็นวัน ที่ดีแน่ๆ ฉันรู้สึกได้น่ะ",
  "Outdoor_3": "อา.. นั่นกลิ่นของดินนี่นา เป็นกลิ่นที่ไม่เหมือน กับอะไรเลยนะ$h#$e#บอกได้เลยล่ะ ว่าอากาศที่นี่บริสุทธิ์มาก... สดชื่นดีจริงๆ",
  "Outdoor_4": "อย่าทำงานหักโหมนะ ที่รัก#$e#อย่าลืมหาเวลาพักบ้าง หรือหาอะไรมากินบ้างนะ$h",
  "funLeave_Leah": "ฉันจะเดินเล่น ชมธรรมชาติสักหน่อย ฉันอยากออกจากบ้านน่ะ",
  "funReturn_Leah": "วันนี้ของฉันดีนะ ได้มีเวลาพักผ่อน แล้วเธอล่ะ เป็นยังไงบ้าง?",
  "OneKid_3": "การได้เป็นแม่นี่มัน สนุกมากเลยนะ ฉันจะต้องมั่นใจว่า %kid1 จะต้องเติบโตมา เป็นคนที่ชื่นชอบ กิจกรรมกลางแจ้ง",
  "TwoKids_3": "เรามีฟาร์มที่สวยงาม และครอบครัวที่สมบูรณ์ ชีวิตใหม่ของเรา จะต้องไปเป็นด้วยดี จริงไหม?",
  "Good_0": "อยู่ที่นี่น่ะ รู้สึกเหมือนโดน ภูเขาโอบกอดไว้เลยนะ",
  "Good_1": "ฉันเคยบอกเธอ หรือเปล่าว่า... ตอนที่เธอเพิ่งย้ายเข้ามาน่ะ ฉันเคยฝันด้วยล่ะว่า เราจะได้อยู่ด้วยกัน",
  "Good_2": "เรื่องอย่างพรหมลิขิตนี่ จะไม่เชื่อเลยมันก็ยากนะ ดูอย่างที่ฉันตัดสินใจย้ายมาที่นี่ แล้วพวกเราก็ได้มาเจอกัน#$b#ทั้งที่มันจะเป็นแบบอื่น ที่แตกต่างไปอย่างสิ้นเชิง จากที่เป็นอยู่ตอนนี้ก็ได้",
  "Good_3": "ว้าว! วันนี้เธอดูมีพลัง เต็มเปี่ยมเลยนะ!$l^วันนี้เธอดูสวยจังเลยล่ะ$l",
  "Good_4": "อืม... วันนี้เธอหอมจัง",
  "Good_5": "ฉันแค่กำลังชื่นชม เครื่องรางแต่งงานของฉันอยู่... ฉันจะทะนุถนอมดูแล สมบัติชิ้นนี้ตราบชั่วชีวิต$l",
  "Good_6": "เวลาไปข้างนอก ระวังตัวด้วยนะ! บางทีฉันก็เป็นห่วง ว่าเธอจะล้มในไปในเหมือง",
  "Good_7": "@? ฉันแค่อยากจะบอก เธอนะว่า... ขอบใจเธอมากนะ สำหรับทุกอย่าง ที่เธอทำเพื่อเรา$h",
  "Good_8": "ไม่ต้องห่วงฉันหรอกนะ... เธอรู้ว่าเธอมีงานต้องทำ อีกตั้งหลายอย่าง ข้างนอกนั่น ฉันอยู่คนเดียวได้อยู่แล้ว!$l",
  "Good_9": "โอ้ ฉันไม่ได้เบื่อเลย... ฉันก็มีความสุข กับสิ่งที่เรามีอยู่อย่างนี้#$e#ถึงจะเป็นชีวิตง่ายๆ แต่ฉันก็ชอบมันนะ$h",
  "Neutral_0": "หวังว่าเธอยังจะชอบฉัน เมื่อตอนที่ฉันแก่แล้ว และผมหงอก",
  "Neutral_1": "สงสัยจังว่า มีใครเคยอยู่ที่นี่มาก่อนไหม?",
  "Neutral_2": "วันนี้เธอไม่มีอะไรทำเหรอ?",
  "Neutral_3": "ถ้าเธอเข้าเมือง ฝากทักทายทุกคน แทนฉันด้วยนะ",
  "Neutral_4": "เดี๋ยวพรุ่งนี้เช้า ฉันจะซักผ้าไว้ ก่อนที่เธอจะตื่นนะ... ไม่งั้น เดี๋ยวเธอจะไม่ได้พักผ่อนเลย",
  "Neutral_5": "เรื่องเงินเรา ไม่มีปัญหานะ @?",
  "Neutral_6": "อยากรู้จังว่าวันนี้ ชาวเมืองจะทำอะไรกันอยู่นะ?",
  "Neutral_7": "วันนี้รู้สึก ไม่อยากทำอะไรเลย...",
  "Neutral_8": "ไม่ว่าฉันจะทำ ความสะอาดเท่าไหร่ บ้านก็ยังสกปรกอยู่ดี#$e#ฉันว่า ในฟาร์มก็ต้องเลอะแบบนี้ล่ะ",
  "Neutral_9": "ฉันก็สงสัยนะ ว่าเราจะอยู่ที่นี่ ตลอดไปเลยรึเปล่า?",
  "Bad_0": "...เธอยังรักฉันอยู่... ใช่ไหม?$s",
  "Bad_1": "*ถอนหายใจ*... บางที เราอาจจะยังเด็กเกินไป ที่จะแต่งงาน$s",
  "Bad_2": "เธอยังมีความสุข เวลาที่อยู่กับฉัน หรือเปล่า?$s",
  "Bad_3": "ฉันทำอะไรผิดรึเปล่า? ทำไมหลังๆ มานี่ เธอทำตัวแปลกๆ ไป$s",
  "Bad_4": "ทำไมคุณดูสนใจจัง ว่าข้างนอกนั่นมีอะไร?$s",
  "Bad_5": "เมื่อก่อน ดูเธอรักฉันมากกว่านี้นะ... แล้วนี่มันเกิดอะไร?$s#$e#ฉันรู้ตัวดีว่าเดี๋ยวนี้ ฉันไม่สาวไม่สวย เหมือนแต่ก่อน... เธอแต่งงาน เพราะเรื่องนี้ใช่ไหมล่ะ?$a",
  "Bad_6": "เรามีชีวิตเดียว แล้วก็เป็นชีวิตที่แสนสั้น... แล้วนี่คือสิ่งที่ดีที่สุด ที่เราใช้มันแล้วเหรอ?$s",
  "Bad_7": "ฉันเคยเป็นสุดที่รัก ของเธอมาก่อน... แต่ตอนนี้ดูเหมือนว่า เธอต้องกล้ำกลืนฝืนทน กินอาหารเย็นร่วมกับฉัน$s",
  "Bad_8": "ทำไมหลังๆ นี้เธอเย็นชา กับฉันจัง...$s",
  "Bad_9": "ถ้าฉันพอจะทำให้อะไรดีขึ้นบ้าง$s",
  "spring_2": "แล้วฤดูนี้ เราจะปลูกอะไรกันดีนะ?",
  "spring_1": "เสียงกระดิ่งเมื่อคืน เป็นเสียงต้อนรับปีใหม่ล่ะ...$l",
  "spring_15": "*ถอนหายใจ*... ได้เวลาทำความสะอาด 'ต้อนรับฤดูใบไม้ผลิ' แล้วสินะ$s",
  "summer_1": "อา... หน้าร้อน! ได้กลิ่นของสไปซ์เบอร์รี โชยมาเลยล่ะ$h",
  "summer_9": "ถ้าจับแล้ว ตัวฉันเปียกๆ ก็อย่าว่ากันนะ... ฉันร้อน จนเหงื่อออกทั้งคืนเลย",
  "summer_2": "ฤดูร้อนแล้ว... เดี๋ยวพวกแมลงมัน จะมาเยี่ยมบ้านเรา กันเต็มแน่เลย#$e#แต่เธอ ไม่ต้องห่วงหรอก เดี๋ยวฉันจะจัดการ มันเอง",
  "fall_1": "ฉันรักฤดูใบไม้ร่วง ก็ตรงที่ได้มีโอกาส ตามหาเห็ดนี่แหละ แต่พวกมันมาเร็ว และไปเร็วมากเลยนะ",
  "fall_20": "เธอวางแผน สำหรับฤดูหนาวหรือยัง? ถ้ามีฟางตุนไว้บ้างก็ดีนะ",
  "fall_2": "ฉันรู้นะว่าฤดูเก็บเกี่ยว เป็นช่วงเวลาที่เธอ จะต้องยุ่งมาก เพราะฉะนั้น ฉันจะช่วยงานเธอ ให้มากที่สุดนะ",
  "winter_1": "ฤดูหนาวมาถึงแล้ว นั่นก็หมายความว่า ถึงฤดูของผลคริสตัลแล้วน่ะสิ เป็นรสชาติที่ไม่เหมือนใคร ว่าไหม?",
  "winter_7": "ฉันตั้งตาคอย การแกะสลักน้ำแข็ง ในวันพรุ่งนี้สุดๆ ล่ะ ถึงจะจัดกัน แค่ปีละครั้งเดียว แต่มันก็สนุก มากเลยล่ะ!",
  "winter_28": "ไง ถือว่าเป็นอีกปีที่ดี สำหรับฟาร์ม %farm นะ! คืนนี้เรามาสนุกกันเถอะ! [348]$h#$e#ปีหน้าก็จะต้องดีมากๆ เลยล่ะ ฉันรู้สึกได้นะ"
}
