{
  "Rainy_Day_0": "นี่! เห็นไหมว่า ข้างนอกฝนตก ระวังจะเป็นไข้ เอานะ#$e#อย่าไปเดิน ตากฝนล่ะ$h#$e#ฉันก็เป็นห่วงคุณ เหมือนกันนะ!",
  "Rainy_Day_1": "ฝนตก! งั้นวันนี้ เราก็ไม่ต้อง รดน้ำน่ะสิ$h#$e#บางทีธรรมชาติ ก็เข้าข้างเรานะ#$e#ว่าแต่ ให้อาหารสัตว์ หรือยังล่ะ ที่รัก?",
  "Rainy_Day_2": "อรุณสวัสดิ์! เสียงฝนตก ปลุกฉันขึ้นมา ตั้งแต่เช้าแล้วล่ะ ฉันทำอาหารเช้าไว้ให้แล้วนะ [194 195 210 211 216]#$e#ทำตัวอุ่นๆ และอย่าทำงาน หักโหมนะ เดี๋ยวป่วยขึ้นมา แล้วจะแย่เอา",
  "Rainy_Day_3": "ที่รัก วันนี้คุณจะทำอะไร บ้างล่ะ?#$e#อากาศแบบนี้นะ ฉันไม่อยาก ออกไปข้างนอกเลย... ฉันคงทำนู่นนี่ อยู่ในบ้านนี่ล่ะ#$e#บางทีเราน่า จะกินอะไรร้อนๆ เป็นมื้อเย็นนะ",
  "Rainy_Day_4": "เย็นนี้อยากกินอะไร เป็นพิเศษไหม?",
  "Rainy_Day_Maru": "ถึงเรา จะพัฒนาเครื่องมือ ได้ขนาดไหนก็ตาม แต่วันที่ฝนตก ก็ยังเป็นที่พึ่งที่ดีที่สุด ในเรื่องการรดน้ำล่ะนะ",
  "Rainy_Day_Abigail": "วันแบบนี้แหละ ที่ทำให้ชนบท น่าสนใจขึ้น จริงไหม?",
  "Rainy_Day_Penny": "ฉันว่าวันนี้ ฉันทำขนมดีกว่า$h",
  "Rainy_Day_Leah": "วันนี้เธอคงต้องไป ตกปลาหรือลงเหมือง แทนแล้วล่ะ?",
  "Rainy_Day_Haley": "ถ้าอากาศยังเป็นอย่างนี้นะ ผิวฉันก็ยิ่งซีดกว่าเดิมอีกสิ$s",
  "Rainy_Day_Harvey": "วันนี้อย่าไปตากฝนนะ ที่รัก ผมไม่อยากให้คุณ ตัวเย็นเกินไป",
  "Rainy_Day_Sebastian": "ฉันตื่นก่อนรุ่งสาง และเดินเล่นรอบๆ ฟาร์มน่ะ ก็ช่วงเวลานั้น มันให้ความรู้สึก สงบดีนะ",
  "Rainy_Day_Alex": "ฮื่มม... ฉันว่า ฉันคงต้องวิดพื้นกับ กับซิทอัพข้างในบ้าน แทนแล้วล่ะวันนี้",
  "Rainy_Day_Elliott": "สายฝนเรียก ความทรงจำเก่าๆ ของผมเกี่ยวกับ ชีวิตที่ชายทะเล กลับมา#$e#แต่ไม่เป็นไรหรอก ชีวิตย่อมมีการเปลี่ยนแปลง อยู่เสมอล่ะ",
  "Rainy_Day_Sam": "ฉันต้องหาเวลา ซ่อมพวกรอยรั่ว บนหลังคาหรือไม่ก็ พวกหน้าต่างบ้างละ",
  "Rainy_Day_Emily": "ฉันรู้ว่าคุณมีความภาคภูมิใจ ในงานของคุณมาก แต่วันนี้อย่าหักโหมเกินไปนะ ตกลงนะ ที่รัก$u",
  "Rainy_Day_Shane": "หลังคารั่วหรือเปล่า? อ่า...แค่ดินร่วงเล็กน้อย ไม่ทำร้ายใครหรอก",
  "Rainy_Night_0": "เวลาที่ฝนพรำ ทำให้เรารู้สึกถึง ความเหงา$l#$e#รู้สึกหนาวจัง... คุณยังไม่พร้อม จะขึ้นมาซุก ผ้าห่มบนเตียงเหรอ?$l",
  "Rainy_Night_1": "ดูให้แน่ใจว่า เสื้อผ้าแห้ง สนิทดีหรือยัง ไม่อยากให้คุณ ต้องป่วยนะ#$e#ได้ยินเสียงฝน ที่กระทบหลังคา นั่นหรือเปล่า @?",
  "Rainy_Night_2": "อา... นั่นเสียงฝนตกใช่ไหม... คืนนี้คงจะ หลับสบายน่าดู$h",
  "Rainy_Night_3": "ฝนตกแล้วรู้สึกว่า บ้านดูอบอุ่นขึ้นนะ$h^ในคืนแบบนี้ ดีนะที่หลังคาเรายังสภาพดีอยู่",
  "Rainy_Night_4": "วันนี้ฉันทำซุป เป็นมื้อเย็นด้วย [199 218 219 727 730]$h#$e#คุณต้องทาน อะไรร้อนๆ ในวันแบบนี้นะ!$h",
  "Rainy_Night_5": "ฉันดีใจนะ ที่คุณกลับบ้านแล้ว... นี่เป็นคืนที่เหมาะ ที่ควรอยู่แต่ในบ้านนะ",
  "Rainy_Night_Maru": "วันนี้เธอมัวออกไป ทำอะไรอยู่ที่ไหน มาน่ะที่รัก?#$e#ฉันซ่อมโน่นซ่อมนี่ ไปทั่วทั้งบ้านเลยล่ะ... เธอก็รู้ว่ามันก็ แค่งานเล็กๆ น้อยๆ",
  "Rainy_Night_Abigail": "เธอพร้อมจะนอนเมื่อไหร่ ฉันก็พร้อมที่จะ โดดขึ้นเตียงเมื่อนั้น เสียงฝนพรำจะช่วยกล่อม ให้เราหลับฝันดี",
  "Rainy_Night_Penny": "เอ่อ... กลิ่นนี่เหรอ? ฉันลองอบขนมค่ะ แหะๆ... ไปไม่สวยเท่าไหร่เนอะ$s",
  "Rainy_Night_Leah": "วันนี้เป็นไงบ้าง ที่รัก? เปียกโคลนมากไหม?",
  "Rainy_Night_Haley": "สวัสดีจ้ะ ที่รัก ฉันดีใจนะ ที่คุณกลับมาแล้ว ฉันเริ่มเหงาๆ พอดี$l",
  "Rainy_Night_Harvey": "ไง ดีใจที่ได้เจอคุณนะ$h#$e#วันนี้ผมใช้เวลาทั้งวัน ไปกับการอ่าน วารสารทางการแพทย์ล่ะ",
  "Rainy_Night_Sebastian": "ฝนไม่เคยทำให้ฉันเบื่อเลย... โดยเฉพาะบรรยากาศ บ้านนอกอย่างนี้",
  "Rainy_Night_Alex": "คุณยาย มักจะทำสตู ในคืนแบบนี้เสมอเลย$h",
  "Rainy_Night_Elliott": "นั่งลง แล้วก็ผ่อนคลายซะ! คุณต้องเหนื่อยมาก แน่ๆ หลังจากฝ่า ดินโคลนลมฝน มาทั้งวันแบบนี้",
  "Rainy_Night_Sam": "วินเซนท์โทรมา เขาบอกว่าเขาคิดถึงฉัน และฝากสวัสดี เธอมาด้วยล่ะ$h",
  "Rainy_Night_Shane": "ผมเพิ่งโทรคุยกับ แจส และ มานี ดูเหมือนช่วงนี้พวกเขา จะมีช่วงเวลาที่สวยงาม โดยที่ไม่มีผม",
  "Rainy_Night_Emily": "วิญญาณบางดวง จะปรากฏตัวในช่วง ฝนตกเท่านั้น บางทีคุณอาจได้ยินเสียง พวกเขาร้องก็ได้นะ?",
  "Indoor_Day_0": "อรุณสวัสดิ์ ~<$h#$e#พร้อมรับงานหนัก แล้วหรือยัง? ทางนี้พร้อมแล้วนะ$h",
  "Indoor_Day_1": "ไง ที่รัก! หอมไหมล่ะ? นี่ทำอาหารเช้า ให้เชียวนะ! [194 195 210 211 216]#$e#คุณต้องทาน อาหารเพื่อจะได้มี พลังงานเพียงพอตลอดวันนะ",
  "Indoor_Day_2": "หลับสบายดีไหม?#$e#ฉันมีงานบ้านที่ต้องทำน่ะ",
  "Indoor_Day_3": "เมื่อคืนคุณฝันแปลกๆ หรือเปล่า?#$e#ฉันฝันแปลกๆ ล่ะ ฉันจำได้แค่ว่า มันเกี่ยวกับ%adj %noun แปลกจังเลยเนอะ$s#$e#แต่เราก็เอาอะไร กับฝันไม่ได้หรอกนะ... จริงไหม ที่รัก?$l#$e#เอาเถอะ เราจะมามัวคุยกัน อย่างนี้ทั้งวันก็ไม่ได้เหมือนกัน เพราะคุณมีงานนี่ต้องทำนี่นะ!",
  "Indoor_Day_4": "อรุณสวัสดิ์ที่รัก วันนี้ก็ต้องทำฟาร์ม อีกแล้วใช่ไหมล่ะ หืม?#$e#จะเป็นกำลังใจให้นะ <$h",
  "Indoor_Day_Maru": "ถ้าเธออยากจะพูดถึงเรื่อง เพิ่มปริมาณผลผลิต หรืออะไรแบบนั้น ล่ะก็... ฉันก็พร้อมจะฟังนะ!",
  "Indoor_Day_Abigail": "มีอะไรใหม่ๆ เกิดขึ้นในฟาร์มของเรา เยอะแยะเลย... ฉันชอบมาก",
  "Indoor_Day_Penny": "ที่นี่ใหญ่กว่า รถบ้านเยอะเลยล่ะ กลายเป็นว่า ตัวเราเล็กไปเลยล่ะ แต่ก็รู้สึกดีนะ!",
  "Indoor_Day_Leah": "จะว่าอะไรไหม ถ้าฉันอยากจะเอางาน ไม้แกะสลักทั้งหลาย มาไว้ที่นี่? คันมือคันไม้ อยากแกะสลัก จะแย่อยู่แล้ว!",
  "Indoor_Day_Haley": "ฉันมีความสุขใจ ในวันที่อากาศแจ่มใส่แบบนี้$h",
  "Indoor_Day_Harvey": "ท้องฟ้าวันนี้ช่างดู... สดใสมาก!#$e#ต่อจากนี้ไป ผมจะเข้าคลินิก เฉพาะวันที่มีนัดผู้ป่วย นอกนั้นก็จะทำงาน อยู่ที่บ้านนี่แหละ!",
  "Indoor_Day_Sebastian": "เยี่ยมไปเลย ที่นี่ทำเอาห้องที่บ้านเดิม เทียบไม่ติดเลย ว่ามะ?$h",
  "Indoor_Day_Alex": "แสงอาทิตย์สาดส่อง และตอนนี้ฉันก็เปี่ยม ไปด้วยพลังงาน! เธอต้องจับตามอง เอาไว้นะ ฮี่ฮี่.$h",
  "Indoor_Day_Elliott": "ผมยังคงเขียนบันทึก ตั้งแต่ที่เราได้อยู่ร่วมกัน ตอนนี้ผมเอง ก็มีชีวิตที่สมบูรณ์ และมีเรื่องมากมาย ที่จะเขียนถึง$h#$e#ก็อยากจะแน่ใจว่า ตัวเองจะยังจดจำ ทุกอย่างที่เกิดขึ้น ตลอดปีนี้ได้น่ะ",
  "Indoor_Day_Sam": "วันนี้มีเรื่องต้องทำ ตั้งเยอะแยะแน่ะ... แต่นั่งดูทีวีอยู่บ้าน ดีกว่า",
  "Indoor_Day_Emily": "ด้วยการนำเสนอ ผลผลิตสดใหม่และมี คุณภาพที่ดีต่อชุมชน เรากำลังดำเนินการ ไปได้ด้วยดีเลยล่ะ!",
  "Indoor_Day_Shane": "ในอากาศมีอะไรพิเศษๆ นะ... *ดมกลิ่น*... มันคืออะไร? โอ้...#$b#มันดูเหมือนเศษข้าวโพดเก่า ที่ผมใส่ไว้ในกระเป๋า เมื่อไม่กี่สัปดาห์ก่อน *เคี้ยว*",
  "Indoor_Night_0": "วันนี้คุณทำทุกอย่าง เสร็จสิ้นแล้วรึยัง @?#$e#ฉันทำงานบ้านเสร็จแล้ว... แต่เหนื่อยสุดๆ ไปเลย#$e#ฉันพร้อมเข้านอนแล้วล่ะ ถ้าคุณพร้อม$h",
  "Indoor_Night_1": "ว้าว ดูเหมือนคุณ จะทำงานหนักมาก เลยวันนี้#$e#เอาล่ะ ถึงเวลาพักผ่อน สำหรับคืนนี้แล้ว$h",
  "Indoor_Night_2": "ดีใจจังเลย ที่คุณกลับมา#$e#ฉันรู้สึกกลัวเหลือเกิน เวลาที่ต้องอยู่คนเดียว ตอนกลางคืน$s^มันเหงามาก เลยล่ะ...$s#$e#...$h",
  "Indoor_Night_3": "วันนี้คุณทำงาน เสร็จแล้วรึยัง? ฉันพร้อมที่จะทำอะไรสนุกๆ แล้วล่ะ$h#$e#แต่ถ้าคุณเหนื่อยแล้ว ฉันก็เข้าใจนะ",
  "Indoor_Night_4": "*โล่งใจ*! ฉันเพิ่งจะทำงานบ้าน เสร็จพอดีเลย เอาล่ะ ถึงเวลาของเราสองคนแล้ว$h#$e#เล่าหน่อย สิว่าวันนี้ เป็นยังไงบ้าง$l#$e#...$h",
  "Indoor_Night_Maru": "ดูเธอ ง่วงนอนแล้วนะ @ ให้ฉันช่วยกล่อมเธอ ด้วยสิ่งประดิษฐ์ ชิ้นล่าสุดนี่ไหม?$h#$e#*หาว*... แต่จริงๆ แล้ว ฉันก็ง่วงนอนเหมือนกัน",
  "Indoor_Night_Abigail": "พร้อมที่จะนอน แล้วหรือยัง? ฉันเปิดผ้าห่มไฟฟ้า เตรียมไว้สำหรับเรา สองคนแล้วนะ...$l",
  "Indoor_Night_Penny": "ยินดีต้อนรับ กลับบ้านจ้ะ ที่รัก มาใช้เวลาอยู่เงียบๆ ด้วยกันเถอะค่ะ?",
  "Indoor_Night_Leah": "เวลาเย็นๆ อย่างนี้นี่สงบดีนะ ไม่ต้องมีอะไรมารบกวน การใช้ชีวิตของเราด้วย",
  "Indoor_Night_Haley": "เธอดูเหมือนทำงานมา อย่างหนักเลยนะ ที่รัก มาให้ฉันช่วยทำให้เธอ ผ่อนคลายนะ$l",
  "Indoor_Night_Harvey": "ดูเหมือนว่าคืนนี้ จะต้องนวดให้ สักหน่อยแล้ว$l#$e#นี่คือคำสั่ง จากแพทย์... มันดีต่อระบบ ไหลเวียนเลือดนะ!",
  "Indoor_Night_Sebastian": "#$c .5#ถึงฉันจะชอบอยู่คนเดียว แต่ฉันก็ดีใจนะ เวลาที่มีเธออยู่ข้างๆ ฉัน$h#$e#ไง @ ดีใจที่ได้เจอนะ ตอนที่เธออยู่ด้วยเนี่ย ฉันสบายใจมากเลยล่ะ$h",
  "Indoor_Night_Alex": "แขนฉันปวด ไปหมดเลย... มีวิธีอะไรดีๆ อย่างนวดแรงๆ บ้างไหม?$l^ฉันเริ่มหมดแรง... มันเป็นสัญญาณที่ดี หมายความว่าวันนี้ ฉันทำงานหนัก มากพอแล้ว$h",
  "Indoor_Night_Elliott": "#$c .5#คุณยังหอมไม่เปลี่ยน โดยเฉพาะหลังจาก ทำงานหนักมาทั้งวัน มันเป็นกลิ่นตัว ธรรมชาติของคุณนะ!^ช่างหอมหวาน อะไรเช่นนี้ที่รัก เหมือนกับรังผึ้ง ที่ผสมกับชาเครื่องเทศร้อน หอมกรุ่น#$e#มาให้ผมนวดหลังเถอะ คุณดูตึงไปหมด$l^กลิ่นของคุณ แสนจะหอมหวาน ราวกับใบซินนามอน ที่กำลังล่องลอย อยู่ในสายลมของ ฤดูร้อนเชียวล่ะ",
  "Indoor_Night_Sam": "#$c .5#สงสัยจังว่าคืนนี้ เราจะได้เห็นพระจันทร์ หรือเปล่า?#$e#แล้ว เธอทำงานในฟาร์ม เสร็จเรียบร้อยดีไหม? ถึงเธอทำงาน ไม่เรียบร้อย ฉันก็ไม่ว่าหรอกนะ!",
  "Indoor_Night_Emily": "ฉันชอบที่นี่... เป็นบ้านที่อบอุ่นดีนะ",
  "Indoor_Night_Shane": "วันนี้เป็นไงบ้าง? ของผม ค่อนข้างไปได้สวยเลยล่ะ",
  "Outdoor_0": "วันนี้เป็นวัน ที่งดงามจริงๆ ว่าไหม?$h#$e#ในวันแบบนี้แหละ ที่จะทำให้เรารู้สึกว่า การทำงานมันรื่นรมย์",
  "Outdoor_1": "วันนี้ฉันจะขอพัก แล้วก็เฝ้ามองฟาร์ม สักหน่อยละกันเนอะ โอเคไหม?#$e#เพราะที่นี่ มีบรรยากาศ ที่งดงามมากจริงๆ$h",
  "Outdoor_2": "ไง ที่รัก! ถ้าฉันมีความรู้ เกี่ยวกับการทำฟาร์มมากขึ้น ก็คงจะช่วยอะไร ได้มากกว่านี้นะ ขอโทษด้วย!#$e#แล้วจะคิดถึงคุณนะ$h",
  "Outdoor_3": "ฉันกำลังทำความสะอาด ตรงนี้อยู่ล่ะ หวังว่าจะช่วยอะไร ได้บ้างนะ?#$e#*ถอนหายใจ*... ร้อนชะมัดเลย",
  "Outdoor_4": "อย่าหักโหมมากไปล่ะ ที่รัก#$e#ดูให้แน่ใจด้วยว่า มีเวลาที่จะต้องพักผ่อนบ้าง หรือหาอะไรทานนะ$h",
  "Outdoor_Maru": "ข้างนอกนี้ทำให้ ฉันรู้สึกดีมากเลยล่ะ มันทำให้ฉันได้ไอเดียใหม่ๆ ในการประดิษฐ์ สิ่งของด้วยนะ$h#$e#บางทีฉันอาจจะ มีไอเดียที่จะเป็นสิ่งของ ที่มาช่วยเธอก็ได้นะ",
  "Outdoor_Abigail": "ฉันจะออกไปแถวนี้นะ โอเค?#$e#มีทั้งแมลง และสิ่งต่างๆ น่าสนใจเยอะแยะ ไปหมดเลยล่ะ *หัวเราะคิกคัก*$h",
  "Outdoor_Haley": "ดูจะเป็นวันที่เหมาะ กับการทำผิวสีแทน ว่าไหมที่รัก?$h",
  "Outdoor_Leah": "ว้าว นี่มันสุดยอดไปเลย! ฉันได้เริ่มต้น การใช้ชีวิตในฟาร์มแล้วจริงๆ @$h#$e#นี่เป็นชีวิตที่ฉัน ใฝ่ฝันมาตลอดเลย$l",
  "Outdoor_Penny": "ฉันมีความสุขมากเลย ในฟาร์มเล็กๆ ของพวกเรา @$h",
  "Outdoor_Sebastian": "นี่อาจจะต่างกับชีวิต ที่ผ่านมามาก แต่ฉันก็เริ่มชอบมันแล้วล่ะ$h#$e#รู้สึกเหมือนกับว่า ฉันเป็นส่วนหนึ่งของที่แห่งนี้$l",
  "Outdoor_Harvey": "นี่เป็นอะไรที่ดีกว่า การนั่งอยู่ที่คลินิก ทั้งวันอีกนะครับ$l#$e#ผมชอบเวลา ที่ได้เฝ้ามองคุณ ทำงานอยู่ในฟาร์มล่ะ... ฮิฮิ",
  "Outdoor_Elliott": "วันนี้ ผมจะกลับมาเริ่มเขียน นิยายเรื่องใหม่แล้วล่ะ จะมีที่ไหนดีไปกว่า ฟาร์มของเราอีกล่ะ?$h#$e#ลงตัวอย่างที่สุด$l",
  "Outdoor_Alex": "วันนี้ฉันจะออกกำลังกาย อย่างเต็มที่เลย! ฮ่าฮ่า! ชอบชีวิตในฟาร์มแบบนี้จัง$h",
  "Outdoor_Sam": "นี่ ดูพวกก้อนเมฆปุกปุย บนท้องฟ้าสิ ที่รัก!$h#$e#ถ้าคุณไม่ว่าอะไร ผมขออยู่ดูอีกเดี๋ยวนึงนะ",
  "Outdoor_Shane": "ผมไม่มั่นใจว่าปอดผม จะรับมือกับความบริสุทธิ์ แบบนี้ได้ไหม ผมยังคงชินกับแอร์ที่ ร้านโจจ้าอยู่เลย",
  "Outdoor_Emily": "เธอทำได้ยอดเยี่ยมมาก @ สู้ๆ นะ",
  "jobLeave_Harvey": "วันนี้ผมต้องเข้าคลินิกนะ คุณก็ต้องมีวันที่ดีนะครับ โอเคไหม?",
  "jobLeave_Penny": "วันนี้ จะเข้าเมืองแล้วนะ อย่าทำงานหักโหมนักล่ะ แล้วก็ทานอาหารเที่ยงดีๆ ด้วยล่ะ!$h",
  "jobLeave_Maru": "ฉันจะไปทำงานแล้วนะ ไว้เจอกันคืนนี้ ฉันจะคิดถึงเธอนะ!$h",
  "jobReturn_Harvey": "#$c .5#ว่าไงที่รัก วันนี้เป็นยังไงบ้างครับ?#$e#*ถอนหายใจ*... ผมเหนื่อยมากเลย...$s#$e#แต่ได้เห็น คนไข้ยังมีสุขภาพที่แข็งแรง ก็ดูจะเป็นวันที่ดีแหละนะ",
  "jobReturn_Penny": "#$c .5#สวัสดียามเย็น วันนี้ของฉันผ่านไปด้วยดี ขอบคุณนะ! แล้วคุณล่ะ?$h#$e#แจสกับวินเซนท์ ทำตัวไม่ค่อยน่ารักเลยวันนี้ ฉันล่ะกังวลใจจัง...$a",
  "jobReturn_Maru": "#$c .5#ก็เป็นวันน่าเบื่อ อีกวันที่คลินิก เหมือนเดิมนั่นแหละ#$e#เฮ้ แล้วเธอล่ะ ได้เจออะไรตื่นเต้น มากกว่าฉันบ้างไหม? ฉันหวังว่าจะมีนะ#$e#$c .5#เอาล่ะ ถึงเวลายืดเส้นยืดสาย แล้วก็พักสบายๆ สักที เธอยังเหลือข้าวเย็น เอาไว้ให้บ้างหรือเปล่า?#$e#ฉันคิดถึงเตียงใจจะขาด$h",
  "OneKid_0": "ที่รักได้ใช้เวลากับ %kid1 บ้างหรือเปล่าวันนี้?",
  "OneKid_1": "สงสัยจังว่า %kid1 จะเติบโตมาเป็น ชาวสวนแบบคุณไหมนะ?",
  "OneKid_2": "ไม่ต้องห่วง เดี๋ยวฉันเลี้ยง %kid1 เอง คุณกลับไปทำงาน ในฟาร์มเถอะนะ",
  "OneKid_3": "พอเราได้มีลูกด้วยกัน ชีวิตก็เปลี่ยนไปมากเลย",
  "TwoKids_0": "ทำอาหารเช้าให้ทั้ง %kid1 และ %kid2 ทานแล้วนะ พวกเขาดู หิวโหยมากเลย!",
  "TwoKids_1": "เราต้องแน่ใจว่า ให้ความสำคัญกับ %kid1 มากพอ เพราะตอนนี้เรามี %kid2 ด้วย เราไม่ควรทำให้ พวกเขาอิจฉากัน",
  "TwoKids_2": "รู้หรือเปล่า จมูกของ %kid2 เหมือนคุณเลยล่ะ",
  "TwoKids_3": "บ้านที่ดี ลูกน้อยแสนมหัศจรรย์ อีกสองคน และที่ดินอันสวยงามแบบนี้ แล้วยังจะต้องการ อะไรได้อีก?",
  "Good_0": "ไม่อยากจะเชื่อเลยว่า ในที่สุด เราก็ได้แต่งงานกัน...$l",
  "Good_1": "เมื่อก่อนก็เคยคิดนะ ว่าเราสองคน จะได้อยู่ร่วมกัน ไม่วันใดก็วันหนึ่ง$l",
  "Good_2": "คุณรู้สึกสนุกไปกับ ชีวิตหลังแต่งงานไหม @?#$e#ฉันน่ะ รู้สึกสนุกมากเลย$l",
  "Good_3": "ว้าว วันนี้คุณหล่อจังเลย!$l^ว้าว วันนี้คุณสวยจังเลย",
  "Good_4": "ตอนนี้ที่นี่ล่ะ คือบ้านของฉัน... ฉันมีความสุขที่ได้อยู่ที่นี่$l",
  "Good_5": "ฉันแค่กำลังชื่นชม ของขวัญแต่งงานของฉันอยู่... เปลือกหอยที่งดงาม ไร้ที่ติแบบนี้ จะต้องนำโชคมาให้แน่!$l",
  "Good_6": "ระวังตัวด้วยนะ! บางครั้ง ฉันก็รู้สึกกังวลว่า คุณจะตกลงไปในเหมือง",
  "Good_7": "@? ฉันแค่เพียงอยากจะบอกว่า ขอบคุณมากๆ นะ ที่คุณทุ่มเทอย่างหนักในทุกๆ อย่าง เพื่อครอบครัวของเรา$h",
  "Good_8": "ไม่ต้องห่วงหรอก... รู้น่าว่ามีเรื่องต้องรับผิดชอบ ข้างนอกบ้านมากมาย นี่อยู่คนเดียวได้!$l",
  "Good_9": "โอ้ ฉันไม่เบื่อเลย... ฉันกำลังมีความสุข กับทุกสิ่งที่เรามีอยู่ ในตอนนี้#$e#มันเป็นชีวิตที่เรียบง่ายก็จริง แต่ฉันก็ชอบมันนะ$h",
  "Neutral_0": "หวังว่าคุณยังจะชอบฉัน เมื่อตอนที่ฉันแก่แล้ว และผมหงอก",
  "Neutral_1": "คิดว่าคุณปู่ของคุณ จะภูมิใจกับสิ่งที่เราทำไหมนะ?",
  "Neutral_2": "กำลังพักอยู่เหรอ? ฉันว่าการเป็นชาวไร่ ก็ง่ายกว่าที่ฉันคิดไว้นะ...",
  "Neutral_3": "ถ้าคุณเข้าไปในเมือง อย่าลืมฝากสวัสดีทุกๆ คน แทนฉันด้วยนะ",
  "Neutral_4": "เดี๋ยวพรุ่งนี้เช้า จะซักผ้าไว้ให้ ก่อนที่คุณจะตื่นนะ... คุณจะได้ไม่ต้องเสียเวลา",
  "Neutral_5": "การเงินของเรา ยังโอเคอยู่ใช่ไหม @?",
  "Neutral_6": "สงสัยจังว่าวันนี้ ทุกคนในเมือง จะทำอะไรกันบ้างนะ?",
  "Neutral_7": "วันนี้ฉันไม่รู้สึกว่า อยากจะทำอะไรสักอย่างเลย",
  "Neutral_8": "ไม่ว่าฉันจะทำ ความสะอาดเท่าไหร่ บ้านก็ยังสกปรกอยู่ดี#$e#ฉันว่า ในฟาร์มก็ต้องเลอะแบบนี้ล่ะ",
  "Neutral_9": "ฉันก็สงสัยนะ ว่าเราจะอยู่ที่นี่ ไปตลอดชีวิตเลยรึเปล่า?",
  "Bad_0": "...ยังรักกันอยู่ ใช่ไหม?$s",
  "Bad_1": "*ถอนหายใจ*... บางที เราอาจจะยังเด็กเกินไป ที่จะแต่งงาน$s",
  "Bad_2": "ยังมีความสุข ที่ได้อยู่ด้วยกันรึเปล่า?$s",
  "Bad_3": "ฉันทำอะไรผิด ไปหรือเปล่า? ทำไมหลังๆ มานี่ คุณทำตัวแปลกๆ ไป$s",
  "Bad_4": "ทำไมคุณดูสนใจจัง ว่าข้างนอกนั่นมีอะไร?$s",
  "Bad_5": "แต่ก่อนคุณเคย โรแมนติก มากกว่านี้ไม่ใช่หรือไง... มันเกิดอะไรขึ้น?$s#$e#ก็รู้แหละ ว่าฉันไม่ได้อ่อนเยาว์ อีกต่อไปแล้ว... นั่นเป็นจุดประสงค์ ที่คุณแต่งงานกับฉัน ใช่ไหมล่ะ?$a",
  "Bad_6": "เราต่างก็ มีชีวิตที่แสนสั้น... แล้วนี่คือสิ่งที่ สมควรทำแล้วหรือ?$s",
  "Bad_7": "ฉันเคยเป็นสุดที่รัก ของคุณมาก่อน... แต่ตอนนี้ดูเหมือนว่า คุณต้องกล้ำกลืนฝืนทน กินอาหารเย็นร่วมกับฉัน$s",
  "Bad_8": "พักหลังมานี้ คุณช่างเย็นชา มากเลยนะ...$s",
  "Bad_9": "ฉันหวังว่าฉัน จะทำอะไรให้ดีขึ้นบ้าง$s",
  "spring_1": "แล้วปีใหม่ก็มาถึง คุณวางแผนที่จะทำสำหรับปีนี้ แล้วหรือยัง?#$e#หวังว่ามันจะออกมาดีนะ",
  "spring_8": "ในที่สุด หน้าหนาวก็หมดไป ต่อจากนี้เราก็จะได้ เก็บเกี่ยวผลผลิต อย่างเต็มที่สักที",
  "spring_23": "พรุ่งนี้ก็ถึงงาน เทศกาลระบำดอกไม้ แล้ว... หวังว่าคุณจะฝึก การเคลื่อนไหวไว้นะ!",
  "summer_1": "ดูให้แน่ใจว่าตัวเอง จะไม่เป็นลมแดดนะที่รัก#$e#ดื่มน้ำเยอะๆ แล้วก็อย่าหักโหม ทำงานมากนะ",
  "summer_8": "ขอโทษด้วยถ้ามีกลิ่นตัว... ร้อนจนเหงื่อท่วม ตลอดคืนเลย",
  "summer_15": "นี่คือหน้าร้อน... นั่นหมายความว่า เราจะต้องเจอกับฝูงแมลงวัน#$e#ไม่ต้องห่วง รับมือได้น่า!",
  "fall_1": "อากาศตอนนี้ ดีกว่าอากาศช่วงหน้าร้อน เป็นไหนๆ",
  "fall_8": "หน้าหนาว กำลังจะมาถึงแล้ว เราต้องตรวจสอบ ระบบทำความร้อนให้ดี ปิดวาล์วแล้วก็เช็ก ฉนวนกันความร้อนทั้งหมด ในบ้านด้วย#$e#ไม่ต้องห่วงน่าที่รัก รับมือไหวอยู่แล้ว",
  "fall_15": "คุณคิดออกหรือยัง ว่าจะเอาอะไรมาแสดง สำหรับฟาร์มของพวกเรา ในวันพรุ่งนี้?",
  "fall_26": "เราควรจะไป เทศกาลคืนแห่งวิญญาณ ในคืนวันพรุ่งนี้นะ",
  "winter_1": "บรึ๋ออ... หนาววววว",
  "winter_7": "คุณจะไปงาน แข่งตกปลา ในวันพรุ่งนี้ไหม?",
  "winter_28": "ขอบคุณสำหรับปีที่ดีปีนี้นะ @ ฉันตื่นเต้นที่จะได้ร่วม แก้ไขปัญหาต่างๆร่วมกัน ในปีถัดไป$l",
  "spring_Maru": "ฉันรู้สึกตื่นเต้น กับการเริ่มปีใหม่ ของการทำฟาร์มแล้วล่ะ @!$h",
  "spring_Abigail": "ฉันอาจจะชอบหน้าหนาว แต่สุดท้ายฉันก็ดีใจเสมอ ที่เห็นฤดูใบไม้ผลิมาถึง",
  "spring_Haley": "เธอไม่ดีใจเหรอ ที่ฤดูหนาวสิ้นสุดลงแล้วน่ะ ที่รัก? อะไรๆ ก็ดูดีขึ้นแล้วตอนนี้",
  "spring_Leah": "อย่าลืมมองหา ฮอร์สราดิชป่า กระเทียมต้น กับ ดอกแดนดิไลออน เวลาออกไปข้างนอกด้วยนะ!",
  "spring_Penny": "ฉันมีความสุขเหลือเกิน ที่ได้เห็นใบไม้สีเขียวอีกครั้ง หลังฤดูหนาวที่ขาวโพลน อันแสนนาน",
  "spring_Sebastian": "ว้าว สีผิวฉันซีดเลย... ฉันว่าฤดูนี้ ฉันจะไปช่วยเธอ ทำงานในฟาร์มบ้างดีกว่า",
  "spring_Harvey": "มาปลูกผักเพื่อสุขภาพ ในช่วงฤดูใบไม้ผลิ กันเถอะ$h",
  "spring_Elliott": "ผมเฝ้ารอ ที่จะได้เห็นความสวยงาม ของฟาร์ม %farm เลยนะ$h",
  "spring_Alex": "เฮ้ @ วันนี้เราตั้งใจทำงานกันเถอะ!",
  "spring_Sam": "*สูดน้ำมูก* ... ตะ หมูก ฉัน คัด ไปหมดแล้ว... ภูมิแพ้อ่ะ",
  "spring_Shane": "ผมอาจจะลองเรียนรู้ ทักษะใหม่ๆ ในปีนี้...",
  "summer_Maru": "มันเป็นช่วงเวลาดีของปี ที่เหมาะจะดูดวงดาวเลยล่ะ",
  "summer_Abigail": "โอ้ให้ตาย... ฉันจะต้องไปซื้อเค้กช็อกโกแลต",
  "summer_Haley": "เธอต้องรู้ไว้นะ ว่าหน้าร้อนคือ ฤดูสุดโปรดของฉันล่ะ$h",
  "summer_Leah": "ไม่มีอะไรเหมาะกับ หน้าร้อนไปมากกว่า ไวน์ละมุนชั้นดีอีกแล้ว ไม่คิดอย่างนั้น บ้างเหรอที่รัก?",
  "summer_Penny": "คุณจะปลูกเมลอน ในหน้าร้อนนี้ไหมคะ?",
  "summer_Sebastian": "ฉันจะเก็บตัวอยู่ข้างในบ้าน ให้มากเท่าที่จะเป็นไปได้ ในหน้าร้อนนี้",
  "summer_Harvey": "ดูให้แน่ใจ ว่าจะไม่ถูกแดดเผานะ ที่รัก... แสงอาทิตย์ทำร้ายผิว มากกว่าที่คิดนะ",
  "summer_Elliott": "อย่างเดียว ที่ทำให้ผมคิดถึงทะเล ก็คือปลาสดๆ",
  "summer_Alex": "ฤดูร้อนเนี่ย ทำให้ฉันมีพลังงาน มากที่สุดเสมอเลย",
  "summer_Sam": "ฤดูร้อนนี้ ทำให้ฉันรู้สึกอยากกิน บาร์บีคิว มากเข้าไปอีก",
  "summer_Emily": "ฮู่ว! ร้อนจัง แต่ก็รู้สึกดีใช่ไหม?#$e#บางทีวันนี้ เราอาจเห็นนกแก้วป่าก็ได้นะ",
  "summer_Shane": "วันนี้ผมมีกำหนดการ อะไรบ้างนะ... อืมม...#$e#ผมว่าผมน่าจะหา เพรสเซลอบกรอบรสเผ็ด กับ 'น้ำลำไยเย็นเจี๊ยบ' มากินพลางชมขอบฟ้านะ",
  "fall_Maru": "ฉันดีใจ ที่ยังได้ทำงานที่คลินิก... มันเป็นงานบริการ ที่สำคัญในชุมชน",
  "fall_Abigail": "ฉันหวังว่าเรา จะปลูกฟักทองกัน ในปีนี้นะ$h",
  "fall_Haley": "ฉันอยากกินเค้กจัง#$e#แต่ว่าต้องไม่ใช่ เค้กทั่วไปนะ... ต้องเป็นเค้ก สีชมพู",
  "fall_Leah": "สูดหายใจลึกๆ สิ... ได้กลิ่นนั่นหรือเปล่า? ฤดูเห็ดมาถึง แล้วนะ",
  "fall_Penny": "การอยู่ในฟาร์ม ช่างสงบสุขอะไรแบบนี้ ไม่มีทางเพลิดเพลิน กับธรรมชาติแบบนี้แน่ๆ ถ้ายังอยู่ในเมือง",
  "fall_Sebastian": "แม่ของฉัน มักจะทำซุปฟักทอง แสนอร่อยตลอด ฤดูใบไม้ร่วง",
  "fall_Harvey": "ผมน่าจะออกไปหา ซื้อไวน์มาสักหน่อย",
  "fall_Elliott": "อา... ฤดูใบไม้ร่วง แสงแดดที่อบอุ่น คล้อยต่ำ ลงจากท้องฟ้า แสงทอดยาวสู่ เกลียวคลื่น#$e#มันเป็นช่วงเวลา ที่สวยงามของปี ไม่คิดแบบนั้นหรือ?",
  "fall_Alex": "รู้สึก อ่อนแรงชะมัด... ฉันต้องการโปรตีน สักหน่อย$s",
  "fall_Sam": "ฉันสงสัยมากเลย ว่าโลกข้างนอกนั้น ตอนนี้กำลังเกิดอะไร ขึ้นบ้าง? เพราะพวกเราค่อนข้าง ห่างไกลผู้คน",
  "fall_Emily": "ฉันดื่มสมูทตี้ซุปเปอร์ฟู้ด เมื่อเช้านี้ และตอนนี้ฉันรู้สึก ซุปเปอร์-เยี่ยมมมมม!$h",
  "fall_Shane": "ผมคิดว่า มันอาจมีเชื้อราสายพันธุ์ใหม่ ขึ้นที่หลังตู้เย็นเล็ก ของผมนะ#$e#อ่าา ใช่ ก็มันฤดูนี้นี่นะ ใช่มะ?",
  "winter_Maru": "เดี๋ยวฤดูใบไม้ผลิจะมาถึงแล้ว ฉันล่ะตั้งตารอคอย ที่จะกินพายรูบาร์บเลยล่ะ",
  "winter_Abigail": "จำตอนที่เราเล่นเกม 'ราชาทุ่งหญ้า' ด้วยกัน ในห้องฉันได้ไหมอ่ะ? นั่นเป็นช่วงเวลา ที่ดีมากเลยนะ$h",
  "winter_Haley": "ฉันยังนึกถึง ตอนนั้นที่เธอช่วยฉัน เปิดโหลผักดองอยู่เลย$h#$e#พวกเรามาไกล มากเลยนะเนี่ย$l",
  "winter_Leah": "ฉันมักอยากกินสลัด ในช่วงหน้าหนาวเสมอ... ทั้งที่รู้แหละว่าหากินยาก",
  "winter_Penny": "ฉันจะอ่าน อ่าน และอ่านหนังสือ ในช่วงหน้าหนาวแบบนี้",
  "winter_Sebastian": "สงสัยจังว่า แซม จะเป็นยังไงบ้างนะ? เราเคยเป็นเพื่อนรัก กันมากเลยล่ะ",
  "winter_Harvey": "หน้าหนาวน่ะ ถือเป็นฤดูแห่งไข้หวัดเลยนะ แถมการทำงาน ก็ยังเพิ่มความเครียด เข้าไปอีก.. แต่ยังไงก็ขอโทษด้วย ถ้าผมขี้บ่นไปหน่อย",
  "winter_Elliott": "ผมคิดว่า ผมจะต้องเขียนอะไรสักหน่อย ในฤดูหนาวนี้ เพราะมันไม่ค่อยมีอะไร ให้ทำอยู่แล้ว",
  "winter_Alex": "ฉันหวังว่า คุณตาคุณยายของฉัน จะสบายดีนะ พวกเขาคอยให้ฉัน ช่วยเหลืออยู่บ่อยๆ ทำนองแบบยกของหนัก หรืออะไร ประมาณนี้แหละ",
  "winter_Sam": "ฉันไม่คิดจะเป็น นักดนตรีแล้วล่ะ ก็ตอนนี้ฉันน่ะ เป็นผู้ชายรักครอบครัว แล้วไง!",
  "winter_Emily": "โอ๊ย เส้นผมของฉัน แข็งเป้กอีกแล้วเนี่ย$s",
  "winter_Shane": "มีโลกกว้างไกล สุดลูกหูลูกตา... แต่ผมว่า ผมนอนอยู่ในห้องดีกว่า",
  "spouseRoom_Maru": "#$c .5#วันนี้ฉันตื่นแต่เช้า มาจ้องมองดาวดวง เล็กๆ บนฟ้า#$e#ฉันหวังว่าเธอ คงจะไม่ว่าอะไรนะ ถ้าวันนี้ฉันจะใช้เวลา ทำโปรเจกต์ของฉัน นิดหน่อย",
  "spouseRoom_Abigail": "#$c .5#ฉันตื่นก่อนเธอแป๊บนึง แล้วให้อาหาร เจ้าเดวิดตัวน้อยแล้วล่ะ เขาร่าเริงมากๆ เลยเมื่อเช้านี้#$e#ฉันหวังว่าเธอคง จะไม่คิดอะไรมาก กับกลิ่นของ หนูตะเภาหรอกนะ",
  "spouseRoom_Haley": "#$c .5#เริ่มต้นวันของเธอ ได้เลยที่รัก ฉันกำลังแต่งหน้าอยู่น่ะ#$e#มีแผนอะไรสำหรับ วันนี้ไหม?",
  "spouseRoom_Leah": "#$c .5#ในสักวันหนึ่ง ฉันคิดว่า ฉันจะวาดรูปของเธอนะ#$e#วิวจากตรงหน้าต่างนี้ เป็นแรงบันดาลใจ ได้อย่างดีเลย ว่างั้นไหม?",
  "spouseRoom_Penny": "#$c .5#ฉันรู้สึกอยากได้ ห้องสมุดส่วนตัว มาตลอดเลย นี่มันน่าหลงใหล มากเลย$h#$e#ฉันคิดว่า ฉันควรหาอะไรอ่าน ตอนเช้าสักหน่อย สมองฉันจะได้ทำงาน ได้ดีขึ้น",
  "spouseRoom_Sebastian": "#$c .5#ฉันกำลังชั่งใจอยู่ ว่าฉันควรจะทำงาน หรือว่าจะอ่านการ์ตูน มันทั้งวันดีน่ะ#$e#นี่ เรามีพิซซ่าในตู้เย็นมะ? ฉันหิวแล้ว",
  "spouseRoom_Harvey": "#$c .5#เช้านี้อากาศปลอดโปร่งนะครับ ที่รัก แต่ตอนนี้ยังสนุกกับ การประกอบชิ้นส่วน พวกนี้อยู่เลย#$e#ผมกำลังง่วนอยู่กับ โมเดลเครื่องบินน่ะครับ อยู่ที่นี่แล้วผ่อนคลาย มากกว่าตอนอยู่ที่ อพาร์ทเม้นท์เก่าของผมอีก",
  "spouseRoom_Elliott": "#$c .5#ผมคิดว่า วันนี้ ผมจะเขียนอะไร สักหน่อยน่ะ#$e#คุณจะไม่เป็นไร ใช่ไหม ถ้าผมไม่ช่วยงานวันนี้?",
  "spouseRoom_Alex": "#$c .5#อย่าปล่อยให้ฉัน ขี้เกียจเชียวล่ะ ฉันจะต้องรักษาหุ่น แบบนี้เอาไว้เพื่อเธอเลยนะ!#$e#บริเวณนี้มีที่มากมาย ให้ฉันได้บริหารร่างกาย ดูคืบหน้ากว่าเมื่อก่อน เยอะเลยล่ะ!",
  "spouseRoom_Sam": "#$c .5#กีตาร์เก่าตัวนี้... ฉันหมดไฟที่จะเล่น มันแล้วล่ะ แต่ก็ช่างมันเถอะ#$e#วันนี้เธอวางแผน จะทำอะไรล่ะ?",
  "spouseRoom_Emily": "วันนี้ฉันจะใช้เวลา อยู่กับนกแก้วสักหน่อย มันทำให้ฉันรู้สึกใจสลาย ที่มันไม่สามารถ กลับไปบินได้อีกแล้ว$u",
  "spouseRoom_Shane": "#$c .5#เบียร์หรือ น้ำแอปเปิลดี? บางครั้งชีวิตก็อาจมี สิ่งท้าทายนะ#$e#ไง @ วันนี้ผมจะใช้เวลาอยู่ที่นี่น่ะ แล้วก็ อืม... บางทีอาจจะกวาดพื้น หรือทำบางอย่างนิดหน่อย",
  "Rainy_Day_Krobus": "อ้า ความชื้นในวันนี้มาจากฝน... ข้าสบายใจแล้ว",
  "Rainy_Night_Krobus": "เสียงของสายฝน ทำให้ข้าคิดถึง ท่อระบายน้ำ... ที่ที่คอยปลอบโยนข้า#$e#ท่อระบายน้ำ คือที่หลบภัยของข้า... ข้ารู้สึกปลอดภัยที่นั่น อย่าห่วงเลย... ข้ารู้สึกแบบเดียวกันนี้ กับบ้านใหม่หลังนี้เช่นกัน",
  "Indoor_Day_Krobus": "ข้าต้องการ ช่วยเหลือเจ้าในฟาร์มนะ แต่ข้าออกไปโดน แสงแดดไม่ได้...",
  "Indoor_Night_Krobus": "สวัสดี @ ยินดีต้อนรับกลับบ้าน เจ้าดูเหมือนจะทำงาน อย่างหนักที่ข้างนอกเลยน่ะ!$h",
  "Outdoor_Krobus": "ในวันเช่นนี้ ข้าสามารถเพลิดเพลิน ไปกับกิจกรรมกลางแจ้ง กับเจ้าได้ นี่มันยอดไปเลย!$h#$b#บอกให้ข้ารู้ด้วยล่ะ ถ้าเจ้าเห็นใครกำลังมา ข้าจะได้ซ่อนตัวทัน$u",
  "NoBed_0": "ฉันควรจะนอนตรงไหนล่ะเนี่ย...?$s",
  "NoBed_1": "เมื่อคืนนี้ ฉันนอนหลับดีๆ ไม่ได้เลยอ่ะ...$s",
  "NoBed_2": "เมื่อคืนนี้ ฉันต้องนอนที่พื้น...$s",
  "NoBed_3": "มีอะไรเกิดขึ้นกับ เตียงของพวกเราเหรอ...?$s"
}
