{
  "Rainy_Day_0": "ในวันที่ฝนตกแบบนี้ ใจฉันเอาแต่คิดถึง อบเชยกับคุกกี้ตลอดเลยล่ะ",
  "Rainy_Day_1": "ฉันสงสัยจัง ว่ามารุกับฮาร์วีย์ จะลงเอยด้วยกันรึเปล่า? ฉันมั่นใจว่าฮาร์วีย์ เขาชอบมารุนะ...#$e#แต่ยังไงฉันก็คิดว่า มารุจะต้องเป็นฝ่าย เริ่มเข้าหาก่อนนั่นแหละ$h",
  "Rainy_Day_2": "สวัสดี ที่รัก! เช้านี้ฉันไปซื้อของมา นี่ของคุณนะ[186 180 770 535]#$e#ฉันคิดว่า คุณน่าจะใช้ได้สักอันนะ",
  "Rainy_Day_3": "หืออ... บางทีฉันควรลองสร้างสรรค์ เมนูใหม่ๆ บ้าง คุณเองก็ชอบเมนู ที่ฉันทำไปคราวก่อนนี่ ใช่ไหม ที่รัก?#$e#เมนูที่ฉันตั้งชื่อว่า... 'ชิลี เดอ @' นั่นไง?",
  "Rainy_Day_4": "ในวันแบบนี้ล่ะ ที่ฉันอยากจะ ขลุกอยู่กับหนังสือดีๆ สักเล่ม",
  "Rainy_Night_0": "วันนี้คุณเป็นยังไงบ้าง ที่รัก? ฉันจะใช้เวลายามบ่ายของฉัน อ่านนิยายล่ะ",
  "patio_Penny": "ที่นี่เงียบสงบกว่า ที่ประจำที่เก่าในเมือง ของฉันเลยล่ะ ฉันมีความสุขจัง",
  "Rainy_Night_1": "ฉันมั่นใจเลยล่ะ ว่าตอนนี้ แม่ต้องอยู่ที่ซาลูนแน่ๆ... แต่ฉันไม่ได้รู้สึกแย่ เกี่ยวกับเรื่องนี้แล้วล่ะ มันเกินความสามารถของฉันนี่นา",
  "Rainy_Night_2": "ฉันกำลังคิดถึง คืนนั้นของเรา ในโรงอาบน้ำน่ะ...$l#$e#ฉันจะไม่มีวัน ลืมคืนนั้นเลย...$l",
  "Rainy_Night_3": "ฉันเคยรำคาญเสียงฝนตก เมื่อตอนที่ฉันยังอาศัย อยู่ในรถบ้านคันเก่า แต่พอมาอยู่ที่นี่ มันก็รู้สึกสงบดีเหมือนกัน",
  "Rainy_Night_4": "วันนี้ ฉันก็อยากจะทำมื้อค่ำดีๆ บ้าง หวังว่าคุณจะชอบนะ [212 214 225 209 200]$h",
  "Indoor_Day_0": "ที่นี่เงียบสงบมากเลย แต่ก่อนฉันต้องเจอแต่ฝันร้าย แต่ดูตอนนี้สิ ฉันนอนหลับปุ๋ย ได้เหมือนเด็กน้อยเลย",
  "Indoor_Day_1": "อรุณสวัสดิ์ @! ฉันทำอาหารเช้า ร้อนๆ ไว้ให้คุณด้วยนะ [195 210 211]#$e#มันสำคัญมาก ที่คุณจะออกจากบ้าน ไปแบบอิ่มท้อง$h",
  "Indoor_Day_2": "คุณรู้ไหม ฉันคิดว่าวันนี้ ฉันจะอ่านหนังสือล่ะ ฉันยืมหนังสือเล่มใหม่ มาจากห้องสมุด ตอนที่ฉันแวะไปครั้งที่แล้ว#$e#คุณกันเธอร์ ฝากทักมาด้วยนะ",
  "Indoor_Day_3": "ฉันอยากรู้เรื่องราว เกี่ยวกับวัตถุโบราณทั้งหมด ที่คุณหาเจอนะ โบราณคดีคือสิ่งที่ น่าสนใจมากเลยล่ะ!#$e#ลองนึกดูสิ อาจจะมีชาวไร่อยู่ตรงนี้ เมื่อ 10,000 ปี ก่อนก็ได้นะ",
  "Indoor_Day_4": "ครั้งแรกที่เราเจอกัน ฉันดูขี้อายไหม? พอนึกย้อนไปตอนนั้น ก็ตลกดีเนอะ ตอนนี้พวกเรามาไกล กันมากเลยนะ$h",
  "Indoor_Night_0": "สวัสดีตอนเย็นนะที่รัก คุณได้ทำทุกอย่าง ที่คุณอยากทำในวันนี้ เสร็จหมดแล้วรึยังล่ะ?#$e#ถ้าไม่เสร็จ ก็ไม่เป็นไรหรอกนะ พวกเรามีเวลามากมาย บนโลกใบนี้!",
  "Indoor_Night_1": "หืมมมม พรุ่งนี้จะใส่กระโปรง หรือกางเกงดีน้า? โอ๊ะ ฉันแค่ล้อเล่นน่ะ... ฉันก็ใส่แต่กระโปรงอยู่แล้วล่ะ",
  "Indoor_Night_2": "ถึงพวกเรามีสิ่งดีๆ ที่นี่ก็จริง พวกเราก็ควรจะ พยายามระลึกถึงคนอื่น ที่ด้อยโอกาสกว่าเราด้วยนะ#$e#ฉันแค่อยากจะขอบคุณ กับสิ่งที่เรามีอยู่ตอนนี้",
  "Indoor_Night_3": "ตอนนี้ฉันไม่อยู่แล้ว แม่ก็คงจะเหงานิดหน่อย ฉันหวังว่าแม่คงจะ ไม่ไปซาลูนบ่อยเกินไป เพื่อแก้เหงาหรอกนะ#$e#คุณไม่ต้องรู้สึกผิดหรอก! แม่แก้ปัญหาตัวเอง ได้อยู่แล้วล่ะ",
  "Indoor_Night_4": "พร้อมที่จะนอนแล้วรึยัง? ฉันเตรียมที่นอน และทุกอย่างไว้แล้วนะ...$11",
  "Outdoor_0": "ฉันเคยได้แต่ฝัน ว่าอยากจะได้อาศัยอยู่ ในสถานที่สวยงาม และตอนนี้ฝันก็เป็นจริงแล้ว#$e#ตอนอยู่ที่บ้านเก่า ทุกข์ใจมากเลย$s",
  "Outdoor_1": "ที่นี่เป็นสถานที่ที่วิเศษ ในการเลี้ยงเด็กเลยล่ะ จริงไหม?#$e#ฉันคงมีความสุขมากเลยนะ ถ้าได้เติบโตในฟาร์มนี้",
  "Outdoor_2": "สวัสดีที่รัก! ถ้าฉันรู้เกี่ยวกับ งานในฟาร์มมากพอ ฉันก็คงจะช่วยคุณได้มากกว่านี้ ขอโทษนะ!#$e#ฉันจะคิดถึงคุณเสมอนะ$h",
  "Outdoor_3": "ฉันเห็นนกร้องเพลง บินผ่านไปทางตะวันตกด้วยล่ะ ในสตาร์ดิวแวลลีย์ นั่นถือว่าเป็นลางดีมากๆ เลยนะ$h",
  "Outdoor_4": "อ๊าา... ได้ออกมาข้างนอกแบบนี้ ช่วยให้รู้สึกดีมากเลย ฉันอยู่ตรงนี้ได้ทั้งวันเลยล่ะ ได้คอยดูนู่นดีนี่ เล็กๆ น้อยๆ",
  "OneKid_0": "วันนี้คุณพอจะมีเวลา เล่นกับ %kid1 ไหม? บางที การมีลูกคนที่สอง อาจจะทำให้อะไรหลายๆ อย่างดีขึ้นนะ",
  "OneKid_1": "%kid1 ตัวน้อย จะต้องมีวัยเด็กที่ยอดเยี่ยม ในที่แห่งนี้แน่นอน",
  "OneKid_3": "พอเรามีลูกแล้ว ฉันก็รู้สึกแก่ขึ้นมานิดๆ เลยล่ะ อาจจะเป็นเพราะว่า ฉันมีความรับผิดชอบใหม่ ที่ต้องแบกรับเพิ่มขึ้นมา#$e#มันก็ไม่ได้แย่นะ! ฉันมันคือสิ่งที่ฉัน ต้องการมาตั้งนานแล้วนี่นา",
  "TwoKids_0": "ฉันป้อนอาหาร ให้ %kid1 กับ %kid2 แล้วนะ ทั้งสองคนนี่กินเก่งน่าดูเลย!",
  "TwoKids_1": "เราจะต้องมั่นใจว่า เราใส่ใจกับ %kid1 มากเพียงพอนะ เพราะตอนนี้เรามี %kid2 แล้ว เราไม่อยากให้เด็กๆ ต้องมาอิจฉากันน่ะ",
  "TwoKids_2": "ฉันเคยฝันว่า %kid2 มีปีกงอกออกมา และโบยบินออกไป บนฟ้าในยามราตรี มันหมายความว่าอะไรกันนะ?",
  "TwoKids_3": "บ้านที่ดี ลูกที่สุดแสนวิเศษสองคน และผืนที่ดินที่สวยงาม พวกเราโชคดีมากๆ เลยนะ",
  "Good_0": "@... ฉันยังไม่อยากจะเชื่อเลย ว่าเราแต่งงานกันแล้ว...$l",
  "Good_1": "ฉันฝันว่า ฉันจะได้แต่งงานกับคุณ มาตั้งนานแล้วนะ$l",
  "Good_2": "ฉันรู้ว่าคุณ ก็คือคนๆ นั้น ตั้งแต่วินาทีที่คุณ ย้ายมาอยู่ที่นี่แล้ว...$l",
  "Good_3": "ว้าว วันนี้คุณหล่อมากๆ เลย! คุณโกนหนวดเหรอ?$l^ว้าว วันนี้คุณดูสวยจัง คุณทำผมมาใหม่เหรอ?$l",
  "Good_4": "ฉันเริ่มรู้สึกเหมือนว่า ที่นี่เป็นบ้านแล้วล่ะ$l",
  "Good_6": "ออกไปข้างนอก ระวังตัวด้วยนะ! บางทีฉันก็เป็นห่วง ว่าคุณจะได้ทานอาหาร ที่มีประโยชน์เพียงพอรึเปล่า",
  "funLeave_Penny": "วันนี้ฉันว่าจะเข้าเมืองสักหน่อยนะ ไปเดินเล่นสนุกๆ สักพักก็กลับมาแล้วล่ะ!",
  "funReturn_Penny": "ฉันสนุกมากเลยล่ะ... มันก็ดีนะ ที่ยังได้ติดต่อกับทุกๆ คนอยู่ คุณเล่าเรื่องวันนี้ของคุณบ้างสิ",
  "spring_8": "ฤดูใบไม้ผลิ เป็นฤดูโปรดของฉันเลยล่ะ มีกลิ่นอายของความสดชื่น ที่ทำให้ฉันมีความหวังเสมอ",
  "spring_1": "พวกเรามีปีที่เนิ่นนาน และแสนอบอุ่น ให้ตั้งตาคอยแบบนี้ เรามาทำให้มัน เป็นปีที่คุ้มค่ากันเถอะ",
  "spring_15": "อ๊ะ ถึงเวลา 'ทำความสะอาด รับฤดูใบไม้ผลิ' แล้ว... ฉันจะต้องเพลิดเพลิน ไปกับมันมากแน่เลย",
  "summer_16": "*ถอนหายใจ*...ฉันอยากจะกินเมลอน สู้กับวันร้อนๆ แบบนี้จัง!",
  "summer_1": "ฤดูร้อนอาจจะอบอ้าวก็จริง แต่ความชื้น ก็ทำให้สบายตัวอยู่นะ",
  "summer_2": "ในฤดูร้อน พวกมดจะกระตือรือร้น กันสุดๆ เลยล่ะ ฉันนั่งดูพวกมัน ได้เป็นชั่วโมงเลย... ดูๆ แล้วพวกมันก็มีสังคม ที่ซับซ้อนดีนะ!",
  "fall_5": "กลิ่นอายของฤดูใบไม้ร่วง ทำให้ฉันนึกถึง เวลาที่ได้กลิ่นของหนังสือ... แปลกใช่ไหมล่ะ?",
  "fall_1": "ฤดูใบไม้ร่วง... มันทำให้ฉันคิดถึง กระดาษสีและกาว บางทีฉันคงจะใช้เวลา อยู่กับเด็กๆ มากไปหน่อยน่ะ$h",
  "fall_2": "ปีนี้ คุณจะปลูกฟักทองยักษ์ รึเปล่า?",
  "winter_1": "ฤดูหนาวถือว่าเป็นเวลาที่ดี ที่จะได้ผ่อนคลายบ้าง คุณควรที่ได้พักนะ หลังจากผ่านช่วงเวลา ที่แสนยาวนานมาทั้งปี!",
  "winter_6": "หิมะที่โปรยปราย ทำให้ฉันนึกถึงตอนที่คุณยาย นั่งเก้าอี้โยกอยู่ข้างเตาผิง ฉันยังจำภาพตอนที่เงาของท่าน วูบไหวอยู่บนท่อนฟืนที่คุกรุ่น ได้อยู่เลย... มันก็ผ่านมานานแล้วล่ะ",
  "winter_3": "พวกเราจะอยู่กันยังไง ในฤดูหนาวนะปีนี้เหรอ? โอ้ คุณไม่ต้องบอกฉันก็ได้นะ... ฉันเชื่อว่าคุณจะตัดสินใจ ได้อย่างถูกต้องอยู่แล้วล่ะ"
}
