{
  "Rainy_Day_0": "ถึงในช่วงปีที่ผ่านมา ฉันเปลี่ยนไปเยอะ แต่ยังไงฉันก็ยังชอบ วันที่อากาศแจ่มใสมากกว่าอยู่ดี",
  "Rainy_Day_1": "บางครั้งฉันก็นั่งฝันกลางวัน ถึงวันที่เราแก่ตัวไปด้วยกัน... พักผ่อนที่ริมหาด ของหมู่เกาะเฟิร์น!#$e#เธอคิดถึง เรื่องในอนาคตบ้างรึเปล่า @?",
  "Rainy_Day_2": "อรุณสวัสดิ์! ฉันตื่นแต่เช้า แล้วก็อบขนมหวานให้เธอ! [223 234 211 651 731]#$e#ฉันรู้ว่าเธอแข็งแรง แต่ว่าเธอก็ต้องทานอะไรดีๆ ร่างกายของเธอ จะได้แข็งแรงเสมอ!$h",
  "Rainy_Day_3": "วันนี้ฉันออกไปข้างนอกไม่ได้... เดี๋ยวผมฉันเสียทรง ไม่โกรธกันนะ ที่รัก$s#$e#ก็ฉันอยากจะดูดี ในสายตาเธอตลอดนี่นา",
  "Rainy_Day_4": "จะออกไปข้างนอก ทั้งๆ ที่อากาศ เป็นแบบนี้เหรอ? อย่าลืมเช็ดเท้า ก่อนเข้าบ้านด้วยนะ ที่รัก#$e#ฉันจะอยู่ที่นี่ และทำงานบ้านเอง",
  "patio_Haley": "พูดว่า 'goat cheese'!",
  "Rainy_Day_Haley": "โอ๊ย ไม่นะ... ถ้าอากาศยังเป็นงี้อยู่ ผิวฉันก็ซีดกันพอดี$s",
  "Rainy_Night_0": "อุ๊ย ดีใจจังที่คุณกลับมาแล้ว อยู่คนเดียวแบบนี้หนาวจัง... เธออยากจะปิดไฟ เข้านอนแล้วรึยัง?",
  "Rainy_Night_1": "หวังว่าพรุ่งนี้จะอากาศดีนะ ฝนตกบ่อยๆ ทำให้ฉันหงุดหงิด$s",
  "Rainy_Night_2": "หวังว่าเอมิลี่อยู่คนเดียว คงจะไม่เหงามากนะ ไว้ฉันจะแวะไปเยี่ยมเธออีกที เร็วๆ นี้ล่ะ$7",
  "Rainy_Night_3": "ฝนคือสิ่งเลวร้าย ของช่างภาพเลยล่ะ ยิ่งฟ้าผ่าด้วยก็ยิ่งแย่ และเธอก็ไม่สามารถ ออกไปข้างนอกได้ โดยที่ไม่ทำให้อุปกรณ์เสียหาย!$s",
  "Rainy_Night_4": "ฉันทำอาหารร้อนๆ มาให้เธอนะ ที่รัก ใส่เครื่องเทศเยอะแยะเลย แบบที่เธอชอบไง ทานให้อร่อยนะ! [727 231 207 199]$h",
  "Rainy_Night_5": "ฉันไม่เคยคิดเลยว่า ตัวเองจะพูดอะไรแบบนี้ แต่ว่าชีวิตชนบทนี่ก็ เหมาะกับฉันดีเนอะ$h",
  "Rainy_Night_Haley": "ไง ที่รัก ดีใจจังที่เธอกลับบ้าน ฉันเหงาสุดๆ เลยล่ะ$l",
  "Indoor_Day_0": "อรุณสวัสดิ์! นอนหลับสบายไหม?$h#$e#วันนี้ฉันว่าจะเอา กล้องถ่ายรูปตัวเก่า ออกมาถ่ายรูปซะหน่อย... แสงกำลังสวยเลย",
  "Indoor_Day_1": "อรุณสวัสดิ์ ที่รัก! กลิ่นหอม น่ากินใช่ไหม? ฉันทำอาหารเช้าให้เธอด้วยล่ะ! [194 195 210 211 216]#$e#ฉันรู้ว่าเธอยุ่งกับงานทั้งวัน ฉันจะเป็นกำลังใจให้เธอ อยู่ตรงนี้เสมอนะ!",
  "Indoor_Day_2": "นอนหลับสบายรึเปล่า? เมื่อคืนเธอกรนนิดนึงนะ$h#$e#วันนี้ ฉันมีงานบ้านต้องทำ สู้ๆ นะ",
  "Indoor_Day_3": "ดีใจจัง ฉันเรียนรู้ที่จะสนุกไปกับ การทำงานบ้านแล้วล่ะ! แต่บ้านก็สกปรกง่ายจังเลย$10#$e#มันรู้สึกดีมากเลย เวลาที่ทุกอย่างสะอาดเอี่ยม#$e#ก่อนที่เธอจะออกไป จุ๊บฉันหน่อยได้ไหม?$11",
  "Indoor_Day_4": "อรุณสวัสดิ์ ที่รัก วันนี้ก็ต้องออกไปทำฟาร์ม อีกแล้วสินะ?#$e#ฉันจะคิดถึงเธอน้า <$h",
  "Indoor_Day_Haley": "ฉันเคยรู้สึกว่า ชีวิตของฉันไม่มีจุดหมายเลย ก่อนที่จะมาเจอกับเธอ แต่ตอนนี้ฉันรู้แล้วล่ะ ว่าสิ่งที่ฉันต้องการจริงๆ คืออะไร$l",
  "Indoor_Night_Haley": "เธอดูทำงานหนักมามากเลย ที่รัก ให้ฉันช่วยเธอผ่อนคลายนะ$l",
  "Outdoor_0": "ฉันรู้สึกดีมากเลย เวลาอยู่ข้างนอกบ้าน ได้สูดอากาศสดชื่น#$b#อย่าเข้าใจฉันผิดล่ะ บ้านคุณปู่ของเธอดีมากๆ! แต่ว่าคงจะไม่มีอะไร สู้ภาพทิวทัศน์สวยๆ นี่ได้หรอก",
  "Outdoor_1": "เราจะทำให้ฟาร์มนี้ น่ารักๆ ไปเลย! มันก็สำคัญเหมือนกันนี่... ใช่ไหม ที่รัก?",
  "Outdoor_2": "ไง ที่รัก! ถ้าฉันทำฟาร์มเป็น ฉันคงจะช่วยเธอ ได้มากกว่านี้ ขอโทษนะ!#$e#แล้วฉันจะคิดถึงเธอนะ$h",
  "Outdoor_3": "ฉันจะไปปัดกวาดอะไร อยู่แถวๆ นี้ล่ะ จะได้ช่วยเธอได้บ้าง ใช่ไหมล่ะ?#$e#*ถอนหายใจ*... ข้างนอกนี่ร้อนจัง",
  "Outdoor_4": "อย่าหักโหมนะ ที่รัก#$e#อย่าลืมหาเวลาพักบ้าง แล้วก็อย่าลืม หาอะไรกินด้วยนะ$h",
  "Outdoor_Haley": "ดูเหมือนว่าวันนี้จะเป็นวันที่ดี สำหรับการไปอาบแดดเนอะ คิดเหมือนกันไหม ที่รัก?",
  "funLeave_Haley": "วันนี้ ฉันจะออกไปคุยกับคนอื่น ในเมืองสักหน่อยนะ",
  "funReturn_Haley": "มันดีมากเลย ที่ไปเจอคนอื่นๆ ในเมือง แล้ววันนี้เธอมีวันที่ดีไหม ที่รัก?",
  "OneKid_3": "แปลกจังเลยเนอะ? ฉันไม่ชิน กับการเป็นแม่คนเลย",
  "TwoKids_2": "%kid2 เป็นเด็กหน้าตาดีเนอะ ว่าไหม?",
  "TwoKids_3": "บ้านหลังใหญ่ ลูกสองคน ที่ดินทำเลดีๆ ชีวิตนี้ก็ไม่รู้ว่า จะอยากได้อะไรอีกแล้ว",
  "spring_2": "อ่า... ฤดูนี้เราจะปลูก อะไรกันดีน้า?",
  "spring_1": "ตอนนี้ฤดูหนาวก็จบไปแล้ว ต่อไปเรามีวันแดดดีๆ รออยู่มากมาย ตื่นเต้นจังเลย",
  "summer_3": "ขอโทษนะ ถ้าวันนี้ฉันดูไม่สวย... ก็อากาศมันชื้น ผมก็ไม่ค่อยอยู่ทรง",
  "summer_15": "หน้าร้อน... หมายถึงบ้านจะเต็ม ไปด้วยมดและแมลง อี๋$s",
  "fall_2": "คิดถึงฤดูร้อนแล้วสิ...",
  "fall_1": "ฤดูใบไม้ร่วง มันดูเศร้าๆ สำหรับฉัน... ทุกๆ อย่างกำลัง จะตายไปหมด$5",
  "winter_14": "อากาศแบบนี้ ฉันรู้สึกผิวแห้งมากเลย",
  "winter_2": "ด้วยเหตุผลอะไรสักอย่าง หิมะทำให้ฉัน อยากกินเค้กสีชมพู...",
  "spring_Haley": "ฤดูหนาวกำลัง จากไปแล้ว~ ดีใจไหมคะ ที่รัก? อะไรๆ ก็ดูจะมีหวังเนอะ ตอนนี้",
  "summer_Haley": "ฉันชอบดูหิ่งห้อย ในคืนหน้าร้อนจัง มันทำให้ฉันรู้สึก เหมือนได้ท่องไปใน หมู่ดาวเลยล่ะ",
  "fall_Haley": "ถึงฉันจะชอบฤดูร้อน แต่ฤดูใบไม้ร่วงเนี่ย เป็นฤดูที่เหมาะ กับการถ่ายรูปมากที่สุด ทั้งเงาทอดยาว และต่ำ...",
  "winter_Haley": "ฉันกำลังนึกถึง ตอนที่เธอช่วยเปิดฝา ขวดโหล เธอจำได้รึเปล่า?$h#$e#แล้วเราก็ได้ สนิทกันมากขึ้น ตั้งแต่ตอนนั้น$l"
}
