{
  "Rainy_Day_0": "อยากรู้จังว่า เพนนี กำลังทำอะไรอยู่น่ะ? ไว้เดี๋ยววันนี้ ฉันโทรหาเพนนีดูดีกว่า",
  "Rainy_Day_1": "ฉันแค่กำลังวาดฝันน่ะ... เธอคิดว่า MarILDA จะโอเคไหม? ฉันหวังว่า MarILDA จะค้นพบ สถานที่ของตัวเองได้นะ...",
  "Rainy_Day_2": "ไง! เมื่อคืนนี้ ฉันนอนไม่ค่อยหลับเลย ฉันก็เลยหาอะไรทำเล่นๆ ในห้องทำงาน ของฉันพักนึงล่ะ นี่ ฉันทำมาให้เธอล่ะ [688 369 338 325 287]#$e#หวังว่าเธอจะได้ใช้มันนะ",
  "Rainy_Day_3": "สิ่งเดียวที่ฉัน ไม่ชอบเวลาฝนตก ก็คือฉันดูดาวไม่ได้เลย!",
  "Rainy_Day_4": "เธอได้ยิน เสียงหลังคารั่วรึเปล่า? เดี๋ยวฉันจะลองไปเช็กดู ฉันเรียนรู้งานช่าง 2-3 อย่าง จากตอนที่ดูแม่ทำน่ะ",
  "Rainy_Night_0": "ต้องแน่ใจนะ ว่าเธอไม่วางเครื่องมือทิ้งไว้ ตากฝนข้างนอกน่ะ! ถ้าไม่อยากให้มันขึ้นสนิม",
  "patio_Maru": "ฉันไม่แน่ใจว่า เจ้านี่มันจะเป็นอะไร แต่... แต่มันก็สนุกดีนะ ที่จะได้เปลี่ยนประแจเก่าๆ บ้าง",
  "Rainy_Night_1": "สวัสดี @ วันนี้เธอเป็นยังไง... เปียกไหม?#$e#อากาศแบบนี้ ช่วยให้ฉันมีไอเดีย ไว้สร้างสิ่งประดิษฐ์... บางทีถ้าฉันทำรางน้ำฝน มันจะเปลี่ยนเป็นพลังงาน ให้โรงสีได้รึเปล่านะ?",
  "Rainy_Night_2": "พ่อติดตามสภาพอากาศ มาตั้ง 20 ปีเลยนะ#$e#มันอาจจะเร็วไปหน่อย ถ้าจะให้พูดออกมา แต่ผลลัพธ์ที่ออกมา เปิดเผยให้เห็นถึงแนวโน้ม บางอย่างที่ผิดปกติ",
  "Rainy_Night_3": "คืนนี้ เรากินสปาเกตตี้ บนเตียงกันไหม",
  "Rainy_Night_4": "ฉันทำของหวานล่ะ! กินแล้วอย่าลืมแปรงฟัน ก่อนนอนล่ะ [232 234 223 220]$h",
  "Rainy_Night_5": "วันนี้ไม่มีอะไร น่าตื่นเต้นเลย... เพราะอากาศแบบนี้ ฉันเลยอยู่แต่ในบ้าน#$e#แต่ก็ถือว่าได้พักผ่อนนะ ได้อ่าน 'แผนผังวงจร รายสัปดาห์' ฉบับล่าสุดด้วยล่ะ",
  "Indoor_Day_0": "หืมม? ขอโทษที บางทีฉันก็จมอยู่กับความคิด จนลืมตัวว่ากำลังทำอะไรอยู่",
  "Indoor_Day_1": "ฉันเจอเจ้านี่ อยู่ในกองเศษอะไหล่น่ะ คิดว่าเธออาจจะเอามันไปใช้ ทำอะไรได้บ้าง? [286 287 205 732]",
  "Indoor_Day_2": "ในที่สุด เธอก็ตื่นสักที! ฉันหิวมากๆ เลย... *เสียงท้องร้อง*$h",
  "Indoor_Day_3": "หนึ่งในสิ่งที่ดีที่สุด ในการอาศัยอยู่ในฟาร์ม ก็คือ ได้ตื่นขึ้นพร้อมกับ เพลงประสานเสียง ของเหล่านกน้อย",
  "Indoor_Day_4": "เธอทำยังไงให้มือนุ่มได้ ทั้งๆ ที่ต้อง ทำงานในฟาร์มทั้งหมดเหรอ?",
  "Indoor_Night_0": "เธอเห็นดวงจันทร์ ในค่ำคืนนี้รึยัง? มันดูน่าประทับใจ เสมอเลยล่ะ บนขอบฟ้านั่น...",
  "Indoor_Night_1": "ก่อนหน้านี้ ฉันเห็นดาวตกด้วยล่ะ ฉันจะสมมุติว่านั่นคือ MarILDA ที่แวะมาดูพวกเรา ว่าเป็นยังไงบ้าง$h",
  "Indoor_Night_2": "ฉันตัดสินใจไม่ได้ว่า ฉันอยากกินเค้กช็อกโกแลต หรือสตรอว์เบอร์รีสุกฉ่ำกันแน่ หรืออาจจะทั้งคู่...?#$e#ถามตรงๆ นะ... ฉันอ้วนขึ้นรึเปล่า?$s",
  "Indoor_Night_3": "วันนี้เธอทำได้ดีมากเลย! เธอสมควรที่จะ ได้พักผ่อนให้เต็มที่ ในค่ำคืนนี้แล้ว",
  "Indoor_Night_4": "ฉันเริ่มจะหลงรัก บ้านเก่าๆ หลังนี้เข้าจริงๆ แล้วล่ะ มันช่างแสนอบอุ่น เมื่อถึงตอนกลางคืน#$e#แม่ทำได้ยอดเยี่ยมมาก ในการปรับปรุงที่นี่$h",
  "Outdoor_0": "อา... กลิ่นของฟาร์ม นี่ช่างดีจริงๆ มันทำให้ฉันนึกถึง ภูเขาที่อยู่ใกล้ๆ กับบ้านพ่อแม่ฉัน",
  "Outdoor_1": "ด้วยการวางแผน เพียงเล็กน้อย พวกเราจะสามารถ จัดการงานฟาร์มส่วนใหญ่ ให้เป็นแบบอัตโนมัติ แล้วก็พักสบายๆ!",
  "Outdoor_2": "คืนนี้ฟ้าโปร่งแน่เลย สงสัยจังว่าจะเห็น กลุ่มดาว%noun ไหม",
  "Outdoor_3": "ไม่ต้องกังวลนะ ฉันไม่ว่าอะไรหรอก ถ้าเธอเหยียบโคลน ติดเข้ามาในบ้าน มันก็สนุกดีนะ ที่เปื้อนบ้างอะไรบ้าง",
  "Outdoor_4": "ฉันไม่เคยรู้มาก่อนเลยว่า ความเอาใจใส่ และการวางแผน เป็นสิ่งจำเป็นในการทำฟาร์ม! มันแทบจะเหมือนกับ การทำงานในห้องทดลองเลย",
  "OneKid_0": "วันนี้เธอได้ใช้เวลากับ %kid1 บ้างรึเปล่า? เด็กๆ ต้องการเวลาเล่นสนุก เพื่อที่พวกเขาจะได้ แสดงศักยภาพอย่างเต็มที่",
  "OneKid_1": "เธอคิดว่า... %kid1 จะโตมาเป็นชาวไร่? หรือเป็นวิศวกร?",
  "OneKid_3": "ฉันตั้งความหวังกับลูกเรา ไว้สูงเลยล่ะ ฉันอ่านข้อมูล ทางวิทยาศาสตร์ทั้งหมด เพื่อเลี้ยงพวกเขา ในแบบที่ดีที่สุด",
  "TwoKids_3": "ฉันมีห้องทำงานของตัวเอง มีลูกที่น่ารักสองคน และที่ดินผืนสวย ชีวิตนี่ช่างดีจริงๆ",
  "Good_1": "ตอนนี้พวกเรา ก็อยู่ด้วยกันแล้ว มันเลยเป็นเรื่องยาก ที่ต้องจินตนาการ ถึงการอยู่คนเดียวอีกครั้ง",
  "Good_2": "พักเหนื่อยเหรอ? เยี่ยมเลย!",
  "Good_3": "มีกลยุทธ์มากมาย ที่จะใช้วางแผน และบริหารฟาร์มเลยนะ นี่มันต้องใช้ความคิด และสติปัญญา มากกว่าที่ฉันเคยคิดไว้ซะอีก!",
  "Good_4": "เมื่อนานมาแล้ว ฉันเคยคิดจะสร้าง หุ่นยนต์สามีด้วยนะ แต่เธอสนุกกว่าหุ่นยนต์แบบนั้น เยอะเลย!$h^เมื่อนานมาแล้ว ฉันเคยคิดจะสร้าง หุ่นยนต์ภรรยาด้วยนะ แต่เธอสนุกกว่าหุ่นยนต์แบบนั้น เยอะเลย!$h",
  "Good_5": "ฉันแค่กำลังชื่นชม ของขวัญแต่งงานของฉันอยู่... เปลือกหอยที่งดงาม ไร้ที่ติแบบนี้ นี่เป็นตัวอย่าง ที่หาได้ยากยิ่ง เลยทีเดียว!$l",
  "Good_6": "เมื่อคืน ฉันฝันว่าได้มอง ผ่านกล้องดูดาวขนาดมหึมา ฉันได้เห็นบางอย่าง เคลื่อนที่อยู่ในเนบิวลา%noun เป็นความฝันที่น่ากลัวมาก",
  "Neutral_0": "ฉันหวังว่าเธอจะยังชอบฉัน ถึงแม้ว่าฉันจะอ้วนขึ้นนะ",
  "Neutral_8": "วันนี้ ฉันไม่มีแรงบันดาลใจเลย$s",
  "funLeave_Maru": "ฉันคิดว่า วันนี้ฉันจะไปเยี่ยม พ่อกับแม่สักหน่อย ไม่ได้เจอพวกเขา มาพักใหญ่แล้ว",
  "funReturn_Maru": "พ่อกับแม่สบายดี ชีวิตประจำวันของพวกเขา ยังคงเหมือนเดิม ถึงแม้ว่าฉันจะย้ายออกมาแล้ว แล้ววันนี้เธอเป็นยังไงบ้าง?",
  "spring_2": "แล้วปีนี้ เธอมีแผนจะเพิ่มผลผลิต ในฟาร์มยังไงบ้างเหรอ?",
  "spring_1": "มันมหัศจรรย์มากเลยนะ เมื่อได้เห็นพืชและสัตว์ทั้งหมด กลับมามีชีวิตชีวาอีกครั้ง ในฤดูใบไม้ผลิ",
  "spring_22": "ถ้าพี่ชายของฉัน ไม่เอาแต่ทำตัวเป็น ฤๅษี ฉันก็คงชวนเขา มาทานมื้อเย็นบ้าง",
  "summer_20": "ฉันสงสัยว่าพี่ชายฉัน เคยมีความกล้า ที่จะขออบิเกล ออกเดทหรือเปล่า?",
  "summer_2": "ฉันชอบเก็บสะสม แมลงต่างๆ ที่ฉันเจอในฤดูร้อน",
  "fall_1": "ในทุกๆ ฤดูกาล ท้องฟ้าในยามกลางคืน จะส่วนใหม่ที่โดดเด่นขึ้นมา ชวนให้เป็นที่น่าหลงใหล แก่ผู้ที่ได้พบเห็น",
  "fall_25": "ฤดูหนาว แผ่ปกคลุมไปทุกที่ เราต้องไปเช็กระบบ ฮีทเตอร์ซ้ำอีกครั้ง ปิดวาล์ว และเช็กฉนวนกันความร้อน ทั้งหมดในบ้าน#$e#ไม่ต้องห่วงนะ ที่รัก ฉันจะจัดการทั้งหมดนี้เอง",
  "fall_3": "ฤดูใบไม้ร่วง ทำให้ฉันนึกถึง ตอนที่ออกไปตัดไม้ ข้างนอกกับแม่... ราวกับจะได้กลิ่น ของไม้และยางไม้สดๆ ปนมาด้วยเลยล่ะ",
  "winter_15": "ฤดูหนาว ดูเหมือนจะหนาวน้อยลงทุกทีๆ น่ากังวลจัง",
  "winter_5": "ฉันหวังว่าพ่อจะสบายดีนะ... เขาอาจจะรู้สึกหดหู่ ในฤดูหนาว เพราะโอกาสที่จะไป วิจัยภาคสนามของเขา จะลดลง",
  "winter_2": "แล้ว เธอวางแผนหารายรับ สำหรับช่วงฤดูหนาวนี้ ไว้แล้วรึยังเหรอ?#$e#เธออาจจะไปตกปลา หรือหาของป่า...#$e#ถ้าเธอจะไปทำเหมือง ต้องสัญญากับฉันนะ ว่าเธอจะระวังตัว",
  "spring_Maru": "ฉันรู้สึกตื่นเต้น กับการทำฟาร์ม ในปีใหม่นี้ล่ะ @!$h",
  "summer_Maru": "เย็นนี้อากาศอุ่นดีจัง มันเป็นช่วงเวลา ที่ดีที่สุดของปี ในการดูดาวเลยล่ะ ใครจะรู้ว่าจะมีอะไร อยู่บนนั้นบ้าง?",
  "fall_Maru": "ชีวิตในฟาร์มนั้นเยี่ยมมาก แต่ฉันก็ดีใจ ที่ยังได้ทำงานในคลินิกอยู่... มันเป็นบริการ ที่จำเป็นมาก สำหรับชุมชน",
  "winter_Maru": "ฉันตั้งตาคอย ที่จะได้กินพายรูบาร์บ ฤดูใบไม้ผลิแล้วนะเนี่ย โอ้... กลิ่นนั่น ความอร่อยนั่น!",
  "spouseRoom_Maru": "#$c .5#ฉันตื่นแต่เช้า เพื่อมาดูดาวนิดหน่อย#$e#หวังว่าเธอจะไม่ว่าอะไร ถ้าวันนี้ฉันใช้เวลา กับโปรเจกต์ของฉันบ้างน่ะ"
}
