{
  "Rainy_Day_0": "มีที่กว้างขนาดนี้ ฉันสามารถฝึกแบบทั่วร่างกาย ได้สบายๆ เลยนะเนี่ย",
  "Rainy_Day_1": "ฉันไม่เคยมีเพื่อน เยอะขนาดนี้มาก่อนเลย... บางครั้งฉันก็คิดนะ ว่าถ้าเธอไม่ได้ย้ายมาที่นี่ ชีวิตของฉันจะจบลงแบบไหน?$9",
  "Rainy_Day_2": "เฮ้อ... ฉันกะว่าจะออกไปวิ่งจ๊อกกิ้ง ข้างนอกสักหน่อย แต่อากาศเป็นแบบนี้ คงออกไปไหนไม่ได้แล้วล่ะ",
  "Rainy_Day_3": "*โครกก* เพิ่งตื่นก็รู้สึกว่า ร่างกายต้องการโปรตีนซะแล้ว...$9",
  "Rainy_Day_4": "ฉันคิดว่า ฉันควรจะเริ่มหาหนังสือ มาอ่านดูบ้าง แต่งงานแล้วทั้งที ก็ไม่อยากอยู่บ้านเฉยๆ โดยไม่ทำอะไรเลยน่ะสิ!",
  "patio_Alex": "ฮึ้บ... หนึ่ง... ฮึ้บบ... สอง... ได้ยกน้ำหนัก ข้างนอกแบบนี้ มันดีชะมัดเลยแฮะ!$6",
  "Rainy_Night_0": "เฮ้ วันนี้ของเธอเป็นวันที่ดีรึเปล่า? ฉันมั่นใจเลยล่ะ ว่าพรุ่งนี้จะต้องดีขึ้นกว่านี้อีกแน่ๆ$h",
  "Rainy_Night_1": "ไง เป็นไงบ้าง? ส่วนฉันก็ถือ เจ้าลูกกริดบอลคู่ใจ ไปด้วยทั้งวันเลยอะ สมมุติว่าได้เป็นโปรน่ะ...$u",
  "Rainy_Night_2": "โอ๊ะ กลิ่นนี้เหรอ? ฉันกินแต่กระเทียมทั้งวันเลย ก็อยากทำตัวเอง ให้ดูสมชายแบบนี้น่ะ... โทษที$l",
  "Rainy_Night_3": "ฉันเก็บเศษอาหาร ไว้ให้เจ้าดัสตี้นิดหน่อยน่ะ มันควรจะได้รับการดูแลทั้งตอนนี้ แต่ต่อๆ ไป",
  "Rainy_Night_4": "ฉันหิวน่ะ ก็เลยทำอาหารเย็นกิน เอานี่ ฉันทำเผื่อเธอด้วยนะ [241 242 225 214 198]$h",
  "Indoor_Day_0": "อาา... จะมีอะไรดีไปกว่า การได้นอนข้างๆ สามีของฉัน!$h^อาา... จะมีอะไรดีไปกว่า การได้นอนข้างๆ ภรรยาของฉัน!$h",
  "Indoor_Day_1": "นี่ ที่รัก! ฉันทำข้าวเช้าร้อนๆ ไว้ให้[195 210 211]#$e#ถ้าเธออยากแข็งแรง เธอก็ต้องกินเยอะๆ ให้สมกับที่พูดว่าอยากนะ!",
  "Indoor_Day_2": "มานี่ซิ *บีบๆ* ... หืมม เพราะว่างานในฟาร์ม มันหนักรึเปล่านะ เธอเฟิร์มขึ้นนะเนี่ย",
  "Indoor_Day_3": "ฉันพยายามทำตัวให้ชิน กับการทำอาหารและซักผ้า... ก็ไม่ได้ชอบสักเท่าไรหรอก แต่มันก็เป็นสิ่งที่ฉันควรทำ หลังจากเราแต่งงานกันนี่นา$h",
  "Indoor_Day_4": "มีของรอบๆ บ้าน ที่ฉันคิดว่า จะลองซ่อมแซมดูสักหน่อย ไม่ต้องห่วงนะ ฉันไม่เบื่อหรอก",
  "Indoor_Night_0": "เวลาได้ลงแรงทำอะไร อย่างสุดความสามารถ มันดีเนอะว่าไหม? เพราะเธอจะรู้สึกว่า เตียงนุ่มๆ ที่รออยู่ ณ ตอนสิ้นสุดของวัน คือรางวัลที่หามาจาก ความทุ่มเทของเธอเอง ยังไงล่ะ",
  "Indoor_Night_1": "นี่เธอได้ไปตัดผม หรือทำอะไรมารึเปล่า ทำไมวันนี้ดูดีจัง หรืออาจจะแค่เพราะว่า อากาศวันนี้มันสดชื่นก็ได้...$l",
  "Indoor_Night_2": "ลองเล่าเรื่องที่เจอ ในวันนี้ให้ฉันฟังดูสิ มันอาจจะทำให้ เธอรู้สึกเหมือน ยกภูเขาออกจากอก เลยก็ได้นะ",
  "Indoor_Night_3": "เฮ้... ฉันเพิ่งได้กางเกงใหม่ มาหลายตัวเลย คิดว่าเธอน่าจะสนใจนะ...$l",
  "Indoor_Night_4": "ถ้าเกิดมีช่วงไหนที่เธอ ต้องการอยู่เงียบๆ กับตัวเอง ก็บอกฉันได้ ฉันเข้าใจนะ",
  "Outdoor_0": "เฮ้ พอมายืนอยู่ตรงนี้ แล้วมองดูผืนดินของเรา... ฉันก็รู้สึกภูมิใจเป็นบ้าเลย สิ่งที่เธอทำน่ะ มันสุดยอดมากๆ",
  "Outdoor_1": "ที่นี่เป็นสถานที่ ที่เหมาะจะเลี้ยงลูก ของเราเลยล่ะ ถ้าเป็นฉันก็คงจะชอบที่ จะได้เติบโตในสถานที่แบบนี้ ห้องก็มีเยอะพอที่จะให้ วิ่งเล่นรอบๆ ไปทั่วด้วย!",
  "Outdoor_2": "ฉันชอบที่จะได้ใช้เวลา ในการอยู่ข้างนอก ให้ได้มากที่สุด ก็นะ มันรู้สึกดีกว่าเอาแต่ อุดอู้ไม่ออกไปไหนน่ะ",
  "Outdoor_3": "ดูเราสิ ฟาร์มเล็กๆ ของเรานี่ก็ด้วย เราสองคนเนี่ย เป็นคู่ที่น่าาารักสุดๆ$h^เฮ้ บางทีอาจจะเป็นเพราะ แสงอาทิตย์ยามเย็น แต่ฉันว่า..วันนี้เธอสวยมาก เลยนะ$l",
  "Outdoor_4": "อาา... ได้ออกมาข้างนอก แล้วดีจังเลย สตาร์ดิวแวลลีย์เนี่ย สวยที่สุดแล้วจริงๆ น้า...",
  "OneKid_0": "ฉันยังต้องทำความคุ้นเคย กับชีวิตแบบใหม่ที่ต้องผันตัว มาเป็นพ่อบ้านล่ะนะ$h",
  "OneKid_1": "เจ้า %kid1 ตัวน้อย จะต้องโตมา แข็งแรงเหมือน ปะป๊าแน่ๆ",
  "OneKid_3": "การตั้งท้องเนี่ย มันจะรู้สึกยังไงกันนะ...?$h",
  "TwoKids_2": "บางที %kid2 อาจจะเป็น นักกีฬากริดบอลมืออาชีพ คนแรกของเมืองเพลิแกน ก็ได้นะ?$h",
  "TwoKids_3": "ในที่สุดฉันก็ได้มีชีวิตครอบครัว ที่โหยหามาตลอด ตั้งแต่เด็กสักที ขอบคุณนะ$l",
  "Good_0": "@... ฉันจะรักเธอ ตลอดไปเลย$l",
  "Good_1": "รู้ไหมว่าเธอหล่อมากนะ... ฉันเคยบอกให้ฟังบ้างรึเปล่า?$l^เธอช่างสวยเหลือเกิน... ฉันเคยบอกให้ฟังบ้างรึเปล่า?$l",
  "Good_6": "ฉันรู้ว่าเธอเก่ง แต่บางทีก็กลัวว่า จะถูกพวกสไลม์กินเข้าสักวัน หรือไม่ก็แย่กว่านั้นไง... ยังไงก็ระวังตัวหน่อยนะ$9",
  "funLeave_Alex": "วันนี้ฉันจะเข้าไปในเมือง แล้วเจอกันคืนนี้นะ",
  "funReturn_Alex": "วันนี้ก็เป็นอีกวันที่ดีนะ พอได้แวะไปหา คุณตากับคุณยายเป็นประจำ ก็ได้เห็นว่าพวกท่านเองก็เริ่ม แก่ตัวลงเรื่อยๆ เลย",
  "spring_1": "ในที่สุด หิมะก็ละลายไปสักที แสงอาทิตย์สาดส่องมาอีกครั้ง ตอนนี้ร่างกายของฉัน รู้สึกดีมากๆ เลย$h",
  "spring_6": "สงสัยจัง ว่าผงสตาร์ดรอปจะช่วยให้ ตัวล่ำบึ้กขึ้นได้ไหมนะ...",
  "spring_12": "เธอตื่นเต้นกับงานเทศกาล พรุ่งนี้รึเปล่า? ฉันว่าคงจะดีน่าดู ถ้าได้ไปเก็บไข่ฟรี กลับมาเยอะๆ",
  "spring_23": "โอ๊ะ... พรุ่งนี้เป็นวัน งานระบำดอกไม้นี่ ใช่ไหม? ดูเหมือนคืนนี้ต้องวิดพื้น ให้ฟิตซะหน่อยแล้ว$9#$e#ก็ชุดรัดรูปพวกนั้น มันรัดติ้วเลย... คนดูเค้าจับตาดูเรา มากนะจะบอกให้",
  "summer_1": "ฤดูร้อนเป็นช่วงที่สดใส ที่สุดของปีเลยนะ มันทำให้ร่างกาย กระปรี้กระเปร่าสุดๆ เอาซะอยากไป ออกกำลังกายซะเดี๋ยวนี้ เลยจริงๆ",
  "summer_10": "เธอคิดจะใส่อะไร ลงในหม้อซุปลัวร์อะ?#$e#หน้าอย่างฉัน จะไปรู้อะไรล่ะ... เชฟว่าไง ผมว่าตามครับ!$h",
  "summer_27": "อ๋อย... จะหมดฤดูร้อนแล้วอ่า กล้ามเนื้อของฉัน ก็จะสลายหายไปตามกัน สินะ...$s",
  "fall_1": "อืม... หมดฤดูร้อนแล้ว... แต่ฉันก็คิดนะ ว่าฤดูที่อบอุ่นกว่าเดิม จะต้องย้อนกลับมา หาเราใหม่อีกครั้งเสมอ",
  "fall_15": "พรุ่งนี้มีงานเทศกาลนะ เราไปด้วยกันดีไหม?#$e#จริงๆ ก็ไม่ได้สนหรอก ฉันยังไงก็ได้",
  "fall_26": "หวังว่าคุณตากับคุณยาย จะสบายดีนะ กว่าตาจะยอมเปิดเตาผิงใช้สักที เขาขี้เหนียว จนนาทีสุดท้ายเลยล่ะ",
  "winter_1": "ต้องคอยดูแลร่างกาย ให้อบอุ่นในช่วงหน้าหนาวนี้นะ ฉันล่ะห่วงผิวอันบอบบาง ของเธอซะจริงๆ เลย",
  "winter_7": "เธอก็ลงแข่งขันตกปลา วันพรุ่งนี้ด้วยเหรอ? ฉันว่าเธอต้องชนะได้แน่!",
  "winter_28": "เป็นปีที่ดีมากเลยเนอะ @ ฉันตั้งตารอให้ปีหน้า มาถึงจะแย่แล้วเนี่ย! ไหน ทีนี้เธอก็ขยับเข้ามาใกล้ๆ เลยมา...$l"
}
