{
  "Mon": "พยายามต่อไป เจ้าหนู ฉันว่าเธอจะโด่งดังได้#$e#ถามได้นะ ถ้าต้องการอะไร",
  "Tue": "ฉันรู้ว่าสักวันหนึ่ง เธอต้องมาถึงที่นี่จนได้ แน่นอนอยู่แล้ว ฉันทำให้มัน ยากขึ้นกว่าเดิมนิดหน่อย เธอจะได้มีแรงจูงใจ เพื่อมุ่งสู่ความเป็นเลิศ",
  "Wed": "ตอนแรกฉันก็เกิดมา เป็นแค่เด็กธรรมดานี่แหละ แต่ฉันตัดสินใจได้ ตั้งแต่ตอนอายุยังน้อย ว่าฉันจะเป็นคนพิเศษให้ได้",
  "Thu": "เฮ้ อย่าบอกใครเกี่ยวกับที่นี่นะ โอเคไหม? ฉันอยากให้มัน... พิเศษ#$e#เธอจะเก็บความลับ ให้เพื่อนเธอ Mr.Qi ใช่ไหม?",
  "Fri": "อย่าหยุดที่จะหา ความสมบูรณ์แบบ#$e#อย่าได้หยุด ถ้าทุกอย่างที่เธอทำ ยังไม่เป็นเลิศ",
  "Sat": "ถ้าอยากจะพักผ่อนสบายๆ ก็แวะมาล่ะ",
  "Sun": "ตั้งใจต่อไป แล้วสักวัน เธออาจจะได้เป็นอย่างฉัน",
  "married": "ช่างเป็นงานแต่งงาน เลิศเลอจริงๆ นะ @#$b#...อะไรนะ? เธอไม่เห็นฉันที่งานเหรอ?#$b#ฮ่าฮ่าฮ่า... เจ้าหนู... เธอซ่อนความลับ จาก Mr.Qi ไม่ได้หรอก",
  "QiNutRoom_Mon": "โลกนี้มีอะไร มากกว่าที่ตาเห็นนะ เจ้าหนู วันหนึ่งเธออาจจะเข้าใจ#$b#สำหรับตอนนี้ แค่ตั้งใจมุ่งสู่ความเป็นเลิศ ในทุกอย่างที่ทำแล้วกัน",
  "QiNutRoom_Tue": "ฉันมีวันนี้ได้ ด้วยแรงใจล้วนๆ เลย เจ้าหนู#$b#คืองี้นะ... จิตใจเนี่ย เป็นเครื่องมือที่ทรงพลัง#$b#ที่จริงแล้ว มันเป็นเครื่องมือที่ทรงพลังที่สุด ทั้งในโลกแห่งความเป็นจริง... และที่อยู่เหนือจินตนาการ",
  "QiNutRoom_Wed": "ฉันประทับใจ ในความดื้อรั้นของเธอนะ เจ้าหนู... มันต้องใช้วอลนัท ไม่ใช่น้อยเลย กว่าจะมาไกลขนาดนี้ได้",
  "QiNutRoom_Thu": "ไม่ว่าเธอจะไปไหน... จะมีฉันอยู่หลังม่าน คอยทำให้โชว์ มันน่าสนใจเสมอ ฮ่าฮ่าฮ่า...#$b#หรือว่า... ไม่ใช่ฉันเหรอ?",
  "QiNutRoom_Fri": "จงมองไปยังดวงดาว ที่ไกลที่สุด และให้มันเป็นเป้าหมายของเธอ#$b#มันเป็นไปได้เสมอ ที่จะก้าวไปได้หนึ่งก้าว ไกลกว่าที่เธอเคยคิดว่าจะทำได้",
  "QiNutRoom_Sat": "บางสิ่งก็ข้ามผ่าน กาลเวลาและห้วงอวกาศนะ เจ้าหนู มันเป็นความรู้สึก ที่ไม่เหมือนสิ่งใดอยู่ในอก... เป็นเสียงกระซิบ ของสิ่งที่อยู่ไกลโพ้นออกไป",
  "QiNutRoom_Sun": "ซ้ายมือเธอ เธอจะเจอกระดาน ที่มีบททดสอบพิเศษ ของฉันอยู่... ออกแบบมาเพื่อเธอ โดยเฉพาะเลยล่ะ เจ้าหนู#$b#ทางขวามือ เป็นของรางวัลยิ่งใหญ่ สำหรับคนที่ผ่าน บททดสอบของฉันได้...#$b#จงโชคดีล่ะ เจ้าหนู"
}
