{
  "Introduction": "โอ้... สวัสดี! ฉันเพนนีค่ะ...",
  "AcceptBirthdayGift_Loved": "โอ้! ให้ฉันเหรอคะ? สำหรับ... สำหรับวันเกิดฉันเหรอ?$3#$b#*สูดน้ำมูก*... ขอโทษค่ะ$s#$b#ฉัน... แค่ไม่ชินกับความใจดีแบบนี้ ...#$b#... แต่ฉันชอบมันมากเลย มันไร้ที่ติ ขอบคุณมากเลยนะ",
  "AcceptBirthdayGift_Positive": "สำหรับวันเกิดฉันเหรอ? คุณใจดีจังเลยค่ะ! เป็นของขวัญที่เยี่ยมมาก$h",
  "AcceptBirthdayGift_Negative": "สำหรับวันเกิดฉันเหรอ? คุณใจดีจังเลยค่ะ! ให้ฉันแกะดูก่อนนะ...$h#$b#...อะไรน่ะ!?$12#$b#...อ้อ อย่างนี้เองสินะคะ เป็นตลกร้ายสินะ$s#$b#ฉันนี่บื้อจัง น่าจะรู้อะไรๆ ดีกว่านี้...$s",
  "FlowerDance_Accept": "โอ้... กับฉันเหรอ? ได้แน่นอนสิคะ!$h#$b#...แต่คุณช่วยเต้นนำ ให้หน่อยได้ไหม? ฉันประหม่าน่ะ...$12",
  "eventSeen_35_memory_oneweek": "$y '@ คุณคิดว่ายังไง... คนเราควรจะได้รับการตัดสิน จากการกระทำ หรือจากเจตนาคะ?_การกระทำ_อืมม... แต่ไม่ใช่ว่าเราทุกคน ก็ทำพลาดกัน ได้ทั้งนั้นเหรอ?$s_เจตนา_อ่า อืม... แล้วถ้าคุณเจตนาดี แต่การกระทำของคุณ ส่งผลร้ายล่ะ?$s_ทั้งสองอย่าง_จริงนะ... ฉันเดาว่าไม่ต้องเป็น จากแค่อันใดอันหนึ่งหรอก แต่มันอาจจะขึ้นอยู่กับ สถานการณ์ด้วย'#$b#ฉันแค่สงสัยว่าคุณคิดยังไงน่ะ...",
  "AcceptGift_(O)StardropTea": "อืมม... หอมจังเลย ฉันจะต้องชอบมันมากแน่เลยค่ะ",
  "AcceptGift_ancient_item": "ว้าว... นี่ดูเก่าแก่มากๆ เลย ฉันต้องเอาไปถามกันเธอร์แล้วล่ะ ขอบคุณ!$h",
  "AcceptGift_book_item": "ขอบคุณ! หนังสือเล่มที่ฉันอ่านเกือบจะจบแล้วละ แต่ฉันจะอ่านเล่มนี้ เป็นเล่มต่อไปนะ!$h",
  "eventSeen_34_memory_oneweek": "ช่วงนี้ฉันสอนเรื่อง โบราณคดีคนแคระ ให้แจสกับวินเซนท์ละ...#$b#แจสสงสัยเรื่องแหล่งกำเนิด ของพวกคนแคระ... แต่วินเซนท์กลับสนใจเรื่องอาวุธ ของพวกคนแคระ เป็นส่วนใหญ่มากกว่า!$h",
  "eventSeen_34_memory_twoweeks": "วินเซนท์ถามฉันเกี่ยวกับทาก มาหลายสัปดาห์แล้ว... ฉันเลยเตรียมบทเรียน มาให้เขาทั้งบทเลย จริงๆ แล้วพวกทาก น่าสนใจใช้ย่อยเลยนะ!#$e#ทุกครั้งที่ฉันเห็นทากกล้วยหอม ฉันรู้สึกเหมือนมันเป็นสัญลักษณ์ ของความโชคดีละ",
  "eventSeen_34_memory_fourweeks": "สัปดาห์นี้ฉันจะสอนเด็กๆ เรื่องประวัติศาสตร์ศิลปะค่ะ#$b#มันอาจจะน่าเบื่อ ไปสักหน่อยสำหรับเด็ก ฉันเลยจะให้พวกเขาเรียน โดยการวาดรูปในสไตล์ที่เด่นๆ ของแต่ละศตวรรษ#$b#เด็กๆ ก็ดูชอบกันดีนะ!$h",
  "eventSeen_36_memory_oneweek": "อ้อ ไม่ต้องสนใจผ้าผันแผล บนมือของฉันนี่หรอกนะ...$s#$b#วันก่อนฉันไปหามารุ แล้วเธอก็เอาอุปกรณ์ใหม่ ของเธอมาให้ดู แล้วอุปกรณ์นั่น มันเลยบาดมือฉันเข้า!$s",
  "eventSeen_35_memory_twoweeks": "ช่วงนี้ฉันอ่านหนังสือ เกี่ยวกับมหาสมุทรอยู่ค่ะ ทะเลเป็นพื้นที่ส่วนใหญ่ของโลก แต่พวกเรากลับ แทบไม่รู้อะไรเกี่ยวกับมันเลย!",
  "dating_Penny": "ฉัน... ฉันไม่รู้ว่าจะพูดอะไรดีเลยค่ะ ฉันมีความสุขจัง...$l",
  "dating_Penny_memory_oneday": "อยู่ดีๆ โลกก็ดูงดงามมากขึ้นมากเลย คิดว่างั้นไหมคะ?",
  "dating_Penny_memory_oneweek": "ฉันกำลังพยายาม อ่านหนังสือเล่มนี้ให้จบอยู่ แต่ฉันเอาแต่ คอยคิดถึงเธออยู่เรื่อย$l",
  "dating_Penny_memory_twoweeks": "ฉันไม่เคยคิดเลยว่าชีวิตของฉัน จะน่าตื่นเต้นกว่านิยายไปได้ แต่ตอนนี้รู้สึกแบบนั้นจริงๆ ค่ะ!$h",
  "married_Maru": "นั่นเป็นงานแต่งงาน ที่งดงามมากเลย ฉันรู้ว่ามารุจะทำให้เธอ มีความสุขอย่างมากเลยล่ะ เธอเป็นคนที่เยี่ยมมาก",
  "dating_Maru_memory_oneday": "สวัสดี @ มารุบอกข่าวฉันแล้ว... ฉันดีใจกับคุณสองคนนะ!$h",
  "Resort_Entering": "เกาะนี้สวยจังเลย!",
  "Resort_Leaving": "ฉันสนุกมากๆ เลย$h",
  "married_Sam": "ยินดีด้วยนะ @ แซมเป็นคนสนุกสนานมาก ฉันแน่ใจว่าเธอจะไม่มีช่วงที่เบื่อเลยละ!",
  "Resort_Shore": "ฉันอายนิดหน่อยนะ เวลาที่ต้องใส่ชุดว่ายน้ำ ในที่ที่มีคนเยอะๆ น่ะ$s#$b#หวังว่า คงจะไม่มีใครมองนะ...$s",
  "Resort_Shore_2": "ยังไงก็เถอะนะ น้ำที่นี่ดูต่างออกไปมากเลย...#$e#ฉันแทบไม่อยากจะเชื่อเลยว่า นี่คือท้องทะเลผืนเดียวกัน กับที่ฉันมองดูมาตลอดทั้งชีวิต",
  "Resort_Towel": "ลมพัดหน้าที่ฉันกำลังอ่านอยู่ ปลิวหายไปทุกทีเลย แต่มันก็รู้สึกดีสุดๆ ไปเลย$h",
  "Resort_Towel_2": "ฉันกำลังอ่านหนังสือ เกี่ยวกับกะลาสีคนหนึ่ง ที่ไปติดอยู่บนเกาะร้าง#$b#ฉันสงสัยจัง ว่าถ้าเป็นฉันจะทำยังไง ในสถานการณ์อย่างนั้น?",
  "Resort_Marriage_Towel_2": "นี่ ที่รัก คุณช่วยเขยิบไปทางซ้าย นิดนึงได้ไหม?#$b#ขอบคุณนะ แสงอาทิตย์ ทำให้การอ่านหนังสือ มันยากขึ้นนิดหน่อยน่ะ!$h",
  "Resort": "ทรายนี่ทั้งนุ่มและละเอียด สบายเท้าสุดๆ ไปเลยล่ะ!$h",
  "Mon": "สวัสดี...#$e#โอ้ คุณต้องการอะไรหรือเปล่า?",
  "FlowerDance_Accept_Spouse": "ตกลงค่ะ!$h#$b#*กระซิบ* ขอบคุณนะคะที่รัก ที่ทำตามพิธีรีตองน่ะ",
  "FlowerDance_Decline": "โอ๊ะ... ไม่ล่ะ ขอบคุณนะ$s",
  "breakUp": "...$s#$b#ฉ... ฉันรู้แล้... *สะอื้น* ... ร... เราคงเป็นได้แค่เพื่อนกัน สินะ$s",
  "pamHouseUpgrade": "สิ่งที่คุณได้ทำไป คือความเอื้อเฟื้อที่คุณมอบให้ กับครอบครัวของเรา ขอบคุณมากนะ!",
  "pamHouseUpgradeAnonymous": "ยังมีคนที่สุดแสนวิเศษ อยู่บนโลกใบนี้...",
  "dumped_Girls": "ฉันทนมองดูคุณไม่ได้หรอก...$s",
  "divorced": "...ขอร้องล่ะ ให้ฉันอยู่คนเดียว$s",
  "secondChance_Girls": "คุณทิ้งรอยแผลเป็น ไว้บนหัวใจฉัน @ แต่ยังไง... ฉันก็พร้อมที่จะกลับมาคุย กับคุณอีกครั้งแล้ว$s",
  "Mon4": "*ถอนหายใจ*... แม่ของฉัน น่าจะมีปัญหาแล้วล่ะ ถึงไปซาลูนบ่อยขนาดนี้$s#$q 7/8 Mon_old#แต่มันคงจะดีกว่า ที่จะไม่คิดในแง่ลบ จริงไหม?#$r 7 50 Mon_7#ถูกต้อง คิดในแง่ดีเข้าไว้นั่นแหละ ดีที่สุด!#$r 8 10 Mon_8#ฉันคิดว่า มันก็ดีนะ ที่อยู่กับความเป็นจริง",
  "Mon_old": "#$p 7#แต่ถ้าฉันพยายามต่อไป ก็น่าจะทำให้แม่ เปลี่ยนแปลงได้นะ|นั่นก็สมเหตุสมผลนะ ยังไงแล้ว ฉันก็คงจะทำอะไร เพื่อที่จะทำให้มันเปลี่ยนแปลง ไม่ได้มากนักหรอก",
  "Mon_7": "ฉันก็รู้สึกแบบนั้นล่ะ ต่อไปต้องตั้งใจ ทำอนาคตให้ดีขึ้นกว่านี้",
  "Mon_8": "ถูกของคุณ เราควรจะอยู่กับ ความเป็นจริงมากกว่า$u",
  "Mon8": "ฉันอยากย้ายออกจริงๆ มันเหนื่อยที่จะต้องคอยกังวล เรื่องแม่ตลอดเวลา#$e#ฉันก็อยากให้แม่มีความสุข แต่จะให้ฉันอยู่อย่างนี้ตลอดไป ก็ไม่ได้หรอกนะ... รู้ไหม?$s",
  "Tue": "วันนี้ฉันมีสอนหนังสือ ให้กับวินเซนท์และแจสล่ะ... อาจจะลำบากสักหน่อย แต่มันก็ถือเป็นเรื่องที่ดีนะ ที่ได้สร้างจุดเปลี่ยนในชีวิต ให้กับใครสักคน",
  "Tue4": "$d bus#ตอนนี้แม่ของฉัน ก็ได้งานขับรถเมล์กลับมาแล้ว ฉันก็น่าจะเก็บเงินได้เยอะขึ้น อะไรๆ ก็ดูเหมือนจะเริ่ม มีความหวังหน่อยๆ แล้วล่ะ|ฉันพยายามเก็บเงิน จากการสอนหนังสืออยู่น่ะ แต่มันลำบากมากเลย เพราะแม่ฉันว่างงาน$s",
  "Tue10": "อืม @? ฟาร์มน่ะ เป็นที่ที่ดีสำหรับเด็กนะ คุณว่าไหม?$l#$e#ฉันคิดว่ามันเป็นแบบนั้นนะ$l",
  "Wed": "พวกเราไม่มีโรงเรียนที่นี่ แต่ฉันจะทำมันให้ดีที่สุด เพื่อให้วินเซนท์และแจส มีการศึกษาที่เหมาะสม#$e#เด็กๆ ควรจะได้รับโอกาส ที่จะประสบความสำเร็จ#$e#แจสเก่งคณิตศาสตร์ และการอ่านมาก ส่วนวินเซนท์เก่งด้าน... เอ่อ จินตนาการเชิงรุก!",
  "GreenRain": "คุณโอเคไหม? พวกเราต่างกำลังสงสัยกันอยู่ ว่าเกิดอะไรขึ้น...$3",
  "GreenRain_2": "สภาพอากาศที่แปลกไป นี่เป็นโอกาสที่ดี ในการทำให้เด็กๆ สนใจในธรรมชาติล่ะ!$h",
  "Wed2": "คุณรู้อะไรไหม? ฉันคิดไว้ว่าจะพาเด็กๆ ไปทัศนศึกษาสักหน่อย อาจจะไปพาไปที่ป่าน่ะ#$e#ถ้ามีวิทยากรด้วยคงจะดี... อาจจะเป็นใครสักคน ที่คุ้นเคยกับธรรมชาติ?#$e#อ๊ะ! ขอโทษนะ ฉันคิดดังไปหน่อยน่ะ",
  "Wed4": "ฉันอาศัยอยู่ในเมืองเพลิแกน มาตลอดทั้งชีวิตเลยนะ คุณเชื่อฉันไหม?#$e#ฉันเดาได้เลยว่า ข้างนอกนั่นต้องมีสิ่ง ที่ฉันไม่เคยสัมผัสมาก่อน",
  "Thu": "ฉันว่าเราโชคดีมากนะ ที่มีห้องสมุดในเมืองเล็กๆ แบบนี้#$e#การอ่านหนังสือบางครั้ง ก็ทำให้คุณลืมความเป็นจริง ที่กำลังเผชิญอยู่ ได้เหมือนกัน$u#$e#...นี่ล่ะมั้ง คือเหตุผลที่ฉันชอบ อ่านหนังสือน่ะ$s#$e#...ขอโทษนะ ฉันลืมตัวทุกทีเลย",
  "Thu6": "ฉันอยากมีสวน เป็นของตัวเองจัง แต่ลานหน้าบ้านของเรานั้น ไม่เข้าท่าเอาซะเลย$u#$e#ฉันคิดไว้ว่าสักวัน ฉันจะไปอยู่ในที่ ที่ฉันสามารถทำสวนได้ล่ะ#$e#บางที ฉันอาจจะอยู่ในฟาร์มก็ได้นะ! *หัวเราะคิกคัก*$h",
  "Fri": "ถ้าคุณขุดดินดูละก็ คุณจะได้เจอสิ่งของ ที่น่าสนใจด้วยนะ#$e#มีครั้งหนึ่ง ฉันเจอเครื่องปั้นดินเผาชิ้นหนึ่ง ฉันเอามันไปให้กันเธอร์ แล้วเขาก็บอกว่า มันมีอายุมากกว่าพันปี",
  "Fri8": "ฉันไม่ควรบ่นเรื่องงานบ้านบ่อยๆ เลย... คนบางคนบนโลกนี้ กำลังลำบากจริงๆ อยู่ และฉันก็เอาแต่บ่น เรื่องต้องล้างจานอยู่ตรงนี้...$s",
  "Fri4": "จาน จาน แล้วก็จาน เฮ้อ... ถ้าแม่ไม่เอาแต่เมาค้าง จากการไปเที่ยวซาลูนจนดึกดื่น แม่อาจจะช่วยงานบ้าน ได้บ้างสักนิดนึง$s",
  "Sat": "ที่นี่เป็นเมืองเล็กๆ คุณหลีกเลี่ยงที่จะไม่เจอใคร ไม่ได้หรอกนะ#$e#ฉันอยากรู้จัง ว่ามันจะเป็นยังไง ถ้าอาศัยอยู่ในเมืองใหญ่?",
  "Sat2": "$d Joja#ทุกอย่างเปลี่ยนไปมากเลย ตั้งแต่ที่ร้านโจจ้ามาเปิดที่นี่ ธุรกิจของปิแอร์ก็แย่ลง แต่แม่ของฉันชอบร้านโจจ้านะ แม่บอกว่ามันถูกดี แม่ซื้ออะไรได้เยอะ กว่าซื้อที่ร้านของปิแอร์ซะอีก|ตั้งแต่ร้านโจจ้าปิดไป แม่ของฉันก็บ่นมาตลอดเลย แต่ฉันว่ามันก็ดีไปอย่างนะ แม่จะได้เพลาๆ โจจ้าโคล่าลงได้เสียที",
  "Sun": "หวัดดี อืมมม...$u#$b#วันนี้อากาศดีนะ ว่าไหม?#$e#ขอโทษที...$u",
  "Sun4": "ฉันพยายามมากนะ ที่จะทำบ้านของเรา ให้สะอาดอยู่เสมอ แต่มันก็มักจะกลับมารก เหมือนเดิมอีกตลอดเลย$s#$e#มันยากเหมือนกันนะ ที่ต้องจัดการงานบ้านทั้งหมด ด้วยตัวคนเดียว$u",
  "event_speaker_kids1": "โอ้ ไม่งั้นเหรอ?$l#$b#อืม ก็เข้าใจได้นะ... ตอนนี้คุณออกจะยุ่งอยู่ กับอะไรหลายๆ อย่าง",
  "event_speaker_kids2": "... ฉันเองก็เหมือนกัน ดีใจจัง ที่คุณก็รู้สึกแบบเดียวกันเลย$7",
  "event_speaker_kids3": "ใช่แล้วล่ะ... ความอยากที่จะดูแล สิ่งที่ไร้เดียงสาและไร้กำลัง มันก็เข้าใจได้นะ ที่เราจะรู้สึกแบบนั้น ",
  "event_speaker_kids4": "โอ้ งั้นเหรอ?$s#$b#ฉันคิดว่าคุณ จะต้องเป็นพ่อแม่ที่ดีนะ$7",
  "event_speaker_kids5": "หืม...$s#$b#ถ้าทุกคนคิดแบบนั้นล่ะก็ มนุษย์คงจะสูญพันธุ์แน่ค่ะ$s",
  "event_speaker_kids6": "โอ้...$s#$b#น่าเศร้านะ... แต่ฉันว่า ฉันก็เข้าใจที่คุณคิดแบบนั้น$s",
  "event_speaker_yes": "เยี่ยมเลย!$h#$b#งั้นขอฉันเรียกเด็กๆ มาก่อนนะ",
  "event_speaker_no": "อย่างนั้นเหรอ?... อืม... ก็ ไม่เป็นไร งั้นไว้เจอกันคราวหลังละกันนะ%fork$s",
  "event_mail1": "ขอบคุณนะ...$l#$b#ฉันหวังว่าจอร์จ จะไม่อารมณ์เสียมากนะ ฉันแค่อยากจะช่วยเท่านั้นเอง$s",
  "event_mail2": "โอ๊ะ... ฉันว่าคุณพูดถูก$l#$b#ขอโทษค่ะ คุณมุลเนอร์ ฉันไม่น่าทำแบบนั้นเลยจริงๆ$s",
  "event_mail3": "นั่นสินะ",
  "event_old1": "ก็ถูกของคุณนะ... เราจะไปเครียดกับ สิ่งที่ไม่สามารถเปลี่ยนแปลงได้ ทำไมล่ะเนอะ?$u",
  "event_old2": "คุณพูดถูก เราไม่ควรเพิกเฉย กับข้อเท็จจริงของความชรา$u#$b#ฉันว่ายิ่งเรายอมรับ สิ่งที่เรียกว่าช่วงสุดท้ายของชีวิต ได้เร็วเท่าไหร่ เราก็จะสามารถใช้ชีวิต ให้สมกับที่เป็นชีวิตจริงๆ ได้นับตั้งแต่นั้น$u",
  "event_old3": "คุณพูดได้ดีมากเลย...ฉันเห็นด้วยกับคุณที่สุด#$b#เราควรจะ ดูแลผู้อาวุโสของเรา ด้วยความเคารพ เช่นเดียวกับที่เราคาดหวัง ว่าจะได้รับในวันหนึ่งเช่นกัน",
  "event_old4": "คุณพูดอะไรแย่ๆ แบบนั้น ออกมาได้ยังไง! ชีวิตมันไม่ใช่สิ่งที่ จะเอามาทิ้งขว้างแบบนั้นนะ!$a",
  "event_cook1": "คุณพูดจริงๆ งั้นเหรอ? ขอบคุณนะ! ... ได้ยินแบบนั้นก็โล่งใจ$h#$b#ฉันพยายามคิดสูตรนี้ นานมากเลยนะ และฉันภูมิใจกับมันมากๆ เลยด้วยล่ะ",
  "event_cook2": "โอ้... อื้ม แน่นอนสิ$s",
  "event_cook3": "โอ้...ฉันขอโทษ$s",
  "event_pool1": "ใช่แล้วล่ะ...$8",
  "event_pool2": "จริงเหรอ? ฉันนึกว่าคุณจะรู้ตัว แล้วซะอีก...$8",
  "event_pool3": "ไม่ใช่นะ!$9",
  "event_pool4": "...อื- @ ฉันเองก็แอบคิดว่า เธอก็รู้สึกเหมือนกัน แต่ว่าฉันก็ไม่ค่อยมั่นใจ$6#$b#...ฉันจะไม่มีวันลืมคืนนี้เลย$6^คืนนี้ เธอช่างสวยเหลือเกิน... ฉัน... *กลืนน้ำลาย*$6",
  "event_pool5": "ค...คุณไม่ได้?$8#$b#...!!!%fork$10",
  "event_family1": "ฉันก็เหมือนกัน$h",
  "event_family2": "...ขอโทษ$s",
  "event_family3": "ฉันเข้าใจ$s",
  "summer_Mon": "สวัสดี... อืม อากาศดีนะ ว่าไหม?",
  "summer_Mon4": "$d cc#ขอบคุณนะ ที่ช่วยซ่อมแซมศูนย์ชุมชน ให้กลับมาใช้ได้อีกครั้ง ฉันว่าคุณเหมือนเป็น ฮีโร่ของเมืองเลยล่ะ|สวัสดี @ ดีใจจังที่ได้เห็นคุณสบายดี",
  "summer_Fri": "$d bus#ฉันได้ยินมาว่า คุณเป็นคนซ่อมรถเมล์ ให้กลับมาใช้ได้งานได้อีกครั้ง ขอบคุณนะคะ|แม่ของฉัน เคยเป็นคนขับรถเมล์ ไปยังทะเลทรายคาลิโก้ มาก่อนน่ะ... แต่เมื่อไม่กี่ปีก่อน รถมันก็มาเสียไปซะอย่างนั้น ท่านนายกเทศมนตรีบอกว่า เงินกองทุนของเมืองไม่พอ ไม่งั้นก็คงจะซ่อมมันได้แล้ว$u",
  "summer_Sun": "นี่...คุณได้ตกแต่ง บ้านไร่ของคุณบ้างรึเปล่าคะ?#$e#มันจะต้องดีมากแน่เลย ที่มีบ้านของตัวเอง ไว้ให้ตกแต่งบ้าง",
  "summer_Sat": "สวัสดี อืมมมม...$u#$b#วันนี้วิวภูเขาสวยเนอะ ว่าไหม?$u",
  "fall_Mon": "ไง... อืม คุณสบายดีไหม?$u",
  "fall_Mon4": "มันน่าอายนะ ที่เราเป็นเพียงครอบครัวเดียว ในเมืองนี้ ที่อาศัยอยู่ในรถบ้าน$u#$e#ฉันก็หวังนะว่าสักวัน ฉันจะได้อยู่ในบ้านดีๆ แบบเขาบ้าง$s",
  "fall_Tue4": "ตอนนี้ฟาร์มคุณดูดีจริงๆ$h",
  "fall_Thu6": "แม่เอง ก็ไม่ได้ดูแล ตัวเธอดีมากนัก...$u#$e#ฉันเป็นห่วงเธอจริงๆ$u",
  "fall_Fri": "ฤดูใบไม้ร่วง เป็นช่วงเวลาที่แสนเศร้าของปี สำหรับฉัน...$s",
  "fall_Fri6": "พ่อของฉันทิ้งฉันไป ตั้งแต่ยังเด็กแล้วล่ะ เขาบอกว่าพวกเรา เป็นเหมือน 'ภาระ' ของเขา แล้วเราก็ไม่เคยเจอ เขาอีกเลย$s#$b#ขอโทษนะ ที่ทำให้คุณลำบากใจไปด้วย... พอถึงช่วงเวลานี้ของปีทีไร ก็ทำให้ฉันนึกถึงมันตลอดเลย$u#$e#ว่าแต่... ช่วงนี้ชีวิตชาวไร่ เป็นยังไงบ้างเหรอ?",
  "fall_Sun10": "@! ฉันกำลังนึกถึงอนาคตน่ะ...#$e#คุณจินตนาการภาพตัวเอง ในอีกสิบปีข้างหน้า ไว้แบบไหนเหรอคะ?$l#$e#ส่วนของฉัน ก็คิดเอาไว้นิดหน่อยน่ะ...$u",
  "fall_Sat8": "สวัสดี @$h#$e#ที่บ้านไร่ของคุณ คงจะทำความสะอาดง่ายสินะ ใช่ไหม?",
  "winter_Fri": "...อะไรเหรอ?$u",
  "winter_Fri2": "คุณเป็นเพื่อนกับลีนัสรึเปล่า? เขาอาศัยอยู่ในเต็นท์บนเขา#$e#ทุกคนเมินใส่เขา ชายน่าสงสารคนนั้น แต่จริงๆ แล้วเขาเป็นคนดีมากนะ... แค่ออกจะประหลาดๆ ไปหน่อย#$e#มันจะต้องหนาวมากแน่เลย ที่ต้องอาศัยอยู่ในเต็นท์ ในช่วงเวลานี้ของปีแบบนี้",
  "winter_Tue4": "ฉันตั้งตาคอยที่จะได้เห็นว่า ฟาร์มของคุณจะเป็นยังไง เมื่อถึงฤดูใบไม้ผลิ#$e#มันคงจะสดชื่นและ สวยงามแน่ๆ เลย$h",
  "winter_Tue": "ฉันพยายามจะอยู่แต่ในบ้าน ให้มากที่สุดเท่าที่จะทำได้ ในช่วงฤดูหนาวน่ะ ฉันไม่ชอบอากาศเย็น เอาซะเลยค่ะ",
  "winter_Thu": "โอ้... สวัสดี คุณอยากคุยกันหน่อยไหม?$u#$e#ถ้าคุณพบของที่น่าสนใจ อย่างวัตถุโบราณหรือแร่ธาตุ กันเธอร์อาจจะยินดีที่ ได้มันมาแสดงในพิพิธภัณฑ์#$e#เขาบอกฉันว่า เขามีของขวัญพิเศษ สำหรับผู้ที่บริจาคเสมอ",
  "winter_Mon": "ในวันที่ 25 เราจะจัดงานเทศกาลแห่ง ดวงดาวฤดูหนาวค่ะ มันเป็นหนึ่งในกิจกรรม ที่ฉันชอบมากเลยล่ะ#$e#มันเป็นเวลาสำหรับขอบคุณ ทุกสิ่งดีๆ ที่เข้ามาในชีวิตของคุณ... แต่สำหรับคนส่วนใหญ่ คงเป็นเพียงเวลาพักผ่อน และแลกของขวัญกัน"
}
