{
  "Introduction": "เฮ้ คุณคือ @ เจ้าของฟาร์มคนใหม่สินะ! ผมชื่อปิแอร์ เป็นเจ้าของร้านที่นี่น่ะ^เฮ้ คุณคือ @ เจ้าของฟาร์มคนใหม่สินะ! ผมชื่อปิแอร์ เป็นเจ้าของร้านที่นี่น่ะ#$b#ถ้าคุณกำลังมองหา เมล็ดพันธุ์ล่ะก็ มาที่ร้านของผมได้เลย ผมจะซื้อผลผลิตของคุณ ในราคาที่ดีทีเดียว!#$e#การเกษตรเล็กๆ นี่คงจะเป็นสิ่งใหม่ ในเศรษฐกิจที่นี่นะ!",
  "eventSeen_3102768_memory_oneday": "ผมจะสู้กับโจจ้าได้ยังไง?$s#$e#พวกเขาทั้งกระเป๋าหนัก ทุนก็หนา จะลดราคาสินค้า จนขาดทุนเท่าไรก็ได้ จนท้ายที่สุดคนตัวเล็กๆ อย่างผมก็ต้องปิดกิจการ... หลังจากนั้นพวกเขา ก็คงจะปั่นราคาขึ้น!$s",
  "AcceptGift_(O)StardropTea": "ว้าว ไม่อยากจะเชื่อเลยว่า คุณจะเอานี่ให้ผม ต้องแพงมากแน่ๆ! ขอบใจนะ!",
  "AcceptGift_(O)Book_PriceCatalogue": "ช่างน่าดึงดูด! ช่างน่าหลงไหล! เป็นหนังสือที่เหมาะเจาะ กับผมที่สุดเลย!$h",
  "GreenRain": "เฮ้ออ ไม่มีลูกค้าเลย! ถ้าฝน 'เขียว' นี่ยังไม่หยุดตกล่ะก็ บัญชีผมได้ติดตัว 'แดง' แน่!$s",
  "GreenRainFinished": "ผมดีใจที่ทุกอย่าง กลับมาเป็นปกติ เรื่องมันดู จะใหญ่เกินกว่าความเป็นจริง ไปมาก... ทุกอย่างที่เกิดขึ้น นั่นแหละ",
  "GreenRain_2": "ดีใจที่ได้เจอคุณนะ @ ไม่ว่าฝนจะเป็นพิษอย่างไร แต่ถ้าคุณต้องการเมล็ดพันธุ์ คุณก็วิ่งฝ่ามาซื้ออยู่ดี ใช่ไหมล่ะ?$h#$e#ผมแค่ล้อเล่นน่ะ ดูเหมือนฝนนี้ จะไม่เป็นอันตรายอะไรนะ",
  "eventSeen_4": "อบิเกลกำลังอยู่ในวัยต่อต้าน ... ผมเข้าใจ#$e#เมื่อเธอต้องจ่ายค่าผ่อนบ้าน งวดแรกเอง เธอก็จะคิด ได้เองแหละ!$h",
  "eventSeen_3102768_memory_oneweek": "ไม่ว่ายังไงผมก็จะเปิดร้าน ต่อไปจนกว่าชีวิตจะหาไม่$s#$b#มอร์ริสกับพวกจะต้อง มาลากผมออกไปจาก เคาน์เตอร์ทั้งๆ ที่ดิ้นพล่าน และกรีดร้องอยู่นี่แหละ!$h",
  "Resort": "การหยุดขายของ ทำให้ผมขาดรายได้ ไปเยอะเลย...$s#$b#แต่ คุณรู้อะไรไหม? มันคุ้มค่านะ",
  "Resort_Shore": "อืมม... กลิ่นเค็มๆ ของทะเล ทำให้ผมอยากจะกินซาชิมิ",
  "Resort_Chair": "เอ้อ ปล่อยพวกเด็กๆ วิ่งเล่นใต้แสงอาทิตย์ไปแล้วกัน ผมจะอยู่บนเก้าอี้ตัวนี้นี่แหละ",
  "Resort_Bar": "ดื่มแล้วก็ดื่ม... กัสต้องได้กำไรมหาศาลแน่ๆ!",
  "married": "ในเมื่อตอนนี้คุณมีรายได้ เพิ่มขึ้นเป็นสองเท่าแล้ว คุณคงจะมาซื้อเมล็ดพันธุ์เพิ่ม เป็นสองเท่าเช่นกันใช่ไหม?$h#$b#ฮ่าฮ่า... ผมแค่ล้อเล่นน่ะ.... *อะแฮ่ม*...",
  "married_Abigail_memory_oneday": "สวัสดี เอ่ออ... เจ้าลูกเขย?$s^สวัสดี เอ่ออ... คุณลูกสะใภ้?$s",
  "cc_Complete": "นี่คือฝันที่เป็นจริง! คุณไม่สามารถจินตนาการ ได้เลยว่าความเครียดเรื่อง ร้านโจจ้า หลอกหลอนผมยังไง#$e#สำหรับเมืองเล็กๆ แบบนี้ ร้านค้าเล็กๆ ร้านเดียว ก็พอแล้ว! ยังไงก็ตาม ก็ยังมีแรงกดดัน จากสังคมมากมาย เรื่องผมขึ้นราคาสินค้า",
  "joja_Begin": "วันนี้เป็นวันที่แสนเศร้า สำหรับเมืองเพลิแกน ของเรา... ยิ่งพวกโจจ้าแข็งแกร่งขึ้น ผมก็ยิ่งใกล้จะล้มละลาย อีกไม่นานผมอาจต้องขายร้านแล้วล่ะ...$s",
  "MovieInvitation": "เฮ้ นั่นเป็นความคิดที่ดี... มันก็ดีนะ ที่ผมจะได้ไปจาก หลังเคาน์เตอร์นี้ซะบ้าง ผมจะไปเจอคุณที่นั่น!",
  "Mon": "ยินดีต้อนรับ! ถ้าคุณกำลังมองหา เมล็ดพันธุ์อยู่ล่ะก็ คุณมาถูกที่แล้วล่ะ!",
  "Mon_inlaw_Abigail": "สวัสดี เอ่ออ... ลูกชาย?$s^สวัสดี เอ่ออ... ลูกสาว?$s",
  "Mon4": "สวัสดี @ อยากได้เมล็ดพันธุ์หรือว่า ต้นกล้าของไม้ผลล่ะ?",
  "Mon4_inlaw_Abigail": "ว่าไง @ อบิเกลทำอะไรอยู่เหรอ? ร้านนี้ไม่เหมือนเดิม เมื่อไม่มีอบิเกลอยู่...",
  "Tue": "บางครั้ง ผมจะมีสินค้าใหม่เข้ามา ดังนั้นก็แวะมาบ่อยๆ หน่อยล่ะ#$e#เปิดร้านนี่งานยุ่งจริงๆ เลยนะ$h",
  "Tue6": "คุณก็รู้นี่ว่าผม เคยเป็นนักมวย ที่มีฝีมือมาก่อน... หมัดฮุคขวาของผมน่ะ ระดับตำนานเชียวนะ!$h",
  "Wed": "วันนี้เป็นวันหยุด ของผมซะด้วยสิ#$e#อืมมม... ทำอะไรดีน้า...$s",
  "Wed4": "#$1 pierre1#*ถอนหายใจ*... ไม่ว่าธุรกิจจะเป็นไปได้ด้วยดี แค่ไหน แต่ก็ยังทำให้ผมพอใจ กับความสำเร็จไม่ได้อยู่ดี ผมเป็นอะไรไปเนี่ย? บางทีผมอาจจะเบื่อหน่าย ในการใช้ชีวิต$s#$e#ตอนที่ผมหนุ่มกว่านี้... ผมมักจะหาเรื่องน่าสนใจ มาทำได้เสมอ มาตอนนี้ผมกลับพบว่า ตัวเองเสียเวลา ไปแบบไร้สาระ ทุกครั้งที่ไม่ได้ทำงาน$s",
  "Thu": "ผมยินดี ที่จะรับซื้อผลผลิตต่างๆ จากคุณ#$b#และในราคาที่ยุติธรรม อย่างแน่นอน!",
  "Thu2": "ผมรู้สึกชื่นชม งานของคุณจริงๆ นะ @ ผมต้องทำงานให้หนักขึ้น และหนักขึ้นกว่านี้ จะได้มีกำไรบ้างแล้วล่ะ^ผมรู้สึกชื่นชม งานของคุณจริงๆ นะ @ ผมต้องทำงานให้หนักขึ้น และหนักขึ้นกว่านี้ จะได้มีกำไรบ้างแล้วล่ะ",
  "Thu8": "#$1 pierre2#อบิเกลมีอะไร เหมือนผมบ้างไหมนะ? อย่าบอกเมียผมนะ แต่บางทีผมก็สงสัยจริง ว่าผมเป็นพ่อเธอจริงรึเปล่า$k$s#$e#อย่าบอกเมียผมล่ะ แล้วผมก็เกลียด การทำอาหารเย็น",
  "Fri": "#$1 pierreJoja#ธุรกิจเริ่มซบเซาตั้งแต่ โจจ้าเข้ามาในเมือง มันยากที่จะแข่งขันกับพวกเขา$k$s#$e#สวัสดี ฟาร์มของคุณเป็นไงบ้าง?#$e#บางทีเมล็ดของผม จะทำให้เข้าที่เข้าทางขึ้นนะ",
  "Sat": "ถ้าคุณเจอของป่า ผมก็พร้อมจะรับซื้อจากคุณ ในราคาที่เหมาะสม",
  "Sat8": "ผมจะบอกความลับอะไรให้นะ บางครั้ง เวลาที่ร้านไม่มีคน ผมก็จะฝึกร้องโอเปร่า หลังเคาท์เตอร์ล่ะ$h#$e#อย่าบอกใครล่ะ",
  "Sun": "#$1 pierreBlue#*เฮ้ออ*... ผมเบื่อที่จะต้องเฝ้าร้าน เหมือนกันนะ...$k$s#$e#ผมอยากออกไปเดินเล่นบ้าง แต่ไม่มีใครเฝ้าร้าน#$e#ผมได้ยินว่า ดอกไม้เริ่มบานแล้ว และอากาศก็ สดชื่นด้วย...$s",
  "Wed6": "$d joja#วันข้างหน้า ผมจะเปิดร้านใหม่ในเมือง และ ประสบความสำเร็จ#$e#น่าเสียดาย ธุรกิจมันโตช้า จนผมเก็บเงินได้ยากจริงๆ$s|กิจการค่อนข้างเป็นได้ด้วยดี ตั้งแต่ร้านโจจ้าปิดตัวไป",
  "Thu4": "เฮ้ @ คุณเป็นลูกค้า อันดับหนึ่งของร้านผมเลย!",
  "summer_Mon": "ผมมีเมล็ดพันธุ์ฤดูร้อน ขายแล้วนะ! คุณควรจะซื้อไปเก็บไว้",
  "summer_Wed": "$d joja#ดีใจจัง ที่ได้มีวันหยุดกับเขาบ้าง|ตอนนี้ร้านโจจ้าปิดตัวไปแล้ว ฉันรู้สึกว่าควรรับผิดชอบ โดยการเปิดร้านทุกวัน ทั้งสัปดาห์ เพราะผู้คนต้องการ ของชํายังไงล่ะ!",
  "summer_Wed2": "$d joja#การที่ได้เปิดร้านที่นี่ เป็นหนึ่งสิ่งที่สําคัญที่สุดในชีวิต ของผมเลยล่ะ แต่บางครั้งก็ อยากจะมีวันหยุด กับเขาบ้าง...|ตอนนี้ร้านโจจ้าปิดตัวไปแล้ว ฉันรู้สึกว่าควรรับผิดชอบ โดยการเปิดร้านทุกวัน ทั้งสัปดาห์ เพราะผู้คนต้องการ ของชํายังไงล่ะ!",
  "summer_Thu": "ดูท่าทางแล้ว ทุกคนกำลังมีความสุข กับอากาศข้างนอก มากกว่าจะมาช้อปปิ้งสินะ... *เฮ้อ*",
  "summer_Fri": "โอ้ ไง คุณพอใจกับคุณภาพ เมล็ดพันธุ์สำหรับฤดูร้อน (Summer seeds) ของผมรึเปล่า?",
  "summer_Sat": "หน้าร้อนเป็นเวลาที่เหมาะ กับการทานสลัดสดๆ ว่างั้นไหม?",
  "summer_Sun": "ฮึ... ข้างในนี้มันร้อนซะจริง",
  "winter_Mon": "คุณไม่สามารถ ปลูกอะไรได้ในฤดูหนาว... ดังนั้นผมไม่มี เมล็ดพืชขายให้คุณหรอก#$e#เป็นอะไรที่ ทำให้กำไรหดหายซะจริงๆ",
  "winter_Wed": "$d joja#ในที่สุด... ก็ถึงวันแห่งการพักผ่อน|ตอนนี้ร้านโจจ้าปิดตัวไปแล้ว ฉันรู้สึกว่าควรรับผิดชอบ โดยการเปิดร้านทุกวัน ทั้งสัปดาห์ เพราะผู้คนต้องการ ของชํายังไงล่ะ!",
  "winter_Thu": "#$1 pierreDin#ผมจะเซอร์ไพรซ์ แคโรไลน์ด้วยอาหารค่ำ และไวน์สตาร์ดิว ห้ามบอกใครนะ!$k#$e#ไง มีอารมณ์ช็อปปิ้งเล็กๆ น้อยๆ ไหม?",
  "winter_Fri": "ส่วนใหญ่ผมซื้อขาย เฉพาะของที่กินได้น่ะ ดังนั้นถ้าคุณมีแร่หรือไม้ คุณต้องลองเอาไปขาย ที่อื่นดูนะ",
  "winter_Sat": "มีแค่ผมเหรอที่รู้สึกหนาว?",
  "winter_Sun": "ถ้าผมไม่ได้มีร้านนี่ล่ะก็ ป่านนี้ผมคงออกไป วิ่งข้างนอกแล้วล่ะ#$e#การได้ปาบอลหิมะเนี่ย มันน่าสนุกไม่น้อยเลย",
  "fall_Mon": "เมล็ดพันธุ์สำหรับ ฤดูใบไม้ร่วงอยู่ที่นี่แล้ว! ในฤดูหนาวน่ะ ปลูกพืชไม่ได้หรอกนะ ดังนั้น นี่เป็นโอกาสสุดท้ายแล้ว จนกว่าจะถึงฤดูใบไม้ผลิ#$b#ทำให้เต็มที่ซะล่ะ?",
  "fall_Thu": "อากาศด้านนอก ก็เริ่มหนาวแล้วสิ...#$b#หมายความว่า จะมีคนมาที่ร้านมากขึ้น เพื่อมาหาความอบอุ่นสินะ ฮี่ฮี่",
  "fall_Fri": "#$1 pierreMEGA#ความฝันของผม คือการขยายสาขาไปเรื่อยๆ จนกว่าจะร่ำรวย ฮี่ฮี่ฮี่$k#$e#หวัดดี ฟาร์มของคุณเป็นยังไงบ้าง?#$e#บางทีเมล็ดพืชของผม อาจทำให้อะไรๆ ดีขึ้นนะ$h",
  "fall_Sat": "ผมยินดีจะซื้อของทุกอย่าง จากฟาร์มของคุณ#$e#ใช่ ผมเอามาขายต่อ เพื่อทำกำไรนั่นแหละ... ก็ถือว่าเป็นข้อดีของ การเป็นเจ้าของร้านนะ#$e#ตอนนี้คิดอะไรไม่ออก...",
  "fall_Sun": "ถ้าผมไม่มีร้านนี้ ที่ต้องดูแลล่ะก็ ป่านนี้ผมคงออกไป วิ่งข้างนอกแล้วล่ะ...#$e#ใบไม้ใบหญ้าช่างสวยงาม และเห็ดก็กำลัง ออกดอกอยู่",
  "Event_naga1": "ขอบคุณมากนะ ลืมสิ่งที่คุณเห็นซะนะ ตกลงไหม โอเคไหม?$h#$b#...และผมก็จะทำเป็นลืมว่า คุณเคยย่องเข้ามา ในห้องนอนผม!",
  "Event_naga2": "คุณทำแบบนี้กับผมได้ไง? แย่มาก$s#$b#คุณไม่ควรมาสอดรู้สอดเห็น ในห้องนอนผมนะ เพื่อนบ้านที่น่ารำคาญนี่ เป็นอะไรที่ห่วยแตก ที่สุดเลย$a",
  "Fair_Judging": "เฮ้ โชคดีนะ",
  "Fair_Judged_PlayerLost": "ได้เป็นที่หนึ่งเหนือทุกคนนี่รู้สึกยอดเยี่ยมไปเลย! ฮ่า!$h#$e#แต่ก็พยายามกันได้ดีนะ",
  "Fair_Judged_PlayerWon": "ไม่อยากจะเชื่อเลยว่าฉันแพ้...$s"
}
