{
  "Abigail": "หุบเขาท่ามกลางสายฝน ดูน่าสนใจมากขึ้น...ว่าไหมล่ะ?",
  "Robin": "ฝนหยุดฉัน จากการทำงานให้เสร็จ ไม่ได้หรอก! แต่ว่านะ... ท่อนไม้ที่เปียก นี่มันน่ารำคาญจริงๆ$s",
  "Demetrius": "ยินดีต้อนรับ อยู่ข้างในก่อนได้นะ ถ้าอยากให้ตัวอุ่นก่อน",
  "Maru": "เมื่อฝนตกลงมา ฉันก็จะมีข้ออ้าง ที่จะทำงานกับอุปกรณ์ ของฉันทั้งวัน$h#$e#แต่มันคงน่าเบื่อ สำหรับเธอสินะ",
  "Sebastian": "ถ้าเธอโชคดี เธออาจเห็นกบ ในอากาศแบบนี้",
  "Linus": "ฝนอุ่นๆ นี่เป็นการทำความสะอาดตัว ที่รู้สึกดีเลยล่ะ$h",
  "Pierre": "คนส่วนใหญ่อยู่ในร่ม ในวันแบบนี้... มันไม่ดีเลยสำหรับธุรกิจ$s",
  "Caroline": "สวนของฉันสดชื่นมากวันนี้$h#$e#...และค่าน้ำของเรา จะลดลงในเดือนนี้ด้วย",
  "Alex": "ฮึ่ม อากาศแบบนี้ ไม่ดีสำหรับการเล่นกีฬาเลย$s#$e#เฮ้อ อย่างน้อย ฉันก็ยังยกน้ำหนัก ในบ้านได้$h",
  "George": "มันหนาวมาก ใช่ไหม? นี่มันวันบ้า อะไรเนี่ย",
  "Evelyn": "ตอนฉันตื่น ฉันได้ยินเสียงน้ำหยด มาจากที่ไหนสักที่... ฉันคิดว่าหลังคา อาจจะรั่ว$s#$e#ในสมัยก่อน จอร์จจะรีบกุลีกุจอลุกขึ้น แล้วซ่อมมัน... *ถอนหายใจ*$s",
  "Lewis": "สวัสดี @ พักอยู่เหรอ?#$e#ฉันหวังว่าแม่น้ำ จะไม่เอ่อท่วมนะ...$s",
  "Clint": "วันนี้เป็นวันดี ในการสำรวจ เหมืองแร่... ใครจะรู้ เธออาจพบแร่ หายากก็ได้",
  "Penny": "เสียงฝนตกดังมากเลย เพราะกระทบหลังคา โลหะของรถบ้าน#$e#... แต่มันก็ผ่อนคลายดี$h",
  "Pam": "เป็นไงบ้างล่ะ เจ้าหนู ตัวยังแห้งอยู่รึเปล่า?",
  "Emily": "ฝนไม่เคยตกใน ทะเลทรายคาลิโก้... ที่ที่เพื่อนของฉัน แซนดี้ อาศัยอยู่เลย#$e#วันนี้ ฉันอยากจะไปหาเธอจัง$s",
  "Haley": "ฉันใช้เวลาทั้งเช้าทำผม... ตอนนี้ฝนทำให้มันเละหมดแล้ว$s#$e#*ถอนหายใจ*... การใช้ชีวิตบางที มันก็ยากนะ",
  "Jodi": "เธอเช็ดรองเท้าของเธอ ก่อนเข้ามารึยัง? โทษที... ฉันเพิ่งถูพื้นน่ะ#$e#แต่ที่นี่ ก็ต้อนรับเธอ เสมอนะ ฮิฮิ$h",
  "Sam": "เสียงฝนกลบเสียงหมดเลย ฉันก็เลยเล่นกีตาร์ เสียงดังได้ โดยไม่โดนแม่ด่าล่ะนะ ฮิฮิ$h",
  "Leah": "บางทีวันนี้ ฉันควรทำ อาหารใหม่และน่าตื่นเต้นบ้าง บางอย่างที่รสจัดจ้าน",
  "Shane": "อืมม... สภาพอากาศแบบนี้ ทำฉันคอแห้งซะจริง$s",
  "Marnie": "ไงจ๊ะ @ เธอเปียกโชกเลยนี่... ช่างน่าสงสาร!$h",
  "Elliott": "บางครั้งเมื่อผม นอนอยู่บนเตียง ผมได้ยินเสียงหวูด ผ่านสายฝนนะ#$b#แต่พอผมมองไปที่ หน้าต่างผมก็เห็น แต่ม่านสีเทา",
  "Gus": "ไม่มีอะไรจะดี เหมือนไวน์แดง ในวันแบบนี้ จริงมะ?#$e#ผมรักงานผมจริงๆ ฮี่ฮี่ฮี่",
  "Dwarf": "ฝน... มันเป็นเรื่องน่าพิศวง สำหรับเรามากเลย พวกเราบางตน ก็ไม่เคยได้สัมผัส กับฝนเลยทั้งชีวิต",
  "Wizard": "วันที่มีพายุ เป็นช่วงเวลาเดียว ที่ข้าจะสื่อสาร กับธาตุบางชนิดได้#$e#ข้าไม่คาดหวัง ว่าเจ้าจะเข้าใจ หรอกนะ",
  "Harvey": "หวัดดี @! เอ่อ... ช่วงนี้ได้อ่านอะไรน่าสนใจ ในห้องสมุดบ้างไหม?#$e#อ้อ งั้น อืม... ไว้เจอกันนะ?",
  "Sandy": "ฉันได้ยินว่า ที่นั่นฝนตกล่ะ เพราะงั้น เธอเลยมาที่นี่เหรอ?$h#$e#จริงๆ แล้ว บางทีฉันก็ คิดถึงฝนนะ...$s",
  "Krobus": "อ่า น้ำในท่อระบายน้ำวันนี้ ไหลอย่างรวดเร็ว วันนี้มันคงจะชุ่มชื้นดีน่าดู... อย่างที่ข้าชอบเลย",
  "Leo": "ตอนที่ฝนตกอ่ะ หุบเขาสงบสุขมากเลยนะ#$e#สำหรับผม... ธรรมชาติก็คือคนที่ผมรู้จัก ในช่วงอารมณ์ที่แตกต่างกันไป"
}
