{
  "Introduction": "เธอเจอกับทุกๆ คนในเมืองหรือยัง ท่าจะเหนื่อยน่าดูเลยนะ",
  "Resort": "ว้าว ดูสิ่งก่อสร้างนี่สิ!$h#$b#ฉันบอกได้เลยว่า มันถูกสร้างโดยวิศวกรฝีมือดี ฉันประทับใจมากจริงๆ!",
  "AcceptGift_(O)StardropTea": "เดี๋ยวนะ... เธอให้ฉันจริงๆ เหรอ? เป็นวันพิเศษจริงๆ! ขอบใจนะ",
  "AcceptGift_(O)Book_Woodcutting": "อะไรเนี่ย... 'ความลับของช่างไม้'? ... อืม นี่มันหนังสืออะไรล่ะเนี่ย @?$6#$b#อ้อ เกี่ยวกับวิธีตัดไม้นี่นา! ฮ่าฮ่าฮ่า... โอ้ ฉันชอบนะเนี่ย ขอบใจ!$4",
  "AcceptGift_(O)SkillBook_2": "อ้ะ 'ช่างไม้รายสัปดาห์'... ฉันกำลังอยากจะได้ เล่มใหม่อยู่เลย! ในนี้มีพวกเทคนิกใหม่ๆ อยู่ด้วย!#$b#จากช่างไม้ สู่ช่างไม้... ขอบใจ$h",
  "GreenRain": "ผู้ชายคนนั้นบ้ารึเปล่า! ทำไมเขาถึงออกไปข้างนอก? เรายังไม่รู้เลยด้วยซ้ำ ว่าฝนนี่มันอันตรายรึเปล่า!$u%noturn",
  "GreenRainFinished": "ฉันหวังว่าดิมิเทรียส จะมีความสุขกับ 'ตัวอย่าง' ที่เขาเก็บได้ ดูเหมือนว่าโปรเจกต์ การทดลองวิทยาศาสตร์เล็กๆ จะสำคัญกับเขา มากกว่าภรรยาซะอีก ฮึ่ม$6",
  "GreenRain_2": "วันนี้ข้างนอกมีแต่ต้นไม้ดีๆ จะออกไปตัดดีไหมนะ หืม?",
  "divorced_Sebastian": "เซบาสเตียน กลับมาอยู่ที่ห้องใต้ดิน... เกิดอะไรขึ้นกับพวกเธอ 2 คนน่ะ?$s",
  "divorced_Maru": "มารุร้องไห้ทั้งคืนเลย... พวกเราเศร้ากันหมด...$s",
  "married_Sebastian": "โอ้ ไม่ต้องกังวลนะ... นี่คือน้ำตาแห่งความสุข ฉันรู้ว่าเซบาสเตียน จะต้องมีความสุขมากๆ ที่ฟาร์ม %farm!$h",
  "married_Maru": "พวกเราคิดถึง ตอนที่มารุยังอยู่ที่บ้าน แต่ฉันมั่นใจว่า พวกเรายังคงจะได้เจอ มารุบ่อยๆ!",
  "houseUpgrade_1": "ได้ทำบ้านให้เธอแบบนี้สนุกดีนะ นี่คงจะเป็นการต่อเติมบ้าน ที่ดีที่สุดที่ฉันเคยทำมาเลย!$h#$e#หวังว่าเธอจะชอบครัวใหม่นะ",
  "houseUpgrade_2": "เธออยากจะเอาพื้นที่ใหม่ ทั้งหมดในบ้าน ไปใช้ทำอะไรเหรอ?#$e#หรือบางทีฉันควรเรียกว่า... 'คฤหาสน์' ?$h",
  "houseUpgrade_3": "ถ้างั้น เธอก็จะได้ทำธุรกิจบ่มไวน์สินะ? ฉันได้ยินว่ามันได้กำไรมาก... ถ้าเธอมีความอดทน",
  "structureBuilt_Coop": "นั่นน่าจะเป็นเล้าไก่ ที่แข็งแรงที่สุดเท่าที่ฉัน เคยสร้างมา หวังว่าเธอจะใช้ประโยชน์ จากมันได้เต็มที่นะ!",
  "structureBuilt_Shed": "แล้ว เธอวางแผนจะเอา โรงเก็บของใหม่ไปใช้ทำอะไรล่ะ? มีความเป็นไปได้ แบบไม่มีที่สิ้นสุดเลยล่ะ!",
  "structureBuilt_Coop_memory_oneweek": "เล้าไก่ใหม่เป็นยังไงบ้างล่ะ? ฉันตื่นเต้นที่จะได้เห็น สัตว์เลี้ยงตัวใหม่ของเธอแล้ว",
  "structureBuilt_Barn_memory_oneweek": "เธอพึงพอใจ กับคอกสัตว์หลังใหม่ไหม? ฉันมั่นใจเลยว่า เธอจะต้องเลี้ยงสัตว์เลี้ยง ที่มีความสุขมากในนี้ได้แน่!",
  "structureBuilt_Slime Hutch": "*ถอนหายใจ*... การสร้างโรงเพาะสไลม์ เป็นงานที่หนักมาก... ฉันอยากจะไปทำสปาสักวัน เพื่อพักร่าง!$h",
  "structureBuilt_Stable_memory_oneweek": "แล้วเธอได้ขี่ม้าตัวใหม่ของเธอ ไปรอบๆ เมืองรึยัง?#$b#ฉันคิดว่าเธอคงจะเจ็บก้นแน่ แต่ไม่นานเดี๋ยวเธอก็ชิน$h",
  "structureBuilt_Fish Pond": "ฉันบอกกับวิลลี่แล้ว ว่าเธอสร้างบ่อปลาใหม่ ดูเหมือนว่าเขา จะมีความสุขมากเลยนะ#$e#อันที่จริง เขาเคยเลี้ยงปูด้วย สมัยที่เขายังหนุ่มๆ เรียกได้ว่าเป็น 'ความภาคภูมิใจที่มีมาช้านาน' เลยล่ะ$h",
  "Resort_Leaving": "สนุกจังเลย!$h",
  "Resort_Shore": "เฮ้ ดูสิ! ฉันเห็นอีกเกาะ จากตรงนี้ได้เลยนะเนี่ย",
  "Resort_Chair": "เฮ้ @ เธอรู้ไหม ฉันกำลังคิดว่า ตอนนี้เมืองมาไกลแค่ไหน นับจากวันที่เธอย้ายเข้ามา ในเมืองวันแรก#$b#เธอจะต้องภูมิใจ ในสิ่งที่เธอทำลงไปมากๆ!$h",
  "Resort_Bar": "นี่มันผ่อนคลายสุดๆ ไปเลย...",
  "reject_865": "เกลือผัก? ฟังดูแจ่มนะ แต่ฉันไม่ต้องการมันอ่ะ",
  "reject_866": "หืมม... เวลาที่ฉันนึกถึงดอกไม้ ฉันก็นึกถึงเอเวอลิน บางทีฉันน่าจะ เอานี่ให้เธอดูนะ?",
  "pamHouseUpgrade": "แผนการเล็กๆ ของเรา เป็นไปได้ด้วยดี ใช่ไหม? แพมและเพนนี ดูมีความสุขจริงๆ",
  "pamHouseUpgradeAnonymous": "แผนการเล็กๆ ของเราเป็นไปได้ด้วยดี ใช่ไหม? แพมและเพนนี ดูมีความสุขจริงๆ",
  "MovieInvitation": "โอ้... มีตั๋วสองใบสำหรับคืนนี้ ใช่ไหม? ฟังดูเข้าท่า! ฉันจะไปพบเธอที่นั่น$h",
  "cc_Bridge": "ไง! ฉันได้ยินเสียงแปลกๆ เมื่อคืน และตื่นมาตอนเช้าพบว่า สะพานที่เหมืองหิน ถูกซ่อมเรียบร้อยแล้ว!#$b#นี่มันเป็นงานไม้ที่ มหัศจรรย์จริงๆ!",
  "cc_Complete": "ฉันรู้ตั้งแต่วินาทีที่ เธอก้าวเท้า ลงจากรถบัสคันนั้นแล้ว @... เธอถูกลิขิตให้เป็นฮีโร่ ของเมืองนี้!$h",
  "cc_Begin": "ไง! ฉันได้ยินว่าเลวิส พาเธอไปดูรอบๆ ศูนย์ชุมชน... มันจะดีมากเลยถ้าเธอ ซ่อมแซมมันขึ้นมาได้ มันเป็นอาคารที่ สวยงามมากจริงๆ!",
  "Mon": "ฉันบอกเธอหรือยังว่า ฉันสร้างบ้านหลังนี้ ขึ้นมากับมือ?#$e# มันเป็นผลงานชิ้นโบว์แดง ของฉันเลยล่ะ",
  "Tue": "เฮ้ ถ้าเธอต้องการวัสดุ หรือพิมพ์เขียวล่ะก็ ร้านของฉันมีสิ่งของ ที่เธอกำลังต้องการอยู่นะ!#$e# อีกอย่าง การทำฟาร์มของเธอ มันช่วยพัฒนาเศรษฐกิจ ในท้องถิ่นมากเลย$h",
  "Wed": "ว่าไง @ #$e#ฉันกำลังฝันกลางวัน ว่าอยากจะได้งานใหม่อยู่พอดี#$e#ที่ฟาร์มของเธอ ยังอยู่ดีอยู่รึเปล่า? มีงานไม้ตรงไหนเสียหาย มั่งไหม?",
  "Thu": "เธอมาเยี่ยมพวกเรา ได้เสมอนะ ถึงจะไม่ได้มาซื้อของ#$e#อยู่บนป่าเขาแบบนี้ บางทีมันก็เหงาเหมือนกัน",
  "Fri": "เธอเจอลูกชายของฉันรึยัง? เซบาสเตียนน่ะ เขาอาศัยอยู่ชั้นล่าง#$e#เขาเป็นเด็กขี้อาย แต่ฉันมั่นใจนะว่าเขาจะ เปิดใจถ้าเธอทำตัวดีกับเขา",
  "Fri_inlaw_Sebastian": "ฉันคิดถึงเซ็บบี้ของฉัน... เขามักจะเข้าใจผิด ในสิ่งเล็กๆ น้อยๆ ประจำ แต่ฉันก็เชื่อในตัวเขานะ",
  "Fri4": "#$1 RobinSeb#ฉันเจอที่เขี่ยบุหรี่ ในห้องของเซบาสเตียน แล้วกลิ่นมันก็แปลกมากด้วย ฉันควรต้องกังวลกันมันไหมนะ?#$e#บางครั้งฉันก็เป็นห่วง เซบาสเตียน... เขามีเพื่อนน้อย แล้วก็ดู ไม่สนใจอนาคตตัวเองด้วย...#$e#ฉันจะคุยกับเขาหลายทีแล้วนะ แต่เขาไม่เคย เปิดใจให้ฉันเลย",
  "Fri4_inlaw_Sebastian": "เซบาสเตียนบอกกับฉันว่า จะพยายามเลิกสูบบุหรี่! ฉันภูมิใจในตัวเขาจริงๆ",
  "Sat": "ทำเลที่ตั้งของบ้านฉัน นี่ดีจริงๆ เลยนะ เธอว่างั้นไหม?#$e#อากาศบริสุทธิ์ ในป่าเขาเป็นสิ่ง ที่ฉันรักจริงๆ",
  "Sun": "ฉันหวังว่าดิมีเทรียส จะไม่ระเบิดบ้าน จากการทดลองพวกนั้นนะ#$e#ไม่แน่ใจเหมือนกัน ว่าเขาทดลองอะไรอยู่ แต่คิดว่าน่าจะเกี่ยวกับพืช",
  "Sun2": "#$1 RobinDem#สามีฉันเกือบจะระเบิดบ้านทิ้ง จากการทดลองเมื่อคืนแล้ว บีกเกอร์ของเขาระเบิด แล้วสะเก็ดระเบิด ก็กระเด็นไปโดน หลังคาบ้าน! ต้องขอบคุณโยบะ ที่ตอนสร้างบ้าน ฉันใช้สารกันไฟเคลือบไม้ไว้$u#$e#ถ้ากลิ่นมันเหม็นก็โทษทีนะ @ ผลพวงจากการทดลอง เมื่อคืนนี้เอง...",
  "Sun6": "ไง @! ดีใจที่ได้เจอ#$e#ตอนนี้เธอเป็นสมาชิกหมู่บ้าน อย่างสมบูรณ์แบบแล้วนะ คิดงั้นไหม?",
  "event_wood1": "เยี่ยม พิมพ์เขียวนี้ คงเป็นเรื่องง่ายๆ สำหรับเธอ!$h",
  "event_wood2": "เยี่ยม งั้นฉันมีพิมพ์เขียวเจ๋งๆ มาให้เธอลองดู!",
  "summer_Mon": "ไม้เป็นวัสดุที่วิเศษจริงๆ... ใช้งานได้หลากหลาย ราคาถูก ทนทาน และแต่ละชิ้น ก็มีเอกลักษณ์เฉพาะตัว!",
  "summer_Tue": "ถ้าเธออยาก พัฒนาสิ่งก่อสร้าง ในฟาร์มของเธอ บอกฉันได้!#$e#เธอแค่ต้องหาไม้และหิน ให้พอกับโครงการนั้นๆ และมันจำเป็น ต้องใช้เงินด้วย#$e#แต่ฉันมั่นใจว่าเธอ จะพอใจกับผลลัพธ์ที่ได้!$h",
  "summer_Fri": "พวกเราในสตาร์ดิวแวลลีย์นี้ ถูกปิดกั้นจาก โลกภายนอกจริงๆ#$e#แต่มันก็มีทั้งข้อดี และข้อเสียน่ะนะ",
  "fall_Mon": "#$1 RobinMaru#มารุชอบอัญมณี เธอใช้มัน กับสิ่งประดิษฐ์ของเธอ#$e#เธอกับมารุเป็นยังไงบ้าง เข้ากันได้ดีใช่ไหม?",
  "fall_Thu": "เรายินดีต้อนรับเธอเสมอ เมื่อเธอมาเยี่ยมพวกเรา ถึงเธอจะไม่ได้มาเพื่อ อัปเกรดสิ่งก่อสร้างก็เถอะ!$h#$e#อยู่บนภูเขาแบบนี้ มันก็รู้สึกเหงานิดๆ เหมือนกันนะ",
  "fall_Fri": "เธอได้เจอกับคนประหลาด ที่อยู่หลังบ้านของเราหรือยัง?$s#$e#ฉันก็ไม่ได้คิดมากนักหรอก ตราบใดที่เขา ไม่มารบกวนเรา",
  "winter_Mon": "เฮ้ ปีนี้เป็นปีที่เหมาะกับการ รวบรวมไม้เลยแหละ#$e#บางที เธออาจจะสะสมมันได้พอ ที่จะอัปเกรดบ้านของเธอ ก็ได้นะ!",
  "winter_Fri": "พ่อแม่ของฉันงงมาก ตอนที่ฉันบอกว่า อยากเป็นช่างไม้#$e#พวกเขาค่อนข้างจะ หัวโบราณนิดหน่อยน่ะ",
  "winter_Fri_inlaw_Sebastian": "ฉันคิดว่าชีวิตในฟาร์ม ทำให้เซ็บบี้มีสุขภาพดี",
  "winter_Sat": "บ้านของเรา อยู่ในจุดที่สวยมาก ว่าไหมล่ะ?#$e#ทุกสิ่งยังคงดูดีหลังหิมะตก"
}
