{
  "Introduction": "เฮ้ ฉันชื่อแซมนะ ยินดีที่ได้รู้จัก$h",
  "AcceptGift_(O)206": "โอ้วเย... พิซซ่าไทม์!$h",
  "AcceptBirthdayGift_Positive": "เฮ้ เฮ้ เฮ้! เธอจำได้ด้วย! อย่างนี้สิเพื่อนแท้ตัวจริง!$h",
  "AcceptBirthdayGift_Negative": "เฮ้ เฮ้ เฮ้! เธอจำไ--$h#$b#...*ดมกลิ่น*...*ดมกลิ่น*... กลิ่นเตะจมูกนั่นอะไร...?$8#$b#...อ่อ$5",
  "FlowerDance_Accept": "โอ้... กับฉันเหรอ? ฮ่ะฮ่ะ... ได้ เอาสิ ฟังดูน่าสนุกดี!$10",
  "GreenRain": "อะไรเนี่ย! มันเป็นกรดหรือเปล่า? มันจะเจาะทะลุหลังคา มาย่อยพวกเราทุกคนทั้งเป็น ไหมเนี่ย?$8#$b#ฉันต้องดูแลให้น้องปลอดภัย!$7",
  "GreenRainFinished": "ดูเหมือนมันไม่ทำให้ อะไรเสียหายเลยนะ... ฝนนั่นพิลึกจริง เธอเป็นยังไงบ้าง?",
  "GreenRain_2": "เธอสังเกตไหม ว่าฝนนี่อุ่นขนาดไหน? อย่างกับมีชีวิตเลย...",
  "dating_Sam": "เอ่อ... แล้ว ฉันจูบได้ยังตอนนี้?$l",
  "dating_Sam_memory_oneday": "เมื่อคืนฉันนอนไม่หลับ ฉันเอาแต่จินตนาการถึงสิ่งต่างๆ ที่พวกเราจะทำด้วยกันน่ะ$10",
  "AcceptGift_(O)StardropTea": "โว้ววว... เดี๋ยวก่อน... นี่ให้ฉันเหรอ? ฉันไม่เคยนึกมาก่อนเลย! ขอบคุณนะ! ",
  "dating_Sebastian": "ฉันได้ยินว่าเธอกับแซบาสเตียนไปเที่ยวกันเหรอ... เขาควรต้องมาซ้อมวงทุกสัปดาห์อยู่นะ!",
  "married_Sebastian": "ว้าว ฉันไม่อยากเชื่อเลย ว่าเธอกับเซบาสเตียนจะลงเอยกัน วันเวลาเปลี่ยนไปเร็วจริงๆ ...$u#$e#เอ ไม่เป็นไร ฉันแน่ใจว่าเขาคงยังมีเวลา มาใช้เวลาด้วยกันแหละ",
  "married_Abigail": "เฮ้ คิดอะไรอยู่นั่นน่ะ? เธอเอามือกลองฉันไป!$8#$b#ฮ่าฮ่า ล้อเล่นน่ะ... ยินดีด้วย!$h",
  "eventSeen_45": "ฉันไม่ทำตัวเด่นสักพักดีกว่า ฉันไม่อยากให้ เทศมนตรีเลวิสเพ่งเล็ง!",
  "firstVisit_Sewer": "เฮเฮ้... เธอลงไปที่ท่อน้ำทิ้งมาสินะ? ฉันแอบลงไป มาสองสามรอบเหมือนกัน หลอนใช้ได้#$e#ฉันรู้ได้ไงน่ะเหรอ? อืมม... เอาเป็นว่า... 'จมูกบอกได้' แล้วกัน$h",
  "eventSeen_45_memory_oneweek": "แต่ถ้าเมืองมีลานสเก็ต ก็คงเจ๋งมากเลยไม่ใช่เหรอ?#$b#ทีนี้ จะกล่อมเทศมนตรีเลวิส ให้เชื่อยังไงดี...$s",
  "eventSeen_4081148_memory_oneday": "ถึงจะซ้อมไปทั้งหมดนั่น ฉันก็ทำพลาดบนเวที เยอะแยะอยู่ดี... หวังว่าจะไม่มีใครสังเกตนะ$s#$e#มันออกจะน่าสติแตกอยู่ ที่ต้องไปอยู่ข้างหน้าทุกคนน่ะ!$h",
  "eventSeen_733330_memory_oneday": "ถ้า... ฉันหมายถึง ตอนที่... พ่อของฉันกลับมา ฉันสงสัยจังว่า เขาจะเป็นเหมือนเดิม กับที่ฉันจำได้หรือเปล่านะ?$s",
  "Resort_Entering": "ว้าววว สถานที่สุดแจ่ม!",
  "Resort": "ฉันมั่นใจว่ามันต้องมีของเจ๋งๆ อยู่ในส่วนลึกของเกาะแน่ๆ#$e#วิลลี่บอกว่า พวกเราต้องอยู่แค่ตรงนี้ ก็นะ... พวกปัญหาความรับผิดชอบ อะไรพวกนั้นนั่นแหละ$s",
  "Resort_Leaving": "แสงอาทิตย์พวกนี้ ทำให้ฉันรู้สึกดีจังเลย$h",
  "Resort_Shore": "ดูเจ้าคลื่นสุดอลังพวกนี้สิ... คิดว่าไงรู้มะ? ฉันจะเก็บตังค์ ซื้อกระดานเซิร์ฟ",
  "Resort_Towel": "%แซมกำลังเล่นเพลงแจ๊สด้วยกีตาร์",
  "Resort_Towel_2": "บางทีฉันน่าจะ หัดเล่นอูคูเลเล่นะ#$e#แอ็บบี้เล่นกลองคองกา แล้วเซบาสเตียนก็เล่น กลองโลหะ... 'สรวงสวรรค์แห่งเพลิแกน'...$s#$e#มีอะไรรึเปล่า เธอดูกังวลๆ นะ$h",
  "Resort_Bar": "ฉันแค่มาเอาน้ำผลไม้น่ะ เดี๋ยวก็กลับไปที่ชายหาดแล้ว",
  "FlowerDance_Accept_Spouse": "โอ๊ย นี่ต้องใส่สูทพิลึกนั่น อีกแล้วเหรอ? คิดว่าพอแต่งงานกันแล้ว... เอาเถอะ ยอมก็ได้$s",
  "FlowerDance_Decline": "อืมม... ไม่รู้สิ ไว้ปีหน้าละกัน$s",
  "dumped_Guys": "...$a",
  "secondChance_Guys": "ก็ได้ ฉันเบื่อกับการทำตัวเย็นชาแล้ว เรามาลืมๆ กันไปดีกว่า ว่ามันเคยเกิดขึ้น$7",
  "breakUp": "เดี๋ยว... อะไรนะ?!$8#$b#ฉันนึกว่าพวกเราไปได้สวย ... ฉันเข้าใจผิดไปไกลเลยสินะ... งั้นก็ได้$9#$b#เอาสิ ได้อยู่แล้ว... เรายังเป็นเพื่อนกันได้นี่นะ$9",
  "divorced": "ฉันขอโทษ @ ฉันไม่คิดว่า จะยังสามารถ เป็นเพื่อนกับเธอได้$s",
  "Mon2": "เฮ้ เป็นไงบ้าง?#$e#เมื่อคืนฉันฝึกเล่นกีตาร์ 4 ชั่วโมงติดเลยน่ะ เจ็บนิ้วเป็นบ้า$s#$e#บาย ฉันมีอย่างอื่นต้องไปทำ",
  "Mon": "ไง ชาวไร่",
  "Mon8": "จะบอกความลับอะไรให้... ชื่อฉัน 'แซม' ย่อมาจาก 'แซมสัน'$10#$e#ไม่ค่อยมีคนรู้หรอก เหยียบไว้นะ",
  "Tue": "โอ้ ไง! ดีจังที่ได้เจอกันอีก#$e#ตามสบายนะ",
  "Tue4": "สวัสดี @ อยากออกไปเที่ยวเล่น หรืออะไรหน่อยมะ?#$e#การนอนหลับก็ดีนะ แต่บางทีก็ไม่อยากอ่ะ... มันเปลืองเวลาเกิน",
  "Wed": "ฉันคิดแผนการไว้นะ ว่าจะลองแต่งเพลงใหม่ให้วง แต่แบบหัวโล่งมาก...#$q 19/20 Wed_old#เฮ้... เธอว่าเพลงใหม่ของฉัน ควรเกี่ยวกับอะไรดี?#$r 20 30 Wed_20#ทำฟาร์ม ขุดแร่ และตัดไม้#$r 8820 30 Wed_20#เมืองในทะเล#$r 8821 30 Wed_20#รถไฟ#$r 19 -50 Wed_19#เลือกๆ ไปเถอะ... ยังไงมันก็ห่วย",
  "Wed_old": "$p 19#ไงก็เหอะ ฉันรู้อยู่แล้ว ว่าเธอคิดยังไงกับมัน$a|ต้องขอบใจที่เธอช่วย ตอนนี้ฉันแต่งเนื้อเพลงเสร็จละ!$h",
  "Wed_19": "เอ้ย ให้ตายเหอะ... แล้วมีปัญหารึไงฟระ? โทษนะที่ถาม$a",
  "Wed_20": "เฮ้ รู้อะไรไหม? นั่นมันสมบูรณ์แบบเลย ขอบใจ!$h",
  "Wed6": "ฉันเป็นเพื่อนกับเซบาสเตียน มานานแล้วอ่ะ เขาเป็นคนที่เจ๋งดีนะ#$e#ถ้าเธอทั้งสองคน ไม่ได้อยู่แถวๆ นี้ด้วย ฉันคงจะไม่มีเพื่อนสักคน ในเมืองนี้แน่ๆ เลย",
  "Wed10": "ไงเพื่อน ดูคึกคักจังนะวันนี้!^@ เอ่อ... ที่จริงฉันแค่อยากจะบอกว่า... เธอน่ารักดีนะวันนี้$l",
  "Thu6_1": "ฉันคิดว่าพ่อของฉัน น่าจะกลับมาในปีสองปีนี้แหละ#$e#ถ้าเป็นงั้นเธอน่าจะได้เจอเขา ถ้าเธอยังอาศัยอยู่ที่นี่อ่านะ#$e#เธอคงไม่ทิ้งฟาร์มไป หลังจากลงแรงกับมัน ไปมากขนาดนี้จริงมะ!",
  "Thu6_2": "... บอกไม่ถูกว่าฉันรู้สึกยังไง ที่พ่อกลับมานะ เขาดูแปลกไป$s#$b#ฉันว่าน่าจะเป็นเพราะ ฉันไม่ได้เจอเขามาตั้ง 3 ปี... ก็เลยเป็นแบบนั้นล่ะ",
  "Thu_3": "*ถอนหายใจ*... ฉันกำลังทำอะไร อยู่ที่นี่ละเนี่ย?",
  "Thu": "ช่วงนี้ของปี เมฆจะดู สวยมากเลยนะ ใช่ไหมล่ะ?#$e#หน้าตาเหมือน ไอศกรีมวานิลลา ที่ลอยอยู่บน ซอสราสเบอร์รี่ฟ้า... หรือฉันแค่กำลังหิว",
  "Thu2": "พ่อฉันเป็นทหาร ต่อสู้กับจักรวรรดิโกโตโร นั่นแหละคือเหตุผล ว่าทำไมเขาไม่อยู่ที่นี่...#$e#เขาจะต้องกลับมา สักวันหนึ่งแน่#$e#...ฉันได้ยินแต่เรื่องที่เลวร้าย เกี่ยวกับจักรวรรดิโกโตโร...$s",
  "Thu_2": "นี่ พ่อของฉันกลับมาแล้วนะ เจอเขาหรือยัง?#$b#ฉันแค่ดีใจ ที่เขาสบายดี",
  "Thu2_2": "นี่ พ่อของฉันกลับมาแล้วนะ เจอเขาหรือยัง?#$b#ฉันแค่ดีใจ ที่เขาสบายดีน่ะ",
  "Fri": "ฉันเคยบอกเธอหรือยัง ว่าฉันเคยอาศัยอยู่ในเมือง?#$e#มีอะไรเยอะแยะไปหมด แต่มันก็ทั้งเสียงดัง และวุ่นวายเช่นกัน... มันก็พูดยากนะ ว่าแบบไหนดีกว่ากัน",
  "Fri4": "พ่อของฉันอ่ะนะ เคยเป็นคนเก็บขยะในเมือง#$e#เธอไม่อยากรู้หรอก ว่าอะไรบ้างที่เขาเจอในขยะ ที่คนเราทิ้งๆ กันน่ะ",
  "Fri10": "ยิ่งฉันอายุมากขึ้น ฉันก็ยิ่งรู้สึก ผูกพันกับหุบเขา#$b#ถึงแม้ว่า ฉันจะมีอคติไปบ้าง... เพราะเหตุผลบางอย่างก็เหอะ$10#$e#แล้ว วันนี้เป็นไงบ้างล่ะ?$h",
  "Sat4": "โอ้! ฉันเพิ่งนึกได้ว่า ฉันต้องโทรหาคุณยายนี่ โอเค ฉันจะใส่สายรัดนี้ ไว้ที่ข้อมือจะได้ไม่ลืม#$e#ฉันต้องหาวิธี ที่เอาไว้ช่วยเตือนตัวเอง นิดๆ หน่อยๆ ไม่งั้นจะลืมทำอะไรต่อมิอะไร ซะสนิทเลยล่ะ$h",
  "Sat": "หืมมม ฉันจำได้ว่า จะทำอะไรสักอย่างนี่... แต่ฉันลืมไปแล้ว#$e#มันเป็นแบบนี้ตลอดเลย",
  "Sun8": "บางครั้งฉันก็สงสัยแฮะ ว่าแม่มีความสุขกับชีวิต จริงๆ รึเปล่า...$s#$e#ฉันเคยถามแม่ครั้งนึงนะ แล้วก็รู้สึกได้ว่า แม่ต้องซ่อนอะไรบางอย่าง ที่เจ็บปวดไว้ข้างในแน่นอน",
  "Sun": "โอ้ นี่มันวันที่แจ่มแจ๋วมากเลย... ใช่ม้า?",
  "10": "ได้ดูเกมที่แข่งเมื่อคืนรึเปล่า?#$b#เดี๋ยวนะ บ้านมีทีวีไหมเนี่ย...?",
  "14": "เหวอ ฉันเพิ่งเหยียบอะไร น่าขยะแขยงมาเนี่ย... รองเท้าคู่นี้เพิ่งซื้อมาเอง$s",
  "spring_21": "กลีบดอกไม้ที่ปลิวๆ ในฤดูใบไม้ผลิแบบนี้เนี่ย ทำให้ฉันน้ำมูกไหล$s#$e#สำหรับฉัน ฉันชอบฤดูร้อนที่สุด",
  "Event_band1": "นี่ เธอรู้อะไรเปล่า? นั่นแหละสไตล์ ที่ฉันกำลังคิดให้วง... เป๊ะเลย",
  "Event_band2": "นี่ เธอรู้อะไรเปล่า? นั่นแหละสไตล์ ที่ฉันกำลังคิดให้วง... เป๊ะเลย",
  "Event_band3": "นี่ เธอรู้อะไรเปล่า? นั่นแหละสไตล์ ที่ฉันกำลังคิดให้วง... เป๊ะเลย",
  "Event_band4": "นี่ เธอรู้อะไรเปล่า? นั่นแหละสไตล์ ที่ฉันกำลังคิดให้วง... เป๊ะเลย",
  "event_room1": "อ๋อ เข้าใจแล้ว",
  "spring_12": "ไอ้น้องชายตัวแสบของฉัน ตื่นเต้นสุดๆ กับพวกงานเทศกาลเนี่ย เขาพูดถึงงานล่าไข่ พรุ่งนี้ทั้งวันเลย",
  "spring_23": "เฮ้อ ทำไมงานระบำดอกไม้ ไม่จัดวันนี้นะ ฉันจะได้หยุดงาน สักวันนึงเนี่ย$s",
  "winter_7": "มีครั้งนึง กัสเคยตกลงไปในแม่น้ำ ระหว่างงานเทศกาลน้ำแข็ง พวกเราเลยต้อง รีบสร้างกองไฟ กองใหญ่ในซาลูน เพื่อที่จะทำให้ตัวเขาแห้ง#$e#พวกเราทุกคนล่ะ รู้สึกกังวลสุดๆ ว่าจะไม่มีโอกาสได้กิน สุดยอดสปาเก็ตตี้ ที่เขาทำอีกอ่ะดิ",
  "fall_26": "คืนนี้ หลังจากที่ทุกคนหลับไปแล้ว ตาเฒ่าแปลกๆ ที่อาศัยอยู่ในป่า จะตั้งเขาวงกตผีสิง เขาต้องทำให้แน่ใจเสมอว่า ไม่มีใครเห็นว่าเขา กำลังทำอะไร",
  "summer_10": "พรุ่งนี้ไม่ต้องทำงานล่ะ! รู้สึกดีชะมัดเลย$h",
  "winter_24": "งานเทศกาลแห่ง ดวงดาวฤดูหนาว ควรจะเป็นช่วงเวลา แสดงความขอบคุณสิ่งดีๆ ที่เกิดขึ้นในชีวิต#$b#ส่วนฉันน่ะเหรอ? สิ่งที่ฉันสนใจที่สุดในงาน คืออาหารน่ะสิ ฮ่าฮ่า$h",
  "event_room2": "ใช่... นั่นล่ะ สิ่งที่เกิดขึ้น!",
  "event_snack1": "ตามที่เขาพูด... นั่นล่ะสิ่งที่เกิดขึ้น$s^ตามที่เธอพูด... นั่นคือสิ่งที่เกิดขึ้น$s",
  "event_snack2": "ใช่แล้ว... นั่นคือสิ่งที่เกิดขึ้นล่ะ!",
  "event_snack3": "อะไรเนี่ย!? เขาโกหก!$a^อะไรเนี่ย!? เธอโกหก!$a",
  "summer_Mon2": "ว่าไง เป็นไงมั่ง?#$e#ฉันหิวจัง#$e#ไว้เจอกันนะ",
  "summer_Mon6": "เคยไปที่ทะเลทรายรึยัง?#$e#เธอจะได้เจออะไร น่าสนใจที่นั่นนะ พ่อเคยพาฉันไปสองครั้ง ตอนที่ฉันยังเด็กน่ะ",
  "summer_Mon": "ฤดูร้อนจะไม่ค่อยมี ละอองเกสรดอกไม้... จมูกฉันโล่งมากเลยล่ะ",
  "summer_Tue": "โอ๊ะ ไง! ดีใจที่ได้เจอกันอีกนะ#$e#ไปก่อนนะ บาย",
  "summer_Tue4": "ไง @ อยากออกไปเที่ยวเล่น หรืออะไรหน่อยไหม?#$e#ฤดูร้อนนี่ ฉันล่ะคึกสุดๆ เลย แทบไม่นอนเลยล่ะ!",
  "summer_Wed": "สวัสดี วันนี้หยุดพักเหรอ?#$e#น่าสนใจนะเนี่ย",
  "summer_Wed2": "เมื่อคืนฉันเห็นแมงมุม ไต่อยู่บนเพดาน พวกมันต้องชอบที่อุ่นๆ แน่ๆ#$e#หวังว่ามันจะไม่ไต่เข้ามา ในปากตอนฉันหลับนะ...$s",
  "summer_Thu": "พ่อเคยบอกฉัน เกี่ยวกับศัตรูของประเทศเรา จักรวรรดิโกโตโร... พวกเขาฟังดูเหมือน พวกโหดเหี้ยม",
  "summer_Thu6_2": "บางครั้ง ฉันได้ยินเสียงพ่อ เดินวนไปวนมาในห้องโถง ตอนกลางคืน$s#$b#...แต่พ่อไม่ยอมบอก ว่ากลุ้มใจเรื่องอะไร",
  "summer_Fri": "รู้เปล่า... ฉันเคยอาศัยอยู่ในเมือง และฉันยอมรับเลยว่า ฤดูร้อนที่นี่ดีกว่ามาก$h#$e#ในเมืองน่ะร้อนมาก เพราะมีแต่คอนกรีต",
  "summer_Sun": "ถ้าเธอเห็นบอลลูน ลอยอยู่เหนือมหาสมุทรนะ เธอก็รู้แล้วล่ะว่า ตอนนี้เข้าสู่ฤดูร้อน แบบเต็มสูบ",
  "fall_Mon2": "ฉันชอบเดินเล่นในป่า ในช่วงเวลานี้ของปี อากาศช่างสบายเหลือเกิน#$e#...$h",
  "fall_Mon": "โอ้ ไง ได้เป็นเพื่อนกับทุกคนในเมือง แล้วรึยังล่ะ?#$e#บาย",
  "fall_Tue": "ดูเหมือนรองเท้าของฉัน มักจะพังช่วงนี้ของปี ทุกทีเลยแฮะ ดูสิ นิ้วเท้าฉันโผล่ออกมาเลย!$h#$e#นี่คือสิ่งที่เกิดขึ้น ถ้าเธอเล่นสเกตบอร์ด มากเกินไป",
  "fall_9": "ฉันสั่งซื้อรองเท้าคู่ใหม่ ทางออนไลน์แล้ว แบบเดียวกับคู่เดิม คิดว่าคงจะใส่ได้พอดีล่ะนะ",
  "fall_16": "ฉันสั่งรองเท้าออนไลน์ ไปอาทิตย์กว่าแล้วนะ! เฮ้อ ยังไม่ถึงเลย นานป่านนี้แล้วอ่ะ#$e#พวกเรา คงอยู่ไกลปืนเที่ยงจริงๆ แหละ$s",
  "fall_23": "อา ได้ใส่รองเท้าใหม่นี่ มันรู้สึกดีจริงๆ ถึงมันจะกัดนิดหน่อยก็เถอะ แต่เดี๋ยวก็คงหายแล้ว โดยเฉพาะหลังจากที่ฉัน ใส่ไปวิ่งเล่นในเขาวงกตผีสิง สุดสัปดาห์นี้น่ะ$h",
  "fall_Tue4": "ไง @ อยากจะไปหาอะไรทำ หรืออะไรทำนองนั้น ด้วยกันไหม?#$e#แวะมาหาได้ตลอดนะ ถ้าต้องการ",
  "fall_Wed": "เฮ้... กลิ่นดีนี่ เหมือนพิซซ่าเลย#$e#ได้กลิ่นรึเปล่า? สงสัยแม่ทำอาหาร อะไรอยู่แน่เลย",
  "fall_Thu6_1": "ฉันคิดว่า พ่อน่าจะกลับมาปีหน้า#$e#อีกแป๊ปเดียวเองมั้ง แปลกแฮะ",
  "fall_Thu6": "สงสัยฉันคงต้องเริ่มคิดถึง เรื่องการย้ายออกจากบ้าน เร็วๆ นี้แล้วล่ะ...$s#$e#...แต่ฉันคงจะคิดถึง ปลาอบฝีมือแม่แน่ๆ ไม่รู้สิ...$s#$e#เกลียดการตัดสินใจจัง",
  "fall_Thu": "เธอเคยสังเกตไหม ว่าในช่วงฤดูใบไม้ร่วง จะมีใยแมงมุมเกิดขึ้นมา?#$e#ถ้าเธอตื่นเช้านะ เธอจะเห็นมัน ถูกปกคลุมด้วยน้ำค้าง... เหมือนกับดาวดวงน้อยๆ เลยล่ะ",
  "fall_Fri": "ฉันเคยอยู่ในเมืองซูซูนะ รู้เปล่า สิ่งที่ต่างกัน อย่างเห็นได้ชัดเลยก็คือ เรื่องเสียงนี่แหละ เมืองใหญ่ไม่เคยเงียบสงบ#$e#ผู้คนก็เยอะเต็มไปหมด แถมเมืองยังสว่าง ไปด้วยแสงไฟตลอดเวลา แม้แต่ในยามค่ำคืน#$e#จะชอบแบบไหน ก็คงขึ้นอยู่กับ แต่ละบุคคลล่ะมั้ง",
  "fall_Fri10": "ฉันคิดว่าฉันมาถึงจุดที่ ชอบชนบทมากกว่า ในเมืองแล้วล่ะ$h#$b#ถึงแม้ว่า ฉันจะมีอคติไปบ้าง... เพราะเหตุผลบางอย่างก็เหอะ$10#$e#แล้ววันนี้ เธอเป็นยังไงบ้าง?$h",
  "fall_Sat4": "ฉันโชคดี ที่ได้ห้องใหญ่ที่สุดในบ้าน เป็นของตัวเอง#$e#เดาว่าคงจะเป็นข้อดี ของการเป็นลูกคนโตสินะ",
  "fall_Sat": "หืมมม ฉันจำได้ว่า จะทำอะไรสักอย่างนี่... แต่ฉันลืมไปแล้ว#$e#มันเป็นแบบนี้ตลอดเลย",
  "fall_Sun8": "สัปดาห์แรกของฤดูใบไม้ร่วง ผ่านไปแล้ว ให้ตายสิ ผ่านไปไวซะจริง$s#$e#ยังไงก็ตาม ฉันดีใจนะที่เธอมาหา!#$e#มีอะไรใหม่ๆ มาเล่าให้ฟังไหม?",
  "fall_Sun": "มันยากอยู่นะ ที่จะหาอะไรสนุกๆ ทำในวันอาทิตย์... ก็ฉันเอาแต่คิดว่า พรุ่งนี้จะต้องไปทำงานน่ะสิ$s",
  "fall_14": "ไง @#$e#อื้มมม... ฉันชักสงสัยแล้วสิ ว่าปลูกต้นกระบองเพชร ไว้ในห้องตัวเองได้ไหม?",
  "winter_Mon2": "ใครๆ ก็เอาแต่อยู่ในบ้าน ในช่วงฤดูหนาวกันทั้งนั้น เพราะงั้นฉันจะเล่นกีตาร์ เสียงดังแค่ไหนก็ได้$h",
  "winter_Mon": "ว่าไง... หนาวเนอะ ว่าไหม?",
  "winter_Tue": "โอ้ ไง! ดีจริงๆ ที่ได้เจอกัน#$e#ตามสบายเลยนะ",
  "winter_Tue4": "ไง @ อยากออกไปเที่ยว หรือทำอะไรไหมล่ะ?#$e#อืมก็ ตอนนี้เป็นเวลาดีเลยล่ะ ที่จะนอนชดเชยเวลานอน ที่ฉันพลาดไปทั้งหมด$h",
  "winter_Wed": "$d Joja#ฉันโคตรเกลียด การทำงานที่ร้านโจจ้าเลย แต่ไม่งั้นฉันจะทำงานอะไร เพื่อหาเงินในเมืองนี้กันล่ะ?|ฉันดีใจจังที่ได้ทำงาน ที่พิพิธภัณฑ์ตอนนี้ มันน่าสนใจมากกว่า ที่ชวนหดหู่อย่าง ร้านโจจ้ามากๆ เลย",
  "winter_Thu6_1": "ฉันคิดว่าพ่อน่าจะกลับมา ในฤดูใบไม้ผลิ ที่จะมาถึงนี้ล่ะ#$e#มันก็ผ่านมาตั้ง 3 ปีแล้ว ตั้งแต่ที่ฉันเจอเขาครั้งสุดท้าย คงจะรู้สึกแปลกๆ ล่ะนะ",
  "winter_Thu6": "พ่อกลับมาที่บ้าน ได้พักใหญ่แล้ว ฉันว่าฉันก็เริ่มชินแล้วล่ะ",
  "winter_Thu": "พ่อของฉันอยู่ในกองทัพ ต่อสู้กับจักรวรรดิโกโตโร นั่นแหละคือเหตุผล ว่าทำไมเขาไม่อยู่ที่นี่#$e#แต่ยังไง เขาก็จะกลับมาเร็วๆ นี้แล้ว",
  "winter_Thu_2": "อย่างหนึ่งที่ดี เกี่ยวกับฤดูหนาวก็คือ... ยุงหายไปหมด",
  "winter_Fri": "สิ่งที่แย่ที่สุดของหิมะก็คือ มันทำให้เท้าของเธอ เปียกแฉะอ่าสิ เธอโชคดีนะ ที่มีบูทหนาๆ คู่นั้น",
  "winter_Sat4": "ฉันเพิ่งจะนึกได้ว่า ต้องเปลี่ยนสายกีตาร์ใหม่ แล้วล่ะ#$b#โอเค งั้นฉันจะเขียนเอาไว้ ที่ข้อมือแล้วกัน จะได้นึกได้ออกว่า ต้องทำมันคืนนี้#$e#ฉันต้องหาวิธี ที่เอาไว้ช่วยเตือนตัวเอง นิดๆ หน่อยๆ ไม่งั้นจะลืมทำอะไรต่อมิอะไร ซะสนิทเลยล่ะ$h",
  "winter_Sun8": "คงสนุกดีเนอะ ถ้าเราได้ไปเล่นเลื่อนหิมะกัน?#$e#แต่ฉันว่า แถวนี้ไม่มีเนินเขาดีๆ เลย$s#$e#และอีกอย่าง ฉันก็ไม่มีเลื่อนหิมะด้วย#$e#อืม แล้วช่วงนี้เธอเป็นไงมั่งอ่ะ?",
  "winter_Sun": "พยายามอย่าทำให้ บ้านเลอะนะ ไม่งั้นเดี๋ยวแม่ฉันโกรธแน่"
}
