{
  "accept_866": "กุหลาบจาก สตาร์ดิวแวลลีย์เหรอ? น่ารักจัง ขอบคุณนะ!$h#$b#ถ้าเมื่อไหร่ ที่ฉันคิดถึงหุบเขา ฉันจะดมกุหลาบนี่แล้วกัน ฮิฮิ$h#$b#นี่เอาไปสิ มันอยู่บนชั้นมา 10 ปีแล้ว ไม่มีใครซื้อเลย เธอเอาไปได้นะ!",
  "AcceptGift_(O)18": "โอ้ ว้าว! ไม่มีอะไรจะบ่งบอกถึง 'ฤดูใบไม้ผลิ' ได้เหมือนกับดอกแดฟโฟดิล จากสตาร์ดิวแวลลีย์!$h",
  "AcceptGift_(O)StardropTea": "ว้าว นี่ของหายากเลยนะ... ฉันไม่อยากจะเชื่อเลยว่า เธอจะมอบมันให้กับฉัน! ขอบใจนะ ที่รัก!",
  "AcceptGift_(O)418": "อา... แม้แต่ในฤดูหนาว สตาร์ดิวแวลลีย์ ก็มีดอกไม้สวยๆ",
  "GreenRain": "ฉันได้ยินมาว่า ที่หุบเขาก็มี สภาพอากาศที่นานๆ จะเกิดขึ้นสักครั้ง บ้างเหมือนกัน#$e#ฉันก็อยากให้ที่นี่ ฝนตกกับเขาบ้าง...$s",
  "married_Emily": "งานแต่งงานเป็นยังไงบ้างล่ะ? เอมิลีแวะมาหาฉัน ก่อนหน้านี่ และบอกฉันเรื่องกำหนดการ ต่างๆ ของเธอ#$b#ไว้ฉันจะแวะไปเยี่ยม พวกเธอ 2 คนที่ฟาร์มบ้างนะ!",
  "AcceptGift_(O)402": "*ดม*... อืมม... ดอกสวีทพีนี่ กลิ่นหอมมากเลย",
  "Mon": "หวัดดี โอ้ สวัสดีจ้ะที่รัก!#$b#ฉันดีใจจริงๆ ที่รถบัสนั่น กลับมาใช้งานได้อีกครั้ง ที่นี่เริ่มไม่ค่อยมีคนแล้วล่ะ#$e#...ฉันเกือบจะขายกิจการ ที่นี่ทิ้งไปแล้ว$s#$e#แต่ดูสิ ตอนนี้เธอก็อยู่นี่แล้วไง เธอจะมาซื้อเมล็ดพันธุ์ของฉัน ยกแผงเลย... ใช่ไหมจ๊ะที่รัก?$h",
  "Tue": "เธอจะเจอมะพร้าว และผลกระบองเพชร ได้ที่ข้างนอกนะ เอาไปได้ตามต้องการเลย#$e#และพวกมันก็อร่อยมากด้วย ฮี่ๆ!~$h",
  "Wed": "ไง สวัสดี! ถ้าเธอเจอเอมิลีเพื่อนของฉัน ฝากทักทายเธอแทนฉันด้วย ได้ไหมจ๊ะ?#$e#ขอบคุณ!$h",
  "Thu": "มีผู้ชายที่ดูน่าสงสัย ข้างหลังนั่นเหรอ? ฉันไม่สามารถพูดได้น่ะ#$e#ยังไงก็เถอะ... สภาพอากาศในหุบเขา เป็นยังไงบ้าง?",
  "Fri": "โชคไม่ดีเลยนะจ๊ะ เธอจะมาทำฟาร์มแถวๆ นี้ ไม่ได้หรอกนะ ที่รัก#$e#ก็ ยกเว้นซะแต่ว่า เธอจะเป็น นักปลูกกระบองเพชร$h",
  "Sat": "ดีจ้า! ยินดีต้อนรับท่านเข้าสู่ โอเอซิสของแซนดี้ จุดหมายปลายทางอันดับหนึ่ง ของทะเลทรายคาลิโก้!#$e#*กระซิบ* เป็นไง? ฉันดูเป็นมืออาชีพหรือเปล่า?$h#$e#อย่าลืมมาเลือกซื้อ เมล็ดพันธุ์ตามฤดูกาล ของเราด้วยนะ#$e#ดูเธอจะหิวน้ำนะ เอ้านี่ เอานมเย็นๆ ไปดื่ม [184]#$e#อร่อยไหม หือ?$h",
  "Sun": "ที่นี่มีแดดออกตลอดทั้งปี นั่นแหละ แม้จะเป็นฤดูหนาวก็เถอะ!#$e#อันที่จริง มันออกจะร้อนนิดหน่อย สำหรับฉัน... ผิวของฉันมันไหม้เร็วมาก ถ้าอยู่กลางแดด$s",
  "Thu2": "ผู้ชายหน้าโหดๆ ข้างหลังนั่นน่ะเหรอ? ฉันว่าอย่าไปพูดถึงเขา เลยดีกว่า#$e#เอ่อ... ว่าแต่ ตอนนี้ในหมู่บ้านอากาศ เป็นยังไงบ้างล่ะ?",
  "Thu4": "เฮ้... ฉันว่าฉันเชื่อใจเธอได้นะ เธอเก็บความลับได้ ใช่ไหม?#$b#*กระซิบ* ผู้ชายที่อยู่ด้านหลัง... น่าจะเกี่ยวข้องกับคลับพิเศษ อะไรสักอย่าง ฉันไม่เคยเข้าไปเองหรอก แต่พวกเขาใจกว้างจ่ายเงิน ค่าเช่ารายเดือนก้อนโต ฉันก็เลยไม่ถามอะไรอีก#$e#แล้วววววว! อากาศในสตาร์ดิวแวลลีย์ เป็นยังไงบ้างละจ๊ะตอนนี้?",
  "Fri4": "จริงๆ แล้ว ชื่อของฉัน ไม่ใช่แซนดี้หรอกรู้ไหม มันแค่ชื่อทางธุรกิจน่ะ#$e#แต่ก็นะ ใครๆ ก็เรียกชั้นว่าแซนดี้ กันทั้งนั้นแหละ ฉันก็เลยชิน กับชื่อนี้ไปซะแล้ว",
  "Wed8": "เธอมาที่ทะเลทรายนี่บ่อยๆ ไม่เปลืองเงินค่ารถหรือไง?#$e#เธอต้องชอบมาหาฉันมากแน่ๆ ใช่ไหม? หืมมม...$h||*ถอนหายใจ*... ฉันคิดถึงดอกไม้สวย ๆ ที่สตาร์ดิวแวลลีย์จัง...$s",
  "Sun8": "ไงจ๊ะที่รัก ใช่สิ ที่นี่ก็มีแต่ฉันนี่แหละ ในร้านเก่าๆ นี่ อืมมม...#$e#ก็แบบ ที่จริงก็มีอีกคนนะ ผู้ชายท่าทางน่ากลัวๆ ข้างหลังนั่นไง แต่เขาแทบจะไม่ขยับตัวด้วยซ้ำ ฉันก็เลยลืมเขาไปบ่อยๆ น่ะ",
  "Wed10": "เฮ้ นี่มัน @! นี่นา ฉันดีใจที่ได้เจอเธอนะ ฉันเริ่มคิดว่า เธอจะไม่กลับมาแล้วรู้ไหม!#$e#ถ้าไม่ติด ว่าฉันต้องมาเฝ้าร้านนี่ ฉันก็อยากจะกลับไป เยี่ยมหมู่บ้านพร้อมกับเธอ สักวันสองวันเหมือนกัน... แค่เธอกับฉัน ที่ฟาร์มเก่าๆ$s#$e#เธอต้องมาหาฉัน ให้บ่อยกว่านี้นะรู้ไหม ฉันจะได้ไม่เหงาไง$h",
  "Tue10": "ไงจ๊ะ~! เชิญตามสบายนะ#$e#เครื่องปรับอากาศเนี่ย ช่วยให้รู้สึกเยี่ยมไปเลย ใช่ไหมล่ะ?"
}
