{
  "Mon": "ผมไม่รู้จักคุณ มาคุยกับผมทำไม?",
  "AcceptBirthdayGift_Loved": "โอ้ นี่วันเกิดผมเหรอ? ผมลืมไปซะสนิทเลย#$b#แต่ของอันนี้่ยอดไปเลยนะ ขอบใจ$h",
  "AcceptBirthdayGift_Liked": "โอ้ นี่วันเกิดผมเหรอ? นั่นสินะ... เกือบลืมไปแล้วนะเนี่ย ขอบใจ",
  "GreenRain": "วันนี้ผมไม่ต้องไปทำงาน เพราะงั้นก็ไม่มีอะไรจะบ่น...",
  "GreenRain_2": "โอ้ วันนี้อากาศมัน แปลกๆ ไปจากทุกทีเหรอ? ผมไม่เห็นจะรู้",
  "AcceptGift_(O)StardropTea": "โฮ่... ขอบใจ รสชาติเหมือนเบียร์เลย",
  "FlowerDance_Accept": "อืม... ได้สิ#$e#งั้นผมต้องหยุดกินซะแล้ว...",
  "AcceptGift_(O)203": "โอ้ นี่ทำเองเหรอ? *แซ่ก*... อืม... *ผัวะ*... ผมคิดว่าผมก็ยัง ชอบพิซซ่ามากกว่า แต่ก็ขอบใจ",
  "eventSeen_611944_memory_oneweek": "คุณได้ลองชิม บับเบิลริโตใหม่ ของโจจ้ารึยัง? เมื่อวานนี้ฉันกินไปตั้ง 2 อัน พลาดมาก...",
  "dating_Shane": "ผม... ไม่นึกไม่ฝันเรื่องนี้เลย ทั้งๆ ที่ผมเอาแต่ทำให้คุณ เดือนร้อน...",
  "dating_Shane_memory_oneday": "ผมคิดว่า ผมคงจะเป็นผู้ชาย ที่โชคดีที่สุดในโลก... $h",
  "eventSeen_3910975": "โทษทีที่คุณต้องไปเห็นผม ในสภาพนั้น @...$s",
  "eventSeen_3910975_memory_oneweek": "ผมพยายามจะเลิกดื่มเหล้า... แต่มันคงจะไม่ง่ายเลย",
  "Resort_Entering": "ฮึ... หวังว่าบาร์จะเปิดนะ",
  "Resort_Leaving": "เอาล่ะ... ผมได้วิตามิน ดี สำรองของทั้งปีมาแล้ว ผมจะปิดม่านเล่นเกม มันไปตลอดปีที่เหลือเลยคอยดู",
  "Resort_Shore": "ตามนั้นแหละ ผมจะไม่ใส่ทั้งรองเท้า หรือถุงเท้าหรอก#$b#บางคนบอกว่ามันเป็น ความเสี่ยงด้านสุขอนามัย#$b#แต่พวกปูก็ดูมีความสุขดีนี่$h",
  "Resort_Chair": "ฮู่ว...รู้สึกดีมาก ที่ได้นั่งพักน่องแบบนี้#$b#ถ้าใครถามหาผมละก็ ผมจะนั่งอยู่นี่ นั่งแช่มันอยู่ตรงนี้แหละ",
  "Resort_Bar": "เฮ้อ... ได้ดื่มเครื่องดื่มเย็นๆ สักแก้ว แล้วรู้สึกดีชะมัด...#$e#หรืออาจจะ 2-3 แก้ว...",
  "Resort": "โอเค ทรายพวกนี้ร้อนระอุ ผมเสียใจแล้ว ที่ไม่ได้ใส่รองเท้า$s",
  "FlowerDance_Accept_Spouse": "เต้นรำเหรอ? กับผม ได้สิ... ให้ผมลองซ้อมเต้น สักสองสามรอบก่อนนะ...",
  "FlowerDance_Decline": "...ไม่$s",
  "pamHouseUpgrade": "ผมได้ยินมาว่า คุณสร้างบ้านให้แพม... นั่นช่างมีน้ำใจจริงๆ...#$b#คุณรู้ไหม เงินแสนนั่น ผมใช้เองยังได้นะ...#$e#*อะแฮ่ม* ...อ่า ...แค่ล้อเล่นน่ะ ...แหะๆ",
  "pamHouseUpgradeAnonymous": "ผมได้ยินมาว่า มีคนสร้างบ้านให้แพม... *ถอนหายใจ*... แพมไปทำอะไรเหรอ ถึงได้รับความกรุณา แบบนั้น??",
  "divorced": "...$a#$e#...อย่ามายุ่งกับผม$a",
  "breakUp": "*กลืนน้ำลาย* โอ้... ใช่ ก็ได้... ผมเดาไว้อยู่แล้ว ว่าสักวันมันต้องเป็นแบบนี้$s#$b#ผมจะ... เอ่อ... เดาว่าผม คงได้เจอคุณที่ซาลูน",
  "dumped_Guys": "%ดวงตาของเชนไร้ซึ่งประกาย เขาไม่ยอมพูดกับคุณ",
  "secondChance_Guys": "ผมไม่เข้าใจคุณเลย... *ถอนหายใจ*...",
  "Mon2": "ผมแทบจะไม่รู้จักคุณเลยนะ มาคุยกับผมทำไม?||มีจุดประสงค์อะไร ถึงมาคุยกับผม? ผมไม่ต้องการเพื่อนหรอก",
  "Mon4": "เฮ้ ขอโทษด้วยนะ ที่ทำตัวไม่ดีไป ตอนที่เราเจอกันครั้งแรกน่ะ#$e#มันต้องใช้เวลาสักหน่อย กว่าผมจะเปิดใจคุย กับคนแปลกหน้าได้น่ะ||มันต้องใช้ความทุ่มเทอย่างมาก ในการเป็นเพื่อนกับใครสักคน อยู่คนเดียวมันง่ายกว่า",
  "Mon6": "บอกตามตรง ผมก็ยังไม่เข้าใจเลยว่า ทำไมคุณถึงต้องอยากจะมา เป็นเพื่อนกับผม||ชีวิตมันไม่ยุติธรรม แล้วผมจะทำอะไรได้ นอกจากกล่ำกลืนฝืนทน",
  "Mon10": "คุณเคยรู้สึกเหมือนโลกทั้งใบ เอาแต่คอยจับจ้องคุณ เหมือนกับแมลง ที่น่ารังเกียจรึเปล่า?",
  "Tue": "หา? คุณต้องการอะไร? ไปให้พ้นเลย",
  "Tue2": "คุณต้องการอะไรจากผม? เงินเหรอ? ผมจะให้ทองกองใหญ่เลย ถ้าปล่อยให้ผมอยู่คนเดียว!",
  "Tue4": "ทุกครั้งที่ผมพยายาม ลองทำอะไรใหม่ๆ มันจะผิดพลาดไปหมด มันทำให้ผมเรียนรู้ที่ อยู่เฉยๆ ในกระดองดีกว่า",
  "Tue6": "ชีวิตมันก็ไม่ได้แย่ อะไรมากหรอก... อย่างน้อยผมก็ยังมี พิซซ่าแช่แข็งกับไข่ล่ะนะ$u",
  "Tue8": "เราน่าจะไปดู เดอะทัลเนลเลอร์ แข่งบ้างนะ เวลาผมดูคนเดียวทีไร ผมกินเบียร์เกินเยอะไปทุกที",
  "Tue10": "ผมต้องทำพยายามเข้าไว้ เพื่อแจส ผมไม่อยากจะเป็น ตัวอย่างที่ไม่ดีให้กับแจส||ผมเป็นเหมือนกับพ่อของแจส ผมหวังว่า ผมคงจะไม่ทำให้เธอ ผิดหวังเกินไป$s",
  "Wed": "ไม่ล่ะ ผมไม่มีเวลา มาคุยกับคุณหรอกนะ",
  "Wed8": "ผมเริ่มผูกพันกับ มานีและแจสแล้ว พวกเราเป็นพวกแปลกแยก แต่มันก็รู้สึกเหมือนกับว่า เป็นครอบครัวแบบแปลกๆ#$e#ผมไม่ค่อยคุ้นกับอะไร อย่างครอบครัว มาตั้งแต่เด็กแล้ว$s",
  "Wed4": "$d Joja#*ถอนหายใจ* ...วันๆ มีแต่เรื่องซ้ำซาก เติมสินค้าใส่ชั้นวางบ้าบอ ไปซาลูน แล้วก็นอนไม่หลับ กระสับกระส่ายทั้งคืน$s|ผมเกลียดงานที่ร้านโจจ้า แต่ตอนนี้ผมตกงานแล้ว นี่มันเลวร้ายกว่าซะอีก$s",
  "Thu": "คุณต้องการอะไรกัน? อย่ามายุ่งกับผม",
  "Thu4": "คุณนี่มันดื้อด้านจริงนะ ผมล่ะแปลกใจจริงๆ ที่มีคนสนใจ จะคุยกับผมขนาดนั้น",
  "Thu6": "ฮึ... โจจ้าโคล่าอยู่ไหนละเนี่ย?||จะพยายามไปทำไม? ชีวิตก็เหมือนการทอยลูกเต๋า#$e#พอทอยมาออกที่ฉันทีไร ลูกก็หล่นจากโต๊ะทุกที",
  "Thu8": "ชอบคุยกับผมนักเหรอ? งั้นผมจะเชื่อคุณก็ได้... บางทีคุณอาจจะแปลกๆ เหมือนผมก็ได้$h",
  "Fri": "ไม่ทำงานทำการรึไง?",
  "JojaMart": "%เชนกำลังทำงานอย่างขะมักเขม้น เขาไม่สนใจที่จะคุยกับคุณ",
  "Fri4": "$d Joja#อะไรคือความหมายของชีวิต ถ้าทั้งชีวิตทำแต่งาน?|ผมไม่มีเงินจะจ่าย ค่าเช่าห้องด้วยซ้ำ แต่มานีก็ยังให้ผมอาศัยอยู่ ผมโชคดีจริงๆ",
  "Fri6": "ยังไงคืนนี้ ผมก็ต้องไปซาลูนแน่อยู่แล้ว มันมีอะไรอย่างอื่น ให้ทำด้วยรึไง?",
  "Fri8": "แหวะ... คุณจินตนาการออกไหมล่ะ ว่าตับของผม จะยับเยินขนาดไหน?$s#$e#ร่างกายของผม แก่เกินอายุจริงไปตั้ง 20 กว่าปี...$s",
  "Fri10": "ผมปวดเนื้อตัวน้อยลงมาก ตั้งแต่ที่ผมเลิกเหล้า#$e#แต่มันก็ยังรู้สึกเหมือน เดินโซเซอยูู่ริมขอบหน้าผา...$s",
  "Sat": "จะมากวนผมทำไม? ผมอยากอยู่คนเดียว",
  "Sat2": "#$1 ShaneJOSH#ผมล่ะแปลกใจจริงๆ ที่คุณยังพยายาม จะเป็นเพื่อนกับผม นี่ผมยังหยาบคายกับคุณ ไม่พออีกเหรอ?#$e#*ถอนหายใจ*...$s",
  "Sat4": "$d Joja#ผมเช่าห้องกับมานี ด้วยราคาดีมากๆ มันเล็ก แต่ผมจะบ่นอะไรได้ล่ะ|ถ้าผมเริ่มชีวิตใหม่ได้นะ ผมจะเปิดฟาร์มไก่ แน่นอนว่า ต้องเป็นไข่ไก่ไร้กรงเท่านั้น",
  "Sat8": "ผมน่ะเริ่มรู้สึก ผูกพันจริงๆ จังๆ กับบรรดาไก่ ของมานีซะแล้วล่ะ$h||ไก่ไม่มีวันทำให้คุณเสียใจ แต่ถ้ามนุษย์ ก็ไม่แน่...",
  "Sat10": "ฟาร์มของคุณดูเหมือนจะ เป็นสถานที่ที่ยอดเยี่ยม ในการเลี้ยงไก่$h",
  "Sun": "ผมยุ่งอยู่ ไม่เห็นเหรอ?||...ผมไม่มีอารมณ์ จะคุยกับใคร",
  "Sun2": "คุณอีกแล้วเหรอ? จะต้องให้ผมบอกกี่ครั้ง ว่าอย่ามายุ่งกับผม?$s",
  "Sun4": "อืม... นี่มัน %time แล้ว ผมควรจะโยนพิซซ่าแช่แข็ง ใส่ในไมโครเวฟเลย หรือจะรอก่อนดี?$u||ถ้าเดอะทัลเนลเลอร์ชนะ ฉันจะเปิดขวดฉ่ำๆ เพื่อฉลอง#$e#แต่ถ้าแพ้? ฉันจะเปิดขวดฉ่ำๆ เพื่อให้ลืมความเศร้า",
  "Sun6": "...ผมคิดว่า ผมต้องอ้วนขึ้นแน่เลย$s",
  "Sun8": "ถ้าผมดูทีวีเยอะๆ บางทีผมอาจจะ ลืมเรื่องในชีวิตจริงไปก็ได้ แบบนั้นคงจะผ่อนคลายน่าดู$u",
  "Sun10": "ไง @ วันนี้เป็นวันที่ดีของผมล่ะนะ$h",
  "event_room1": "โอเค... นั่นจำเป็นต้องมีบทพูดดีๆ บางทีผมควรจะให้ เอลเลียตช่วยแนะนำ เมื่อผมเจอกับเขาที่ซาลูนนะ$s",
  "event_room2": "ฟังดูดีนี่ ผมคงต้องไปทำเอฟเฟคพิเศษ เพื่อทำให้มันดูเจ๋งแล้วล่ะ",
  "event_noLoan1": "ผมไม่รู้มาก่อนเลย ว่าคุณเป็นคนขี้เหนียว...$s",
  "event_noLoan2": "โอเคครับ พ่อ...$s^โอเคครับ แม่...$s",
  "event_noLoan3": "โอ้ว ว้าววว...$s",
  "event_apologize1": "...นั่นสินะ ผมก็เหมือนกัน",
  "event_apologize2": "ผมรู้... นั่นเป็นเหตุผลที่ฉันแวะมา เพื่อบอกคุณเกี่ยวกับ เรื่องนี้",
  "event_apologize3": "ว้าว จริงจังขนาดนั้นเลย หืม? ผมแทบจะ จำไม่ค่อยได้เลย...",
  "event_stadium1": "โอ้ เหรอ? ก็สมเหตุสมผลนะ$6#$b#ผมเหรอ? บางครั้ง ผมก็เบื่อเมืองเพลิแกน#$b#แต่... ผมชอบที่คุณต่างออกไป เราจะได้เติมสมดุล ให้กันและกัน$l",
  "event_stadium2": "โอ้ว จริงเหรอ? แปลกใจแฮะ... ไม่ใช่ว่าคุณย้ายมาที่ สตาร์ดิวแวลลีย์ เพื่อหนีจากเสียงวุ่นวาย ของเมืองเหรอ?$6#$b#ผมหมายถึง... อย่าเข้าใจผมผิดนะ ผมเข้าใจจริงๆ ชีวิตผมในเมืองเพลิแกน นั่นน่ะค่อนข้างจืดชืดน่ะ คุณก็รู้"
}
