{
  "Introduction": "อ๊ะ คนแปลกหน้า! ผมชื่อวินเซนท์ครับ#$b#คุณแม่บอกผมว่า ห้ามคุยกับคน แปลกหน้า... แต่กับคุณ น่าจะไม่เป็นไร",
  "AcceptBirthdayGift_Positive": "นี่ของขวัญวันเกิดเหรอ? ผมเปิดเลยได้รึเปล่า?#$b#โอ้ ว้าว! นี่เป็นของที่ ผมอยากได้สุดๆ! เย่เย่เย่เย๊!$h",
  "AcceptBirthdayGift_Negative": "ของขวัญวันเกิดเหรอ? อ้อ... ไม่สนุกเอาซะเลย$s",
  "AcceptGift_(O)StardropTea": "ว้าว! หวานจังเลย! อื้มมมมม....",
  "AcceptGift_(TR)FrogEgg": "*แซ่ก* *แซ่ก* ... ยึ๊ยยย! ผมเก็บมันไว้ได้ใช่ไหม? ได้ใช่ไหม? เย๊!$h",
  "GreenRain": "แม่ฮะ! ผมอยากออกไป เล่นข้างนอก!%noturn",
  "GreenRain_2": "%ตัววินเซนท์เต็มไปด้วยมอส",
  "AcceptGift_alcohol_item": "*ดม*... อะไรเนี่ย? กลิ่นแย่ชะมัด... แม่ฮะะะะะะะะะะ!!!$s",
  "Resort_Entering": "สนุกจังเลยฮะ! สักวันนึง ผมจะต้องเป็นกัปตันเรือ ให้ได้เล้ยย!",
  "Resort_Leaving": "ผมอยากกลับมาที่นี่อีก!",
  "Resort_Shore": "ผมอยากเจอฉลาม!$h",
  "married_Sam": "อย่าเอาแซมมี่ของผมไป!$s",
  "Resort": "ถ้าพี่เข้ามามองใกล้ๆ ล่ะก็ พี่จะเห็นพวกแมลงตัวเล็กๆ กระโดดออกมา จากทรายด้วยล่ะ$h",
  "reject_869": "อู้วววว! เยี่ยมเลย!#$b#แต่แม่ต้องไม่ให้ผม เลี้ยงเอาไว้แน่เลย...$s",
  "Mon": "ผมอยากเป็น เหมือนพี่ชายของผม เมื่อผมโตขึ้นจัง!$h#$e#โอเค! บายฮะ!",
  "Mon4": "$d kent#ผมดีใจที่พ่อกลับมา... แต่เขาดูไม่เหมือนที่ผมจำได้อะ... $s|พ่อไม่ค่อยมาอยู่ด้วย... ผมคิดถึงตอนที่ได้เล่นกับพ่อจัง$s",
  "Tue": "*เฮ้อ*... วันนี้แม่ไม่อนุญาตให้ผม เคี้ยวหมากฝรั่งอีกแล้ว$s",
  "Tue6": "พี่ชาย เก็บความลับ ได้เปล่าฮะ?^พี่สาว เก็บความลับ ได้เปล่าฮะ?$u#$b#ผมอยากแต่งงานกับ ครูเพนนีตอนผมโตขึ้น#$e#อย่าไปบอกครูนะฮะ?$u",
  "Wed": "ผมอยากไปหาแมลง แต่แม่โกรธตลอดเลย เวลาผมเปื้อนทั้งตัว$u#$b#เลือกยากจังเลยฮะ",
  "Thu": "ผมหิวจัง... แม่อยู่ไหน?$s",
  "Thu2": "พี่ไม่น่าเบื่อ เหมือนผู้ใหญ่คนอื่นๆ!",
  "Fri": "#$c .3#อี๋ คืนนี้เป็น คืนของผักต้มอีกแล้ว...$s#$e#โอ้ ไม่นะ... คืนนี้แม่จะทำซุปถั่วเลนทิล$s",
  "Sat_1": "พ่อจะกลับมาเร็วๆ นี้แล้ว!#$b#ผมหวังว่าเขาจะเอาของเล่น มาให้ผมบ้างนะ$u",
  "Sat": "ครูเพนนีสั่งให้ผม อ่านหนังสือเล่มใหม่ ทุกสัปดาห์เลย$s#$b#อย่างน้อยครูก็ ให้ผมเลือกหนังสือเอง บางครั้งอะนะ!",
  "Sat8": "$d kent#ตั้งแต่กลับมาพ่อก็ดูแปลกไป ผมสงสัยว่า เกิดอะไรขึ้นกับพ่อ?$s#$b#พ่อไม่เล่นกับผมอีกเลย$s|ผมอยากรู้จัง ว่าพ่อจะกลับบ้านไหมนะ...",
  "Sun": "สวัสดีฮะ พี่ชาย!^สวัสดีฮะ พี่สาว!",
  "Sun10": "ดีฮะคุณลุง @! ^ ดีฮะคุณป้า@!#$e#อย่าบอกแม่นะ... แต่พี่เป็นผู้ใหญ่ ที่ผมชอบมากที่สุดเลย$h"
}
