{
  "Introduction": "อะฮอย ไง! มันดีมากเลย ที่มีคนหนุ่มสาว เข้ามาในหมู่บ้านนี้ มันไม่ใช่เรื่องที่เจอได้บ่อย ช่วงนี้น่ะ",
  "AcceptGift_(O)StardropTea": "เห็นแก่ปล้องยาสูบของฉันเถอะ ...  ชาสตาร์ดรอปทั้งถ้วยเรอะนี่! แล้วฉันก็คิดว่ามันเป็นแค่ ตำนานของชาวเงือก ขอบคุณจากใจเลย",
  "AcceptGift_(O)Book_Crabbing": "ใช่แล้ว...  หนังสือชั้นเยี่ยมที่ไม่มีวันเก่า น้ำตาของฉันนี่ปริ่มทุกครั้ง ที่ได้อ่านเลย ชาวประมงมีกี่เล่มก็ไม่พอหรอก! ขอบใจเน้อ$h",
  "AcceptGift_(O)Book_Roe": "ขอบใจเน้อ! ไว้อ่านตอนหน้าหนาว ได้เหมาะเจาะสุดๆ อา กลิ่นเหมือนทะเลซะด้วย...$h",
  "AcceptGift_(O)SkillBook_1": "อา 'เหยื่อติดและทุ่นตก'... นักตกปลาทุกคนควรสมัครเอาไว้ แต่มันดันแพงไม่เบา ฉันเรียนรู้เคล็ดลับการตกปลา มาเพียบเลยหลายปีมานี้ ขอบใจ!$h",
  "AcceptGift_coffee_item": "อา กาแฟนี่อุ่นร่างแก่ๆ ดีได้จริง ขอบใจ",
  "GreenRain": "อ่า... ฉันหวังว่าฝนพิลึกนี่จะไม่ก่อกวนพวกปลานะ... ชีวิตฉันพังได้เลยนะนั่น!",
  "GreenRainFinished": "พวกปลาก็ดูแข็งแรงดีอย่างที่เคยแหะ ที่จริง ฉันสาบานได้ว่าพวกมันกัดเบ็ด ด้วยกำลังวังชามากกว่าเดิมอีก!",
  "GreenRain_2": "ถ้าพวกปลาชอบฝนนี่ งั้นฉันก็ชอบด้วย",
  "accept_869": "อาา... นั่นเป็นเหยื่อที่เหมาะเหม็ง สำหรับปลาดุกที่ฉัน กำลังพยายามจับอยู่เลย!#$b#นี่ ให้ฉันแลกมันกับไอ้นี่แล้วกัน ไม่รู้เหมือนกันว่าอะไร แต่มันเพิ่งถูกพัด มาเกยที่หาดน่ะ#$b#บางอย่างบอกฉันว่า เธอคงได้ใช้มัน เจ้าหนุ่ม^บางอย่างบอกฉันว่า เธอคงได้ใช้มัน แม่หนู",
  "AcceptGift_(O)682": "สุดสะพรึง! ...นี่มันสัตว์ประหลาดอะไรกัน?",
  "AcceptGift_(O)336": "*กัด*... ใช่ละ ทองแท้แน่ไม่ต้องสงสัย ฮ้า! เป็นของขวัญที่ดีอะไรอย่างนี้!$h",
  "married": "จะทิ้งชีวิตหนุ่มโสดแล้วงั้นสิ?^จะทิ้งชีวิตสาวโสดแล้วงั้นสิ?#$b#แค่อย่าลืมแบ่งเวลา มาตกปลาด้วยแล้วกัน...",
  "fishCaught_160": "อา ตกปลาตกเบ็ดได้งั้นสิเนี่ย? เป็น 'ก้าวแรก' สู่โลกของปลาหายากที่ดีนะ ปลานั่น",
  "fishCaught_159": "งั้นเธอก็พิชิตปลาคริมสัน ได้ในที่สุดแล้วสินะ! ปลานั่นยั่วโมโหฉันมาหลายปีแล้ว มันเกือบตอดทะลุพื้นไม้ ใต้บ้านของฉันเข้ามาแล้ว!",
  "fishCaught_163": "เห็นแก่ปล้องยาสูบของฉันเถอะ... เธอจับ 'ปลาเดอะเลเจนด์' ได้จริงๆ ไม่คิดเลยว่าฉันจะได้อยู่เห็นวันนี้...$h#$b#เอาละ เจ้าหนุ่ม เธอทำสำเร็จแล้ว... เธอเป็นชาวประมงที่เก่งที่สุด ที่หมู่บ้านนี้ไม่เคยมี มานานแสนนานแล้ว...$h^b#เอาละ แม่หนู เธอทำสำเร็จแล้ว... เธอเป็นชาวประมงที่เก่งที่สุด ที่หมู่บ้านนี้ไม่เคยมี มานานแสนนานแล้ว...$h",
  "fishCaught_775": "อา ในที่สุดเธอก็จัดการ ปลากลาเซียร์ได้แล้ว... นั่นเป็นปลาที่ลื่นที่สุด ที่ฉันเคยเจอมาเลย!#$e#นี่ลองตกไปกี่รอบกันละเนี่ย?",
  "fishCaught_682": "*สูดดม* *สูดดม*... มีบางอย่างบอกฉันว่า เธอไปตกปลาในท่อน้ำทิ้งมาละ เจ้าหนุ่ม^*สูดดม* *สูดดม*... มีบางอย่างบอกฉันว่า เธอไปตกปลาในท่อน้ำทิ้งมาละ แม่หนู#$b#เป็นวิธีที่แหวกประเพณีดั้งเดิมแน่ละ มีตำนานเรื่องปลาคาร์ปตัวมหึมา ที่ถูกเปลี่ยนเป็นสัตว์ประหลาด จากตะกอนพิษอยู่ด้วย...",
  "FullCrabPond": "*ฟุดฟิด*... อาา... กลิ่นที่แสนคุ้นเคยนี่ เธอเลี้ยงปูสินะช่วงนี้?#$b#เธอนี่เป็นหนุ่มที่ ใจตรงกับฉันเลยนะ @ ฮ่าฮ่า!$h^เธอนี่เป็นสาวที่ ใจตรงกับฉันเลยนะ @ ฮ่าฮ่า!$h#$b#นี่ เอานี่ไปสิ ฉันเจอบนหาด... เก็บไว้สำหรับวันพิเศษ มานานแล้วล่ะ มันไม่ใช่ทุกวันหรอกนะ ที่ฉันจะเจอ คนที่ปลื้มปูเหมือนกัน! [797]",
  "MovieInvitation": "อ้าา... ดูหนัง เธอใจดีจัง เจ้าหนุ่ม^อ้าา... ดูหนัง เธอใจดีจัง แม่หนู#$b#เดี๋ยวฉันเสร็จงาน จะรีบตามไป",
  "summer_19": "วันพรุ่งนี้ก็เป็น เทศกาลแข่งขันตกปลาเทราต์ ประจำปีแล้ว... ใช่เลย เป็นความฝันของ คนชอบตกปลาน้ำจืดไงละ!#$e#นักตกปลาจากทั่วทั้งโลก จะมาที่นี่เพื่อจับเทราต์สายรุ้งงามๆ ของเรา...#$e#หวังว่าจะเจอเธอที่นั่นนะ เจ้าหนุ่ม!$h^หวังว่าจะเจอเธอที่นั่นนะ แม่หนู!$h#$e#ช่วงสองวันต่อจากนี้ ฉันจะอยู่เฝ้าร้านวันละชั่วโมงเดียว เริ่มเปิด 9 โมงเช้า เพราะงั้นถ้าเธออยากซื้ออะไร ก็มาตอนนั้นละ",
  "summer_20": "วันสำคัญมาถึงแล้ว! ฉันปรับแต่งอุปกรณ์ทุกอย่าง ให้เหมาะกับการจับปลาเทราต์แล้ว...#$e#โชคดีละในงาน!",
  "summer_21": "ถึงตอนนี้การแข่งขันเป็นยังไงบ้างล่ะ?#$b#ฉันเจอป้ายทองคำเองหลายป้ายแล้ว... แต่ฉันยังไม่จบแค่นี้หรอก!",
  "winter_11": "พรุ่งนี้ที่ชายหาด จะมีการเริ่มงานรวมตัวเล็กๆ ... ที่ชื่อว่า 'งานตกหมึก'#$e#ช่าย... ตกยากนะ หมึกเนี่ย แต่ฉันเชื่อว่าจนถึงตอนนี้ เธอพัฒนาฝีมือจนเข้าขั้นแล้วละ",
  "winter_12": "อย่าเพิ่งถอดใจไป! ยังมีหมึกในนี้อีกนะ...",
  "winter_13": "หัวใจเหี่ยวๆ เปลี่ยวเย็นของฉันอบอุ่นนัก ที่ได้เห็นนักตกปลาทั้งหลาย มารวมตัวกันที่นี่ เพราะความรักในการตกปลา...$h",
  "Mon": "อะฮอย ไง เจ้าลูกชาย ^ อะฮอย ไง สาวน้อย#$b#อากาศเหมาะ ที่จะตกปลาเลยใช่ม้า?",
  "Mon4": "เธอมีโชคในการตกปลา แถวนี้บ้างไหม? ดูเธอน่าจะเป็น ชาวประมงแกร่งได้นะ ถ้าเธอตั้งใจกับมันน่ะ",
  "Tue": "นักตกปลาที่แท้จริง ต้องเคารพผืนน้ำนะ... อย่าลืมซะล่ะ",
  "Tue6": "พ่อของฉันเป็นนักตกปลานะ รู้ไหม ฉันเติบโตมากับการ ล่องเรือระหว่างหมู่เกาะเฟิร์น อยู่รอดด้วยการตกปลาไปวันๆ#$e#การใช้ชีวิตกับการตกปลา มันลำบากนะ แต่มันก็มีบางอย่าง ที่คอยผลักดันให้เธอทำต่อไป",
  "Wed": "ปลาบางชนิดพบได้แค่ ในบางฤดู บางชนิดก็มา ตอนกลางคืน หรือตอนฝนตก",
  "Wed6": "ฉันได้ยินข่าวลือมาว่า มีปลาชนิดพิเศษที่พบได้ ในสระระหว่างน้ำตกมา...#$b#ถ้าเหวี่ยงเบ็ดถึงล่ะก็นะ...",
  "Thu": "*งึม* *งัม* ...เอ้? ฉันอยากจะบอกนะ ว่าฉันคิดอะไร แต่มันเป็นความลับ ของชาวประมงน่ะ",
  "Thu2": "มันมีข่าวลือเกี่ยวกับ ปลาที่หายากแถวๆ นี้... แต่มีแค่ชาวประมง ที่ช่ำชองเท่านั้น ที่มีหวังจะจับมันได้#$e#และเธอก็ต้องมีเหยื่อ ที่หายากที่สุด เท่าที่จะหาได้เท่านั้น ถ้าเธออยากจะให้ปลาหายาก พวกนั้นมาติดเบ็ด",
  "Fri": "ถ้าเธออยากให้ ปลามาติดเบ็ด ต้องดูให้แน่ใจนะ ว่าเธอได้เอาเหยื่อ เกี่ยวตะขอของเธอแล้ว",
  "Fri4": "ฉันเป็นคนง่ายๆ... ยาสูบเต็มปล้องเมื่อไหร่ ก็มีความสุขดีเมื่อนั้น แต่ถ้ายาสูบหมด... งั้นฉันก็แค่ เติมให้มันเต็มอีกรอบแค่นั้น$u",
  "Sat": "ถ้าที่ตกปลาแห่งนี้ มีคนมาตกปลาเยอะขึ้นนะ ฉันอาจจะขยายโกดังร้าน ให้ใหญ่ขึ้นนะ",
  "Sat8": "การตกปลาเป็นไงบ้างสหาย?#$e#ฉันก็พยายาม จะตกปลาบ่อยๆ นะ แต่มันไม่ง่ายเลย เวลาที่เธอต้องเปิดร้านด้วยน่ะ",
  "Sun": "ถ้าเธอซื้อคันเบ็ด ที่มีคุณภาพสูง เธอก็จะเอาเหยื่อและอุปกรณ์ ติดลงไปได้#$b#เหยื่อช่วยให้ปลา เข้ามาติดเบ็ดเร็วขึ้น ส่วนตะขอหรือทุ่น จะช่วยให้เธอลากปลา ขึ้นมาง่ายขึ้นมาก#$e#มันมีอุปกรณ์ทุกแบบเลยล่ะ แต่ละอันก็มีจุดเด่น ต่างกันไป พวกมันค่อนข้างจะ พังง่ายนิดหน่อยนะ ไม่ต้องแปลกใจถ้ามันเจ๊ง หลังใช้ไปสักพัก",
  "Sun10": "เฮ้ นั่นกัปตัน @ นี่นา!$h#$e#ฉันจะลดราคาเหยื่อให้เธอ ถ้าฉันทำได้น่ะนะ$s",
  "Fair_Judging": "ฉันไม่คิดว่าจะชนะหรอก... ปลาดูดีแหละ แต่กลิ่นไม่ค่อยดีเท่าไหร่...$s",
  "Fair_Judged": "โอ้โห ฉันได้คะแนนอย่างต่ำเลย สงสัยว่าเทศมนตรีเลวิสคงไม่ชอบปลา ทำไงได้อะนะ...$s"
}
