{
  "Introduction": "อ่า ใช่แล้ว ข้าทำนายการมาของเจ้า ไว้นานมากแล้ว เจ้าเด็กน้อย @#$e#แต่สุดท้ายแล้ว ชะตาของเจ้า มันก็อยู่ในกำมือ ของเจ้าเองนะ",
  "AcceptGift_(O)StardropTea": "อา ดูสิเราได้อะไรมา? ดูเหมือนว่าจะเป็น โพชั่นที่เข้มข้นและหายาก ใช่แล้ว นี่คงจะเติมเต็ม หีบเก็บน้ำยาของข้า ได้อย่างเหมาะเจาะ",
  "accept_868": "อ่า... สะเก็ดขั้วโลก#$b#สารที่ทรงพลังที่สุด แน่ล่ะ และน่าจะอาบไปด้วยธาตุหิมะ#$b#ข้าขอรับไว้แล้วกัน ถ้าเจ้าไม่ว่าอะไร#$b#...#$b#...เอ่อ...เจ้ายังไม่ไปอีก อ้อ เจ้าอยากได้อะไรแลกเปลี่ยน?#$b#...เอานี่ไป",
  "MovieInvitation": "อืมม... ข้าคิดว่า ข้าสามารถไปเป็น เพื่อนเจ้าได้... แน่นอนสิ เมื่อเจ้าไปถึงแล้ว ข้าค่อยปรากฏตัวแล้วกัน ลาก่อน",
  "GreenRain": "แม้ว่าสายฝนที่โปรยมา อย่างผิดวิสัย จะน่าพรั่นพรึง แต่ในวันแบบนี้ ไม่มีอะไรให้กลัวหรอก#$e#อันที่จริง เป็นวันที่สิ่งมีชีวิตมากมาย ได้ปิติยินดีเป็นอย่างมาก",
  "GreenRain_2": "ธรรมชาติคือพลังอันยิ่งใหญ่ ที่ไม่ควรล้อเล่นด้วย#$e#ขออภัย แต่มันมีเรื่องพิเศษ ที่ข้าสามารถทำได้ ในวันแบบนี้เท่านั้น",
  "married": "แต่งงาน... หืมม? ข้าขอให้เจ้า พบเจอกับโชคดี ยิ่งกว่าข้า...",
  "roommates_Krobus": "มันอาจจะท้าทาย ที่ต้องอาศัยอยู่ร่วมกับ โครบัส แต่ข้ามั่นใจเลยล่ะ ว่ามันจะเอื้อประโยชน์ แก่พวกเจ้าทั้งคู่#$e#ข้ายอมรับ ว่าข้ารู้สึกสนใจมาก ที่จะได้เห็นผลลัพธ์ ของความสัมพันธ์ที่ ไม่ธรรมดานี้",
  "Mon": "อ่า ใช่ ข้าเห็นหลายสิ่งหลายอย่าง ในอนาคตของเจ้า เจ้าเด็กน้อย @#$e#แต่หากข้าเอ่ยมันกับเจ้า ผลที่ตามมามันจะร้ายแรงนัก",
  "Mon4": "ห่างไกลจาก อารยธรรมของมนุษย์ คือสถานที่ที่ธรรมชาติ จะเปิดเผยความลับออกมา.",
  "Mon8": "มันยังมีบางสถานที่ ของโลกใบนี้ ที่ยังไม่แปดเปื้อนไปด้วย แนวคิดสมัยใหม่ สถานที่ที่ยังอบอวล ไปด้วยเวทมนตร์...",
  "Sat6": "ในขณะที่วิทยาศาสตร์ พยายามอธิบาย วัตถุบนโลกของเรา อย่างตรงไปตรงมา มันก็ยังไม่สามารถอธิบาย ความลึกลับในห้วงลึกที่สุด...",
  "Tue": "ถ้าเจ้าไม่มีเรื่องสำคัญอันใด จะบอกข้า ก็ไปเสียเถิด ข้ามีอะไรต้องทำอีกมาก",
  "Tue4": "ข้าวางใจเจ้ามากพอ ที่จะให้เข้าไป ในชั้นใต้ดินของข้า ปฏิบัติกับสิ่งใดก็ตาม ที่เจ้าพบในนั้น ด้วยความเคารพด้วยล่ะ",
  "Tue8": "สวัสดี @ ข้าเชื่อว่า เจ้าคงไม่ได้สนใจ ในศาสตร์มืดใช่ไหม?",
  "Tue10": "หากว่าความเป็นจริง ถูกสร้างขึ้นมาจากจิตใจ เช่นนั้นใครก็ตาม ที่สามารถควบคุม พลังแห่งจิตใจได้ เขาผู้นั้นก็จะสามารถ ควบคุมความเป็นจริง...",
  "Wed": "มันต้องใช้เวลาเรียนรู้ ที่จะเข้าใจ ภาษาของธาตุทั้งหลาย ยาวนานหลายปี#$e#การที่จะใช้ ภาษาของพวกเขาได้ ก็ต้องอุทิศเวลา อย่างตั้งใจทั้งชีวิต#$e#ตอนนี้ ข้าต้องขอตัวก่อนนะ...",
  "Thu": "มีสิ่งลึกลับ รอบตัวเราเต็มไปหมด เจ้าต้องมีความอดทนอดกลั้น หากเจ้าอยากจะค้นพบมัน",
  "Thu10": "เจ้าต้องไม่บอกใครทั้งนั้น... แต่ข้ามีเหตุผลที่จะเชื่อว่า ชาวเมืองคนหนึ่ง เป็นบุตรสาวของข้า...#$e#ข้าอาจจะเข้าใจ ผิดพลาดก็ได้... ข้าผิดพลาดไม่บ่อยหรอกนะ แต่ก็มีบ้าง",
  "Fri": "ชาวเมืองทั้งหลาย คงหวาดกลัวข้าสินะ#$e#มันช่างโชคร้าย แต่ข้าเข้าใจว่ามนุษย์ มักจะหวาดกลัว สิ่งที่ตัวเองไม่รู้จัก",
  "Fri6": "ข้าเคยแต่งงาน เมื่อนานมาแล้ว หลังจากที่ภรรยาและข้า แยกทางกัน เธอก็บินไปตามชานเมือง และสาปทุกสิ่งทุกอย่าง ที่ขวางหน้า#$e#มันไม่ใช่ วิธีที่เป็นผู้ใหญ่นัก ในการแสดงความโกรธ",
  "Sat": "ระวังด้วย เจ้ากำลังยืนอยู่เหนือ เขตแดนเวทมนตร์ ที่ทรงพลัง#$e#ข้าสร้างกระท่อมตรงนี้ อย่างมีเหตุผลนะ เจ้ารู้ไหม",
  "Sat2": "มีความคืบหน้าอะไร กับวิญญาณในป่า บ้างไหม?",
  "Sun": "บางครั้ง ข้าก็แอบสังเกตการณ์ ชาวเมืองอย่างลับๆ#$e#ข้าหวังว่า จะได้พบกับศิษย์สักคน ในวันหนึ่งข้าเอง ก็ต้องจากโลกแห่งคนเป็น แห่งนี้ไป แต่การไล่ตามอะไรบางอย่าง อย่างลับๆ ของข้า จะต้องดำเนินต่อไป"
}
