{
    "Changes": [
        // the text is shown in Junimo language
        {
            "Action": "EditData",
            "Target": "Strings/Locations",
            "Priority": "Early",
            "Entries": {
                "CommunityCenter_AreaName_BoilerRoom": "Boiler Room",
                "CommunityCenter_AreaName_BulletinBoard": "Bulletin Board",
                "CommunityCenter_AreaName_CraftsRoom": "Crafts Room",
                "CommunityCenter_AreaName_FishTank": "Fish Tank",
                "CommunityCenter_AreaName_Pantry": "Pantry",
                "CommunityCenter_AreaName_Vault": "Vault",
                "CommunityCenter_AreaName_AbandonedJojaMart": "Abandoned JojaMart"
            },
            "When": {
                "Language": "th",
                "HasFlag |contains=canReadJunimoText": false
            }
        },
        {
            "Action": "EditData",
            "Target": "Strings/StringsFromCSFiles",
            "Priority": "Early",
            "Entries": {
                "JunimoNoteMenu.cs.10786": "We    the  Junimo are    happy to    aid  you.  In     return we     ask for gifts   of      the valley.    If you   are one     with    forest   magic    then you    will   see    the true    nature   of  this scroll."
            },
            "When": {
                "Language": "th",
                "HasFlag |contains=canReadJunimoText": false
            }
        },

        // SDV Android v1.5
        {
            "Action": "EditData",
            "Target": "Strings/UI",
            "Priority": "Early",
            "Entries": {
                "Character_Farm": "ชื่อฟาร์ม",
                "Character_FavoriteThing": "ของที่โปรดปราน",
                "Character_Animal": "สัตว์ที่โปรดปราน",
                "Character_EyeColor.mobile": "สีตา",
                "Character_HairColor.mobile": "สีผม",
                "Character_PantsColor.mobile": "สีกางเกง",
                "Character_ShirtColor.mobile": "สีเสื้อ",
                "LevelUp_ProfessionName_Rancher": "คนเลี้ยงสัตว์",
                "LevelUp_ProfessionName_Tiller": "ชาวไร่",
                "LevelUp_ProfessionName_Coopmaster": "คนดูแลเล้า",
                "LevelUp_ProfessionName_Shepherd": "คนเลี้ยงแกะ",
                "LevelUp_ProfessionName_Artisan": "ช่างฝีมือ",
                "LevelUp_ProfessionName_Agriculturist": "เกษตรกร",
                "LevelUp_ProfessionName_Fisher": "ชาวประมง",
                "LevelUp_ProfessionName_Trapper": "นักวางกับดัก",
                "LevelUp_ProfessionName_Angler": "นักตกปลา",
                "LevelUp_ProfessionName_Pirate": "โจรสลัด",
                "LevelUp_ProfessionName_Mariner": "กะลาสี",
                "LevelUp_ProfessionName_Luremaster": "นักล่อมือฉมัง",
                "LevelUp_ProfessionName_Forester": "ชาวป่า",
                "LevelUp_ProfessionName_Gatherer": "นักเก็บของป่า",
                "LevelUp_ProfessionName_Lumberjack": "นักตัดไม้",
                "LevelUp_ProfessionName_Tapper": "คนกรีดยาง",
                "LevelUp_ProfessionName_Botanist": "นักพฤกษศาสตร์",
                "LevelUp_ProfessionName_Tracker": "นักแกะรอย",
                "LevelUp_ProfessionName_Miner": "นักขุดแร่",
                "LevelUp_ProfessionName_Geologist": "นักธรณีวิทยา",
                "LevelUp_ProfessionName_Blacksmith": "ช่างตีเหล็ก",
                "LevelUp_ProfessionName_Prospector": "นักสำรวจแร่",
                "LevelUp_ProfessionName_Excavator": "นักสกัดแร่",
                "LevelUp_ProfessionName_Gemologist": "นักอัญมณีศาสตร์",
                "LevelUp_ProfessionName_Fighter": "นักสู้",
                "LevelUp_ProfessionName_Scout": "นักสอดแนม",
                "LevelUp_ProfessionName_Brute": "นักเลง",
                "LevelUp_ProfessionName_Defender": "ผู้พิทักษ์",
                "LevelUp_ProfessionName_Acrobat": "นักกายกรรม",
                "LevelUp_ProfessionName_Desperado": "อาชญากร",
                "DisplayAdjustmentButton": "ปรับขนาดหน้าจอ",
                "Split_Screen": "แยกหน้าจอ",
                "About_Credit_Mobile": "\n= สร้างโดย ConcernedApe\n< พอร์ตโดย Sickhead Games\n= ปรับเนื้อหาโดย Playism & LocalizeDirect\n      ",
                "mobile_options_vertical_toolbar": "แถบเครื่องมือแนวตั้ง",
                "mobile_options_menu_side_margin": "เลื่อนในเมนู",
                "mobile_options_toolbar_padding": "เลื่อนในแถบเครื่องมือ",
                "mobile_button_craft": "สร้าง",
                "shippingInstructionText": "ใส่ไอเทมลงในนี้เพื่อส่งขาย",
                "animalText": "ของโปรด:",
                "tutorialWant": "เปิดใช้งานคำแนะนำหรือไม่",
                "tutorialYes": "ได้เลย ฉันเป็นผู้เล่นมือใหม่กับ Stardew Valley บนมือถือ",
                "tutorialNo": "ไม่ละ ขอบคุณ ฉันเคยเล่นมาก่อนแล้ว",
                "tutorial1": "ขั้นแรก มาเลือกรูปลักษณ์และประเภทฟาร์มของคุณกัน ถ้าออกแบบเสร็จแล้ว กดปุ่มเครื่องหมายถูกเพื่อเริ่มเล่นได้เลย",
                "tutorial2": "สวัสดีตอนเช้า! อย่าลืมกลับเข้าบ้านเพื่อนอน และบันทึกเกมของคุณในภายหลังด้วยล่ะ!",
                "tutorial3": "คุณได้ของขวัญล่ะ! กดบนกล่องเพื่อเปิดเลย!",
                "tutorial4": "ภารกิจใหม่ๆ จะปรากฏอยู่ในบันทึก กดที่ภารกิจเพื่อดูให้ละเอียดขึ้น มันมีข้อมูลที่มีประโยชน์อยู่ในนั้น!",
                "tutorial5": "กดปุ่ม ปิด เมื่อคุณดูบันทึกเสร็จแล้ว",
                "tutorial6": "ยุ่งเหยิงไปหมดเลย! มาจัดระเบียบที่นี่กัน",
                "tutorial7": "กดที่วัชพืชเพื่อถอนมัน",
                "tutorial8": "ทำดีมาก! ไหนลองกำจัดวัชพืชและหินเพิ่มดูซิ!",
                "tutorial9": "คุณสามารถใช้จอบ เพื่อเตรียมดินให้พร้อม สำหรับการเพาะปลูก",
                "tutorial10": "ลองเตรียมแปลงปลูกสวยๆ เพื่อหว่านเมล็ดพืชล็อตแรกของคุณดู",
                "tutorial11": "ทำได้ดี... ถึงเวลาลองหว่านเมล็ดดูแล้ว",
                "tutorial12": "พวกมันดูหิวน้ำนะ มันมีบัวรดน้ำอยู่ในแถบเครื่องมือน่ะ",
                "tutorial13": "เยี่ยม! อย่าลืมรดน้ำพืชผักของคุณทุกวันล่ะ",
                "tutorial14": "เมื่อคุณรดน้ำเสร็จแล้ว จะไปสำรวจเมืองเพลิแกน และเจอเพื่อนบ้านใหม่ๆ ก็ได้นะ!",
                "tutorial15": "คุณสามารถเติมบัวรดน้ำของคุณ ได้ที่บ่อหรือแม่น้ำต่างๆ",
                "tutorial16": "กดค้างไว้เพื่อเดินไปยังนิ้วของคุณ",
                "tutorial17": "กดและลากเพื่อเดินไปรอบๆ ตามนิ้วของคุณ",
                "tutorial18": "มาดูฟังก์ชันอื่นๆ ของเกมกัน",
                "tutorial19": "คลังของ แสดงไอเทมที่คุณถืออยู่ คุณสามารถลากมันเพื่อจัดเรียงใหม่ได้ หรือลากใส่ถังขยะเพื่อทิ้งมันได้",
                "tutorial20": "หน้านี้แสดงทักษะของคุณ คุณสามารถเพิ่มทักษะของคุณ ได้โดยการใช้เครื่องมือต่างๆ เก็บของป่า ตกปลา และต่อสู้",
                "tutorial21": "หน้าความสัมพันธ์บอกว่า ความสัมพันธ์ของคุณกับ คนที่คุณเจอเป็นอย่างไร",
                "tutorial22": "นี่คือที่ที่คุณสามารถประดิษฐ์ของใหม่ๆ ได้จากสิ่งที่คุณเก็บสะสมและปลูกขึ้น คุณจะค้นพบวิธีประดิษฐ์ใหม่ๆ ระหว่างที่คุณเล่นเกมไปเรื่อยๆ",
                "tutorial23": "เลื่อนนิ้วของคุณเหนือแผนที่ เพื่อสำรวจเมืองเพลิแกน และสิ่งแวดล้อมของเมือง",
                "tutorial24": "หน้าของสะสม จะเก็บสถิติของที่คุณส่งขาย ตกได้ ขุดเจอในเหมือง ทำอาหาร หรือค้นพบ",
                "tutorial25": "ในหน้าร้านค้า กดที่เคาเตอร์ด้านหน้าเจ้าของร้าน เพื่อซื้อหรือขายสินค้า",
                "tutorial26": "พวกเราต้องการเมล็ดพันธุ์มาปลูก... คุณลืมอะไรไว้ที่บ้านหรือเปล่า?",
                "confirmExit": "คุณแน่ใจนะว่าจะออกจากเกม และเสียความคืบหน้าในวันนี้ทั้งหมด?",
                "mobile_options_auto_attack": "โจมตีอัตโนมัติ",
                "mobile_options_green_squares": "คู่มือการวางไอเทม",
                "tutorial_auto_attack": "คุณสามารถเลือกระหว่าง การโจมตีด้วยตัวเอง หรือโจมตีอัตโนมัติ ได้ที่หน้าตั้งค่าของเกม",
                "question_auto_attack": "เหมืองเป็นที่ที่อันตราย และคุณอาจต้องต่อสู้ คุณอยากจะเปิดโหมดโจมตีอัตโนมัติ เพื่อช่วยคุณต่อสู้กับศัตรูใดๆ ก็ตามไหม?",
                "question_restore_backup": "คุณต้องการจะกลับไปเล่นต่อจากตอนที่คุณออกจากเกมไหม?",
                "mobile_options_bigger_numbers": "ให้ขนาดตัวเลขใหญ่ขึ้น",
                "mobile_options_auto_save": "บันทึกเกมอัตโนมัติ",
                "save_backup": "สำรองบันทึกเกม",
                "swap_saves": "สลับไปบันทึกเกมก่อนหน้า",
                "control_method_tap_to_move": "กดเพื่อเดิน & โจมตีอัตโนมัติ",
                "control_method_attack_joystick": "กดเพื่อเดิน & โจมตีด้วยจอยสติ้ก",
                "control_method_invis_2": "จอยสติ้กล่องหน & 2 ปุ่ม",
                "control_method_invis_1": "จอยสติ้กล่องหน & 1 ปุ่ม",
                "control_method_joystick_buttons": "กดเพื่อเดิน & จอยสติ้กและปุ่ม",
                "control_method_joystick_buttons_no_tap_to_move": "จอยสติ้กและปุ่ม",
                "control_method_joystick_buttons_b": "กดเพื่อเดิน & (จอยสติ้กและปุ่ม) (อาวุธ)",
                "control_method_joystick_buttons_c": "กดเพื่อเดิน & จอยสติ้ก & (ปุ่ม) (อาวุธ)",
                "control_method_joystick": "กดเพื่อเดิน & จอยสติ้ก",
                "show_controls_toggle_button": "แสดงปุ่มการจัดการการควบคุม",
                "button_diameter": "ขนาดปุ่ม",
                "button_alpha": "ความเข้มปุ่ม",
                "adjust_joypad_controls": "ปรับการควบคุมแผงจอย",
                "invisible_button_width": "ความกว้างของปุ่มล่องหน",
                "Default": "ค่าเริ่มต้น",
                "pinch_zoom": "บีบเพื่อซูม",
                "store_demo": "Stardew Valley เวอร์ชันนี้ได้ถูกสร้างมาเพื่อการสาธิตเท่านั้น",
                "permissions_info": "การอ่าน/เขียน ไปยังแหล่งเก็บข้อมูลภายนอกจำเป็นในการบันทึกเกม และทำให้คุณสามารถย้ายบันทึกเกมจากแพลตฟอร์มอื่นๆ ไปมาได้ โปรดอนุญาตเพื่อเล่น",
                "permissions_manual_set": "โปรดไปที่ ตั้งค่าโทรศัพท์ > แอป > Stardew Valley > การอนุญาต และเปิด การเก็บบันทึก เพื่อเล่นเกม",
                "mobile_options_toolbar_slot_size": "ขนาดแถบเครื่องมือ",
                "mobile_options_date_time_size": "ขนาดกล่องบอกเวลา",
                "please_wait": "โปรดรอ...",
                "save_error": "การบันทึกมีข้อผิดพลาด",
                "show_camerabutton": "แสดงปุ่มกล้อง",
                "save_version_incompatible": "การบันทึกนี้ ไม่สามารถเข้ากันได้กับ Stardew Valley เวอร์ชันนี้ โปรดอัปเดตเกมของคุณ เมื่ออัปเดต 1.4 พร้อมเปิดให้ดาวน์โหลด บนอุปกรณ์ของคุณ",
                "select_building": "เลือกอาคาร",
                "android_storage_migration": "Stardew Valley ต้องทำสำเนาฟาร์มของคุณ 1 ครั้ง ไปยังตำแหน่งใหม่สำหรับการอัปเดตเกม 1.5\n\t  \nในหน้าจอต่อไปนี้ โปรดเลือกโฟลเดอร์ `StardewValley` แล้วแตะ 'Use this folder'",
                "mobile_options_larger_font": "ใช้ฟอนต์ Tooltip ขนาดใหญ่ขึ้น"
            },
            "When": {
                "Language": "th",
                "SupportedSystems |contains=Android": true
            }
        }
    ]
}
