{
    "Changes": [
        // non-thai
        {
            "Action": "EditData",
            "Target": "Data/mail",
            "Priority": "Early",
            "Entries": {
                "spring_1_1": "^[letterbg {{InternalAssetKey: assets/Internal/LooseSprites/letterBG.png}} 0][#]Please change language to Thai"
            }
        },

        // letter from the translation team
        {
            "Action": "EditData",
            "Target": "Data/mail",
            "Priority": "Early",
            "Entries": {
                "spring_1_1": "฀^              =ยินดีต้อนรับสู่เกม Stardew Valley เวอร์ชัน {{GameVersion}} ม็อดภาษาไทย  =^^                 <ทีมแปลเกมเวอร์ชัน 1.5.2 – {{GameVersion}} (8 ม.ค. 2021 – ปัจจุบัน)  <^                         ◆ 'ELL (เอล)                   ◆ RushingOn (บี 1)^                         ◆ SabiMiyato (พี่ซา)        ◆ Artdekdok (อาร์ต)^                         ◆ MemoLiza (น้องมีโม่)     ◆ warmblanket (ฟรองซ์)^^                                                 $ทีมกราฟิก  $^                               'ELL, RushingOn, SabiMiyato, PuChew.^^  =รายละเอียดการแปล^^  >เนื้อหาใหม่ของเกม {{GameVersion}}   100%^  >บทสนทนาของชาวเมือง   100%^  >บทสนทนาหลังแต่งงาน   100%^  >รสนิยมการรับของขวัญ   100%^  >จดหมาย & บันทึกลับ   100%^  >ชื่อ & รายละเอียดไอเทม   100%^  >งานเทศกาล & เหตุการณ์ต่างๆ   100%^  >ป้ายต่างๆ ภายในเกมที่เป็นรูปภาพ   100%^^  +ทีมแปลเกมเวอร์ชัน 1.3.19 beta – 1.5.1 (14 มิ.ย. 2018 – 24 ธ.ค. 2020)^  Memee Thechoco, MemoLiza, Pookhao23, RushingOn, SabiMiyato,^  Tomyamkung.^^  =ทีมแปลเกมเวอร์ชัน 1.0 – 1.3.18 beta (26 ก.พ. 2016 – 12 มิ.ย. 2018)^  Artdekdok, Cybertorns, JASON, MiXEL.SC, NoTSoXDream, Pigter,^  Sornzilla, SORNZiLLATE, Superogira.^^  $รายชื่อผู้โดเนทแอปขึ้น Play Store^  'ELL, Anonymous, Krit, Memee Thechoco.^฀^^^^                             ขอให้สนุกกับเกม Stardew Valley นะ @ <^                                                 จาก BlackChick%item money 500 501 %%[letterbg 2][#]จดหมายจากทีมแปล"
            },
            "When": {
                "Language": "th"
            }
        }
    ]
}
