﻿{
    "Format": "2.0.0",
    "ConfigSchema": {
        // appearance section
        "ThaiInterface": {
            "AllowValues": "true, false",
            "Default": true,
            "Section": "Appearance"
        },
        "TidyCraftingMenu": {
            "AllowValues": "true, false",
            "Default": true,
            "Section": "Appearance"
        },

        // details section
        "LooseSprites": {
            "AllowValues": "Billboard, ControllerMaps, Cursors, JojaCDForm, JunimoNote",
            "AllowMultiple": true,
            "AllowBlank": true,
            "Default": "Billboard, JojaCDForm, JunimoNote", // DISABLE: ControllerMaps, Cursors
            "Section": "Details"
        },
        "Maps": {
            "AllowValues": "bathhouse_tiles, coopTiles, DesertTiles, fall_beach, fall_outdoorsTileSheet, fall_town, Festivals, samshowtiles, spring_beach, spring_outdoorsTileSheet, spring_town, springobjects, summer_beach, summer_outdoorsTileSheet, summer_town, TownIndoors, townInterior, winter_beach, winter_outdoorsTileSheet, winter_town",
            "AllowMultiple": true,
            "AllowBlank": true,
            "Default": "bathhouse_tiles, coopTiles, DesertTiles, fall_beach, fall_outdoorsTileSheet, fall_town, Festivals, samshowtiles, spring_beach, spring_outdoorsTileSheet, spring_town, summer_beach, summer_outdoorsTileSheet, summer_town, TownIndoors, townInterior, winter_beach, winter_outdoorsTileSheet, winter_town", // DISABLE: springobjects
            "Section": "Details"
        },
        "Minigames": {
            "AllowValues": "Intro, jojacorps, TitleButtons, Xb1ProfileButton",
            "AllowMultiple": true,
            "AllowBlank": true,
            "Default": "Intro, jojacorps, TitleButtons", // DISABLE: Xb1ProfileButton
            "Section": "Details"
        },
        "TileSheets": {
            "AllowValues": "furniture",
            "AllowMultiple": true,
            "AllowBlank": true,
            "Default": "furniture",
            "Section": "Details"
        }
    },

    "DynamicTokens": [
        // game version
        {
            "Name": "GameVersion",
            "Value": "1.6.4"
        },

        // supported systems
        {
            "Name": "SupportedSystems",
            "Value": "Windows, macOS, Linux, Steam Deck"
        },

        // visual style
        {
            "Name": "VisualStyle",
            "Value": "default"
        },
        {
            "Name": "VisualStyle",
            "Value": "lbi",
            "When": {
                "HasMod": "SprngTHZ_Light_Blue_Interface"
            }
        },
        {
            "Name": "VisualStyle",
            "Value": "ofi",
            "When": {
                "HasMod": "Maraluna.OvergrownFloweryInterface"
            }
        },
        {
            "Name": "VisualStyle",
            "Value": "sni",
            "When": {
                "HasMod": "SprngTHZ_Starry_Night_Interface"
            }
        },
        {
            "Name": "VisualStyle",
            "Value": "vi1",
            "When": {
                "HasMod": "ManaKirel.VMI"
            }
        },
        {
            "Name": "VisualStyle",
            "Value": "vi2",
            "When": {
                "HasMod": "ManaKirel.VintageInterface2"
            }
        }
    ],

    "Changes": [
        // define language
        {
            "Action": "EditData",
            "Target": "Data/AdditionalLanguages",
            "Entries": {
                "{{ModId}}": {
                    "ID": "{{ModId}}",
                    "LanguageCode": "th",
                    "ButtonTexture": "{{InternalAssetKey: assets/Internal/LooseSprites/button_{{VisualStyle}}.png}}",
                    "UseLatinFont": false,
                    "FontFile": "{{InternalAssetKey: assets/Content/Fonts/Thai.fnt}}",
                    "FontPixelZoom": 1,
                    "FontApplyYOffset": true,
                    "TimeFormat": "[HOURS_12]:[MINUTES] [AM_PM]",
                    "ClockTimeFormat": "[HOURS_12]:[MINUTES] [AM_PM]",
                    "ClockDateFormat": "[DAY_OF_WEEK] [DAY_OF_MONTH]"
                }
            }
        },

        // load font files
        {
            "Action": "Load",
            "Target": "Fonts/Thai_0, Fonts/Thai_1",
            "FromFile": "assets/Content/{{Target}}.png"
        },
        {
            "Action": "Load",
            "Target": "Fonts/SmallFont, Fonts/SpriteFont1",
            "FromFile": "assets/Content/{{Target}}.xnb",
            "Priority": "High",
            "When": {
                "Language": "th"
            }
        },

        // load dialogue
        {
            "Action": "Load",
            "Target": "Characters/Dialogue/Abigail, Characters/Dialogue/Alex, Characters/Dialogue/Caroline, Characters/Dialogue/Clint, Characters/Dialogue/Demetrius, Characters/Dialogue/Dwarf, Characters/Dialogue/Elliott, Characters/Dialogue/Emily, Characters/Dialogue/Evelyn, Characters/Dialogue/George, Characters/Dialogue/Gil, Characters/Dialogue/Gus, Characters/Dialogue/Haley, Characters/Dialogue/Harvey, Characters/Dialogue/Jas, Characters/Dialogue/Jodi, Characters/Dialogue/Kent, Characters/Dialogue/Krobus, Characters/Dialogue/Leah, Characters/Dialogue/Leo, Characters/Dialogue/LeoMainland, Characters/Dialogue/Lewis, Characters/Dialogue/Linus, Characters/Dialogue/Marnie, Characters/Dialogue/MarriageDialogue, Characters/Dialogue/MarriageDialogueAbigail, Characters/Dialogue/MarriageDialogueAlex, Characters/Dialogue/MarriageDialogueElliott, Characters/Dialogue/MarriageDialogueEmily, Characters/Dialogue/MarriageDialogueHaley, Characters/Dialogue/MarriageDialogueHarvey, Characters/Dialogue/MarriageDialogueKrobus, Characters/Dialogue/MarriageDialogueLeah, Characters/Dialogue/MarriageDialogueMaru, Characters/Dialogue/MarriageDialoguePenny, Characters/Dialogue/MarriageDialogueSam, Characters/Dialogue/MarriageDialogueSebastian, Characters/Dialogue/MarriageDialogueShane, Characters/Dialogue/Maru, Characters/Dialogue/Mister Qi, Characters/Dialogue/Pam, Characters/Dialogue/Penny, Characters/Dialogue/Pierre, Characters/Dialogue/rainy, Characters/Dialogue/Robin, Characters/Dialogue/Sam, Characters/Dialogue/Sandy, Characters/Dialogue/Sebastian, Characters/Dialogue/Shane, Characters/Dialogue/Vincent, Characters/Dialogue/Willy, Characters/Dialogue/Wizard",
            "FromFile": "assets/Content/{{Target}}.json",
            "Priority": "High",
            "When": {
                "Language": "th"
            }
        },

        // load data
        {
            "Action": "Load",
            "Target": "Data/Achievements, Data/Boots, Data/Bundles, Data/EngagementDialogue, Data/ExtraDialogue, Data/hats, Data/mail, Data/Monsters, Data/NPCGiftTastes, Data/Quests, Data/SecretNotes",
            "FromFile": "assets/Content/{{Target}}.json",
            "Priority": "High",
            "When": {
                "Language": "th"
            }
        },

        // load tidy crafting menu patcher
        {
            "Action": "Load",
            "Target": "Data/CraftingRecipes",
            "FromFile": "assets/Internal/ModPatches/TidyCraftingMenuPatcher.json",
            "Priority": "High",
            "When": {
                "Language": "th",
                "TidyCraftingMenu": true,
                "HasMod |contains=Boogie.Crafting": false
            }
        },

        // load events
        {
            "Action": "Load",
            "Target": "Data/Events/AbandonedJojaMart, Data/Events/AnimalShop, Data/Events/ArchaeologyHouse, Data/Events/Backwoods, Data/Events/BathHouse_Pool, Data/Events/Beach, Data/Events/BoatTunnel, Data/Events/BusStop, Data/Events/CommunityCenter, Data/Events/ElliottHouse, Data/Events/Farm, Data/Events/FarmHouse, Data/Events/FishShop, Data/Events/Forest, Data/Events/HaleyHouse, Data/Events/HarveyRoom, Data/Events/Hospital, Data/Events/IslandHut, Data/Events/IslandNorth, Data/Events/IslandSouth, Data/Events/IslandWest, Data/Events/JoshHouse, Data/Events/LeahHouse, Data/Events/ManorHouse, Data/Events/Mine, Data/Events/Mountain, Data/Events/QiNutRoom, Data/Events/Railroad, Data/Events/Saloon, Data/Events/SamHouse, Data/Events/SandyHouse, Data/Events/ScienceHouse, Data/Events/SebastianRoom, Data/Events/SeedShop, Data/Events/Sewer, Data/Events/Sunroom, Data/Events/Temp, Data/Events/Town, Data/Events/Trailer, Data/Events/Trailer_big, Data/Events/WizardHouse, Data/Events/Woods",
            "FromFile": "assets/Content/{{Target}}.json",
            "Priority": "High",
            "When": {
                "Language": "th"
            }
        },

        // load festivals
        {
            "Action": "Load",
            "Target": "Data/Festivals/fall16, Data/Festivals/fall27, Data/Festivals/spring13, Data/Festivals/spring24, Data/Festivals/summer11, Data/Festivals/summer28, Data/Festivals/winter8, Data/Festivals/winter25",
            "FromFile": "assets/Content/{{Target}}.json",
            "Priority": "High",
            "When": {
                "Language": "th"
            }
        },

        // load TV
        {
            "Action": "Load",
            "Target": "Data/TV/CookingChannel, Data/TV/TipChannel",
            "FromFile": "assets/Content/{{Target}}.json",
            "Priority": "High",
            "When": {
                "Language": "th"
            }
        },

        // load loose sprites
        {
            "Action": "Load",
            "Target": "LooseSprites/Billboard, LooseSprites/ControllerMaps, LooseSprites/Cursors, LooseSprites/JojaCDForm, LooseSprites/JunimoNote",
            "FromFile": "assets/Content/{{Target}}.png",
            "Priority": "High",
            "When": {
                "Language": "th",
                "ThaiInterface": true,
                "LooseSprites |contains={{TargetWithoutPath}}": true
            }
        },

        // load maps
        {
            "Action": "Load",
            "Target": "Maps/bathhouse_tiles, Maps/coopTiles, Maps/DesertTiles, Maps/fall_beach, Maps/fall_outdoorsTileSheet, Maps/fall_town, Maps/Festivals, Maps/samshowtiles, Maps/spring_beach, Maps/spring_outdoorsTileSheet, Maps/spring_town, Maps/springobjects, Maps/summer_beach, Maps/summer_outdoorsTileSheet, Maps/summer_town, Maps/TownIndoors, Maps/townInterior, Maps/winter_beach, Maps/winter_outdoorsTileSheet, Maps/winter_town",
            "FromFile": "assets/Content/{{Target}}.png",
            "Priority": "High",
            "When": {
                "Language": "th",
                "ThaiInterface": true,
                "Maps |contains={{TargetWithoutPath}}": true
            }
        },

        // load minigames
        {
            "Action": "Load",
            "Target": "Minigames/Intro, Minigames/jojacorps, Minigames/TitleButtons, Minigames/Xb1ProfileButton",
            "FromFile": "assets/Content/{{Target}}.png",
            "Priority": "High",
            "When": {
                "Language": "th",
                "ThaiInterface": true,
                "Minigames |contains={{TargetWithoutPath}}": true
            }
        },

        // load strings
        {
            "Action": "Load",
            "Target": "Strings/1_6_Strings, Strings/animationDescriptions, Strings/BigCraftables, Strings/Buildings, Strings/BundleNames, Strings/Characters, Strings/credits, Strings/EnchantmentNames, Strings/Events, Strings/FarmAnimals, Strings/Lexicon, Strings/Locations, Strings/MovieConcessions, Strings/MovieReactions, Strings/Movies, Strings/Notes, Strings/NPCNames, Strings/Objects, Strings/Pants, Strings/Quests, Strings/Shirts, Strings/SimpleNonVillagerDialogues, Strings/SpecialOrderStrings, Strings/SpeechBubbles, Strings/StringsFromCSFiles, Strings/StringsFromMaps, Strings/UI, Strings/Weapons, Strings/WorldMap",
            "FromFile": "assets/Content/{{Target}}.json",
            "Priority": "High",
            "When": {
                "Language": "th"
            }
        },

        // load schedules
        {
            "Action": "Load",
            "Target": "Strings/schedules/Abigail, Strings/schedules/Alex, Strings/schedules/Caroline, Strings/schedules/Clint, Strings/schedules/Demetrius, Strings/schedules/Elliott, Strings/schedules/Emily, Strings/schedules/Evelyn, Strings/schedules/George, Strings/schedules/Gus, Strings/schedules/Haley, Strings/schedules/Harvey, Strings/schedules/Jas, Strings/schedules/Jodi, Strings/schedules/Leah, Strings/schedules/Leo, Strings/schedules/Lewis, Strings/schedules/Linus, Strings/schedules/Marnie, Strings/schedules/Maru, Strings/schedules/Pam, Strings/schedules/Penny, Strings/schedules/Pierre, Strings/schedules/Robin, Strings/schedules/Sam, Strings/schedules/Sandy, Strings/schedules/Sebastian, Strings/schedules/Shane, Strings/schedules/Vincent, Strings/schedules/Willy",
            "FromFile": "assets/Content/{{Target}}.json",
            "Priority": "High",
            "When": {
                "Language": "th"
            }
        },

        // load tile sheets
        {
            "Action": "Load",
            "Target": "TileSheets/furniture",
            "FromFile": "assets/Content/{{Target}}.png",
            "Priority": "High",
            "When": {
                "Language": "th",
                "ThaiInterface": true,
                "TileSheets |contains={{TargetWithoutPath}}": true
            }
        },

        // load patches
        {
            "Action": "Include",
            "FromFile": "assets/Internal/Patches/SDVPatcher.json, assets/Internal/Patches/TranslatorArmy.json"
        }
    ]
}
