{
  "0": "Greenhorn (15k)^ทำเงินได้ 15,000g^true^-1^18",
  "1": "Cowpoke (50k)^ทำเงินได้ 50,000g^true^0^21",
  "2": "Homesteader (250k)^ทำเงินได้ 250,000g^true^1^20",
  "3": "Millionaire (1mil)^ทำเงินได้ 1,000,000g^true^2^1",
  "4": "Legend (10mil)^ทำเงินได้ 10,000,000g^false^-1^3",
  "5": "A Complete Collection^บริจาคสิ่งของให้พิพิธภัณฑ์ครบทุกชิ้น^true^28^0",
  "6": "A New Friend^มีความสัมพันธ์ ระดับหัวใจ 5 ดวง กับใครสักคน^true^-1^14",
  "7": "Best Friends^มีความสัมพันธ์ ระดับหัวใจ 10 ดวง กับใครสักคน^true^6^31",
  "9": "The Beloved Farmer^มีความสัมพันธ์ ระดับหัวใจ 10 ดวง ทั้งหมด 8 คน^true^7^32",
  "11": "Cliques^มีความสัมพันธ์ ระดับหัวใจ 5 ดวง ทั้งหมด 4 คน^true^6^26",
  "12": "Networking^มีความสัมพันธ์ ระดับหัวใจ 5 ดวง ทั้งหมด 10 คน^true^11^25",
  "13": "Popular^มีความสัมพันธ์ ระดับหัวใจ 5 ดวง ทั้งหมด 20 คน^true^12^11",
  "15": "Cook^ทำอาหารได้ 10 เมนู^true^18^12",
  "16": "Sous Chef^ทำอาหารได้ 25 เมนู^true^15^7",
  "17": "Gourmet Chef^ทำอาหารได้ทุกเมนู^true^16^35",
  "18": "Moving Up^ปรับปรุงบ้าน^true^-1^13",
  "19": "Living Large^ปรับปรุงบ้านให้เป็นระดับสูงสุด^true^18^15",
  "20": "D.I.Y.^สร้างสิ่งประดิษฐ์ได้ 15 แบบ^true^-1^29",
  "21": "Artisan^สร้างสิ่งประดิษฐ์ได้ 30 แบบ^true^20^16",
  "22": "Craft Master^สร้างสิ่งของครบทุกรูปแบบ^true^21^23",
  "24": "Fisherman^ตกปลาได้ 10 ชนิด^true^-1^28",
  "25": "Ol' Mariner^ตกปลาได้ 24 ชนิด^true^24^5",
  "26": "Master Angler^ตกปลาทุกชนิด^true^25^24",
  "27": "Mother Catch^ตกปลาได้ 100 ตัว^true^64^30",
  "28": "Treasure Trove^บริจาคสิ่งของ 40 ชิ้น ให้พิพิธภัณฑ์^true^-1^6",
  "29": "Gofer^ช่วยเหลือชาวเมือง ให้ครบ 10 ครั้ง^true^-1^22",
  "30": "A Big Help^ช่วยเหลือชาวเมือง ให้ครบ 40 ครั้ง^true^29^10",
  "31": "Polyculture^ขายพืชผลทุกชนิด ชนิดละ 15 ชิ้น^true^-1^34",
  "32": "Monoculture^ขายพืชผลชนิดเดียว ให้ครบ 300 ชิ้น^true^-1^33",
  "34": "Full Shipment^ขายผลผลิตครบทุกชนิด^true^-1^9",
  "40": "A Distant Shore^ไปยังเกาะขิง^false^-1^9",
  "35": "Well-read^อ่านหนังสือทุกเล่ม^true^-1^9",
  "36": "Two Thumbs Up^ดูหนัง^false^-1^9",
  "37": "Blue Ribbon^ได้อันดับที่ 1 ในการแข่งขันสตาร์ดิวแวลลีย์แฟร์^true^-1^9",
  "38": "An Unforgettable Soup^ทำให้ท่านผู้ว่าพอใจ^true^-1^9",
  "39": "Good Neighbors^ช่วยเพื่อนบ้านในป่าขยับขยายครอบครัว^true^-1^9",
  "41": "Danger In The Deep^ไปให้ถึงก้นเหมือง 'ที่อันตราย'^false^-1^9",
  "42": "Infinite Power^ได้อาวุธอันทรงพลังที่สุด^true^-1^9",
  "44": "Perfection^ไปยังยอดเขา^false^-1^9"
}
