{
  "0": "Cowboy Hat/(หมวกคาวบอย) หนังมันเก่า และแตกลาย แต่แปลกที่อ่อนนุ่ม มันมีกลิ่นเหม็นอับด้วย/false/true//Cowboy Hat",
  "1": "Bowler Hat/(หมวกกลมทรงสูง) สร้างจากความรู้สึกเรียบง่าย/false/true//Bowler Hat",
  "2": "Top Hat/(หมวกทรงสูง) หมวกคลาสสิคของสุภาพบุรุษ/false/true//Top Hat",
  "3": "Sombrero/(หมวกปีกกว้าง) หมวกที่ถูกสานจากฟาง เหมาะสำหรับงานรื่นเริง/false/true//Sombrero",
  "4": "Straw Hat/(หมวกฟาง) เบาบางและดูดี นี่แหละความสุขของเกษตรกร/false/true//Straw Hat",
  "5": "Official Cap/(หมวกทางการ) ดูเหมือนว่ามันเป็นของ บุรุษไปรษณีย์หรือตำรวจ ยังคงความละเมียดละไมและอิทธิพลไว้/false/true//Official Cap",
  "6": "Blue Bonnet/(หมวกสตรีสีฟ้า) สิ่งเตือนใจให้นึกถึง ช่วงเวลาอันเรียบง่าย ด้วยหมวกสตรีนี้/false/true//Blue Bonnet",
  "7": "Plum Chapeau/(หมวกสีพลัม) หมวกธรรมดา ไม่มีอะไรพิเศษ/false/true//Plum Chapeau",
  "8": "Skeleton Mask/(หน้ากากกะโหลก) ดวงตาสีแดง เรืองแสงอย่างน่าพิศวง/true/true//Skeleton Mask",
  "9": "Goblin Mask/(หน้ากากกอบลิน) แกล้งเพื่อนบ้าน ด้วยหน้ากากที่น่าขยะแขยงนี้ หูยางช่วยเพิ่มความน่าตื่นเต้น./true/true//Goblin Mask",
  "10": "Chicken Mask/(หน้ากากกุ๊กไก่) แน่ใจได้เลยว่าหน้ากากนี้จะทำให้เขายิ้มได้/true/true//Chicken Mask",
  "11": "Earmuffs/(ที่ครอบหูกันหนาว) ทำให้หูอบอุ่น บุด้วยผ้ากำมะหยี่จากปราสาท/true/false//Earmuffs",
  "12": "Delicate Bow/(กิ๊บเพชร) อัญมณีสีชมพูเล็กๆ แวววาวเมื่อคุณจ้องมองมัน/true/false//Delicate Bow",
  "13": "Tropiclip/(กิ๊บต้นปาล์ม) รูปร่างมันเหมือน ต้นปาล์มต้นเล็กๆ/true/false//Tropiclip",
  "14": "Butterfly Bow/(โบว์ผีเสื้อ) สิ่งนี้มันเบามาก/true/false//Butterfly Bow",
  "15": "Hunter's Cap/(หมวกนายพราน) หมวกที่บุด้วยขนแกะ ให้ความอบอุ่น เมื่อสวมใส่เข้าไปในป่าลึก/false/true//Hunter's Cap",
  "16": "Trucker Hat/(หมวกคนขับรถบรรทุก) ตาข่ายด้านหลัง ทำให้ศีรษะเย็นสบาย/false/true//Trucker Hat",
  "17": "Sailor's Cap/(หมวกกะลาสี) หมวกดูใหม่ และเป็นทางการ/false/true//Sailor's Cap",
  "18": "Good Ol' Cap/(หมวกแก๊ปใบเก่า) หมวกเก่าๆ ปีกหมวกย่นๆ ดูเหมือนจะผ่าน อะไรมาเยอะเลยทีเดียว/false/true//Good Ol' Cap",
  "19": "Fedora/(หมวกฟีดอรา) หมวกทรงหรู ของชาวเมือง/false/true//Fedora",
  "20": "Cool Cap/(หมวกแก๊ปสุดเท่) ดูเหมือนสีมันซีดหมดแล้ว มันเคยมีสีฟ้าสดมาก่อน/false/true//Cool Cap",
  "21": "Lucky Bow/(ที่คาดผมนำโชค) ตรงกลางนั่น ทำมาจากทองคำเชียวนะ/true/false//Lucky Bow",
  "22": "Polka Bow/(ที่คาดผมลายจุด) ใครได้เห็นสิ่งนี้ ต้องเหลียวมองทุกคน/true/false//Polka Bow",
  "23": "Gnome's Cap/(หมวกของโนม) โนมตัวนี้มีหัวที่ใหญ่มาก/false/true//Gnome's Cap",
  "24": "Eye Patch/(ผ้าปิดตา) ไม่มีทางบอกได้หรอกว่า นี่มันของจริง หรือแค่เครื่องประดับ จากร้านค้า/true/true//Eye Patch",
  "25": "Santa Hat/(หมวกซานต้า) หมวกเฉลิมฉลอง ฤดูกาลสุดแสนวิเศษ/false/true//Santa Hat",
  "26": "Tiara/(รัดเกล้า) เครื่องประดับศีรษะ ที่ตรงกลางมีอัญมณีสีม่วง ล้อมรอบไปด้วยทองคำ/true/true//Tiara",
  "27": "Hard Hat/(หมวกนิรภัย) หมวกทรงกลม ที่ช่วยปกป้องศีรษะจากอันตราย/false/true//Hard Hat",
  "28": "Sou'wester/(หมวกกันฝน) รูปทรงของมันช่วยให้กะลาสี ไม่เปียกท่ามกลางพายุฝน/false/true//Sou'wester",
  "29": "Daisy/(ดอกเดซี่) ดอกเดซี่จากฤดูใบไม้ผลิ ที่ถูกนำมาใช้กลัดผม/true/false//Daisy",
  "30": "Watermelon Band/(ที่คาดผมสีแตงโม) สีสันของมัน ได้รับแรงบันดาลใจจาก แตงโมในหน้าร้อน/true/false//Watermelon Band",
  "31": "Mouse Ears/(หูหนู) มันทำมาจากใยสังเคราะห์/true/true//Mouse Ears",
  "32": "Cat Ears/(หูแมว) มีหนวดด้วยนะ/true/true//Cat Ears",
  "33": "Cowgal Hat/(หมวกคาวเกิร์ล) หมวกที่ประดับ ไปด้วยเพชรปลอม/false/true//Cowgal Hat",
  "34": "Cowpoke Hat/(หมวกโคบาล) หมวกสำหรับ ผู้เชี่ยวชาญเรื่องโค/false/true//Cowpoke Hat",
  "35": "Archer's Cap/(หมวกนักธนู) หมวกที่ทันสมัย โดยไม่ต้องไปสนใจว่า คุณเป็นนักธนูหรือไม่/false/true//Archer's Cap",
  "36": "Panda Hat/(หมวกแพนด้า) หมวกแพนด้าน่ารัก/false/true//Panda Hat",
  "37": "Blue Cowboy Hat/(หมวกคาวบอยสีฟ้า) หมวกคาวบอยเดนิมสีฟ้าเย็นตา/false/true//Blue Cowboy Hat",
  "38": "Red Cowboy Hat/(หมวกคาวบอยสีแดง) หมวกคาวบอย ที่สะดุดตาในหนังนิ่มสีแดง/false/true//Red Cowboy Hat",
  "39": "Cone Hat/(หมวกรูปกรวย) ความอยากรู้อยากเห็น จากดินแดนที่ห่างไกล/false/true//Cone Hat",
  "40": "Living Hat/(หมวกมีชีวิต) มันดูดซับความชื้น จากหนังศีรษะของคุณได้เลย ไม่จำเป็นต้องใช้น้ำ!/false/true//Living Hat",
  "41": "Emily's Magic Hat/(หมวกวิเศษของเอมิลี่) ทำด้วยความรักโดยเอมิลี่ มันเป็นสารอินทรีย์ 100%!/false/true//Emily's Magic Hat",
  "42": "Mushroom Cap/(หมวกเห็ด) มันมีกลิ่นเหมือนดิน/false/true//Mushroom Cap",
  "43": "Dinosaur Hat/(หมวกไดโนเสาร์) หมวกก็ดูเหมือน ไดโนเสาร์ตัวเล็กๆ/false/true//Dinosaur Hat",
  "44": "Totem Mask/(หน้ากากโทเท็ม) ไม่ต้องกังวล มันจะไม่ทำให้ใบหน้า ของคุณเสียรูป/true/true//Totem Mask",
  "45": "Logo Cap/(หมวกโลโก้) หมวกแก๊ปสีชมพู ที่มีรูปทรงโฉบเฉี่ยว/false/true//Logo Cap",
  "46": "Wearable Dwarf Helm/(หมวกคนแคระ) หมวกนิรภัยสำหรับคนแคระ ที่มีขนาดใหญ่เล็กน้อย/hide/true//Wearable Dwarf Helm",
  "47": "Fashion Hat/(หมวกแฟชั่น) หมวกแฟชั่น ที่มีขนในปีก/false/true//Fashion Hat",
  "48": "Pumpkin Mask/(หน้ากากฟักทอง) สักวันหนึ่งมันจะเป็นฟักทองที่ยิ่งใหญ่.../hide/true//Pumpkin Mask",
  "49": "Hair Bone/(แฮร์โบน) โบว์ผูกผม รุ่นก่อนประวัติศาสตร์/true/false//Hair Bone",
  "50": "Knight's Helmet/(หมวกอัศวิน) มันดูเหมือนของจริงมาก!/hide/true//Knight's Helmet",
  "51": "Squire's Helmet/(หมวกตุลาการ) เปิดใบหน้าเพื่อเพิ่ม การไหลของอากาศ/hide/true//Squire's Helmet",
  "52": "Spotted Headscarf/(ผ้าคลุมศีรษะลายจุด) ผ้าพันคอลายจุดสีแดงผูกรอบศีรษะ/hide/true//Spotted Headscarf",
  "53": "Beanie/(หมวก) หมวกที่ดูอบอุ่นมีขนาดค่อนข้างแน่น/false/true//Beanie",
  "54": "Floppy Beanie/(หมวกฟลอปปี้) หมวกที่ดูอบอุ่นที่มีรูปทรงพอดี/false/true//Floppy Beanie",
  "55": "Fishing Hat/(หมวกตกปลา) ขอบกว้างช่วยให้คุณมีเงาเมื่อคุณตกปลาบนฝั่งแม่น้ำ/false/true//Fishing Hat",
  "56": "Blobfish Mask/(หน้ากากบล็อบฟิช) เหมือนฟองน้ำจริงๆ !/true/true//Blobfish Mask",
  "57": "Party Hat/(หมวกปาร์ตี้) หมวกสีแดง ที่ทำให้การเฉลิมฉลองสนุกยิ่งขึ้น/false/true//Party Hat",
  "58": "Party Hat/(หมวกปาร์ตี้) หมวกสีฟ้า ที่ทำให้การเฉลิมฉลองสนุกยิ่งขึ้น/false/true//Party Hat",
  "59": "Party Hat/(หมวกปาร์ตี้) หมวกสีเขียว ที่ทำให้การเฉลิมฉลองสนุกยิ่งขึ้น/false/true//Party Hat",
  "60": "Arcane Hat/(หมวกจอมเวทย์) ชนิดของหมวกคาวบอยที่พ่อมดสวมใส่/false/true//Arcane Hat",
  "61": "Chef Hat/(หมวกเชฟ) หมวกแบบดั้งเดิม สวมใส่โดยหัวหน้าพ่อครัว/false/true//Chef Hat",
  "62": "Pirate Hat/(หมวกโจรสลัด) หมวกกัปตันที่มีกะโหลกศีรษะ ที่น่ากลัวอยู่ด้านหน้า/false/true//Pirate Hat",
  "63": "Flat Topped Hat/(หมวกทรงแบน) หมวกแบบเก่าที่ครั้งหนึ่ง เคยถือว่าทันสมัยมาก/false/true//Flat Topped Hat",
  "64": "Elegant Turban/(ผ้าโพกหัวที่สง่างาม) ผ้าโพกหัวผ้าไหมสีดำเนื้อดี ประดับด้วยสีทอง/false/true//Elegant Turban",
  "65": "White Turban/(ผ้าโพกหัวสีขาว) ผ้าโพกหัวผ้าไหมสีขาวละเอียด ประดับด้วยสีน้ำเงิน/false/true//White Turban",
  "66": "Garbage Hat/(หมวกขยะ) มันเป็นขยะที่สามารถ 'นำกลับมาใช้ใหม่' ในหมวก.../true/true//Garbage Hat",
  "67": "Golden Mask/(หน้ากากทองคำ) ที่ละลึกการละเล่นที่ยึดมั่น ของทะเลทรายคาลิโก้!/true/true//Golden Mask",
  "68": "Propeller Hat/(หมวกใบพัด) หมวกโง่ๆ ที่มีใบพัดอยู่ด้านบน/false/true//Propeller Hat",
  "69": "Bridal Veil/(ผ้าคลุมหน้าเจ้าสาว) หมวกแบบดั้งเดิมสำหรับเจ้าสาว/false/true//Bridal Veil",
  "70": "Witch Hat/(หมวกแม่มด) หมวกแหลมที่เป็นที่นิยม ของแม่มด/false/true//Witch Hat",
  "71": "Copper Pan/(จานร่อนแร่ทองแดง) คุณเอาจานร่อนแร่ทองแดง มาวางไว้บนหัว.../false/true//Copper Pan",
  "72": "Green Turban/(ผ้าโพกหัวสีเขียว) ผ้าโพกหัวไหมสีเขียว ประดับด้วยเครื่องประดับทองด้านหน้า/false/true//Green Turban",
  "73": "Magic Cowboy Hat/(หมวกคาวบอยวิเศษ) มันส่องแสงด้วยพลังงาน จากแท่งปริซึม/false/true/Prismatic//Magic Cowboy Hat",
  "74": "Magic Turban/(ผ้าโพกหัววิเศษ) มันส่องแสงด้วยพลังงาน จากแท่งปริซึม/false/true/Prismatic//Magic Turban",
  "75": "Golden Helmet/(หมวกทองคำ) ทำมาจากมะพร้าวทองคำ ครึ่งหนึ่ง/false/true//Golden Helmet",
  "76": "Deluxe Pirate Hat/(หมวกโจรสลัด แบบพิเศษ)มีแต่โจรสลัดแปลกๆ เท่านั้นแหละ ที่จะใส่ออกมาได้/false/true//Deluxe Pirate Hat",
  "77": "Pink Bow/(โบว์ชมพู) เป็นโบว์ที่ใหญ่อะไรขนาดนี้!/true/false//Pink Bow",
  "78": "Frog Hat/(หมวกกบ) เพื่อนรักตัวลื่น ที่อาศัยอยู่บนหัวของคุณ/false/true//Frog Hat",
  "79": "Small Cap/(หมวกใบเล็ก) เป็นหมวกที่ออกแบบ ตามหลักความเป็นจริง ให้มากยิ่งขึ้น/false/true//Small Cap",
  "80": "Bluebird Mask/(หน้ากากบลูเบิร์ด) ใส่มันเพื่อทำให้คุณ เหมือนกับพ่อค้าคนโปรด/hide/true//Bluebird Mask",
  "81": "Deluxe Cowboy Hat/(หมวกคาวบอย แบบพิเศษ) หมวกคาวบอยที่มี รูปทรงโดดเด่นกว่าเดิม/false/true//Deluxe Cowboy Hat",
  "82": "Mr. Qi's Hat/(หมวกของ Mr.Qi) หมวกของ Mr. Qi's ที่ชวนให้จดจำ/false/true//Mr. Qi's Hat",
  "83": "Dark Cowboy Hat/(หมวกคาวบอย) หมวกคาวบอยสีดำ ทันสมัยสุดๆ/false/true//Dark Cowboy Hat",
  "84": "Radioactive Goggles/(แว่นกัมมันตภาพรังสี) ถึงจะชื่อนี้ก็เถอะ แต่มันไม่ได้ช่วยอะไรเลย/true/true//Radioactive Goggles",
  "85": "Swashbuckler Hat/(หมวกนักดาบ) หมวกนักดาบ ที่ออกแบบมาอย่างดี/false/true//Swashbuckler Hat",
  "86": "Qi Mask/(หน้ากาก Qi) ???/hide/true//Qi Mask",
  "87": "Star Helmet/(หมวกแห่งดวงดาว) หมวกสีแดงที่มีดาวอยู่ด้วย/false/true//Star Helmet",
  "88": "Sunglasses/(แว่นกันแดด) ลุคสบายๆ เหมาะสำหรับวันเบาๆ/true/true//Sunglasses",
  "89": "Goggles/(แว่นหนาเตอะ) มันจะช่วยทำให้คุณ รู้สึกปลอดภัยขึ้น 10 ระดับ/true/true//Goggles",
  "90": "Forager's Hat/(หมวกนักปล้น) นี่แหละความสุข!/false/true//Forager's Hat",
  "91": "Tiger Hat/(หมวกเสือ) สง่างามดั่งเสือซะไม่มี/false/true//Tiger Hat",
  "92": "???/???/hide/true//???",
  "93": "Warrior Helmet/(หมวกนักรบ) เปลือกไข่นกกระจอกเทศ ที่ดัดแปลงเป็นหมวก/false/true//Warrior Helmet",
  "AbigailsBow": "Abigail's Bow/(โบของอบิเกล) เหมือนกับของแอ๊บบี้/true/false//Abigail's Bow/94",
  "TricornHat": "Tricorn Hat/(หมวกสามมุม) หมวกแบบดั้งเดิม สำหรับทหารเรือ/false/true//Tricorn Hat/95",
  "JojaCap": "Joja Cap/(หมวกแก๊ปโจจ้า) หมวกของร้านโจจ้า ทำจากโพลีเอสเตอร์ 100%/false/true//Joja Cap/96",
  "LaurelWreathCrown": "Laurel Wreath Crown/(มงกุฎช่อมะกอก) มาลัยใบไม้ที่ถักออกมา เป็นมงกุฎแสนสวย/true/true//Laurel Wreath Crown/97",
  "GilsHat": "Gil's Hat/(หมวกของกิล) เป็นแบบที่กับที่กิลใส่/false/true//Gil's Hat/98",
  "BlueBow": "Blue Bow/(โบสีฟ้า) โบขนาดใหญ่นี้ ดูเริ่ดสะแมนแตน!/true/false//Blue Bow/99",
  "DarkVelvetBow": "Dark Velvet Bow/(โบรักสีดำ) โบใหญ่ๆ พองๆ ทำจากกำมะหยี่สีเข้ม/true/false//Dark Velvet Bow/100",
  "MummyMask": "Mummy Mask/(หน้ากากมัมมี่) หน้ากากมันมี่ขนาดใหญ่... น่ากลัวมาก!/hide/true//Mummy Mask/101",
  "BucketHat": "Bucket Hat/(หมวกบักเก็ต) หมวกเรียบๆ ปีกสั้น/false/true//Bucket Hat/102",
  "SquidHat": "Squid Hat/(หมวกหมึก) นี่คือโอกาสที่จะได้เอาหมึก มาแปะไว้บนหัว/false/true//Squid Hat/103",
  "SportsCap": "Sports Cap/(หมวกกีฬา) หมวกแก๊ปอันนี้มีโลโก้ ของทีมยุคเก่าติดอยู่/false/true//Sports Cap/104",
  "RedFez": "Red Fez/(หมวกตุรกี) หมวกที่มีเอกลักษณ์ ที่ได้รับความนิยม มาจากแม่ค้าหมูชื่อดัง/false/true//Red Fez/105",
  "RaccoonHat": "Raccoon Hat/(หมวกแร็กคูน) หมวกคลาสสิกจากเมื่อครั้งวันวาน/false/true//Raccoon Hat/106",
  "SteelPanHat": "Steel Pan/(จานร่อนแร่เหล็ก) คุณเอาจานร่อนแร่เหล็ก มาวางไว้บนหัว.../false/true//Steel Pan/107",
  "GoldPanHat": "Gold Pan/(จานร่อนแร่ทองคำ) คุณเอาจานร่อนแร่ทองคำ มาวางไว้บนหัว.../false/true//Gold Pan/108",
  "IridiumPanHat": "Iridium Pan/(จานร่อนแร่อิริเดียม) คุณเอาจานร่อนแร่อิริเดียม มาวางไว้บนหัว.../false/true//Iridium Pan/109",
  "MysteryHat": "Mystery Hat/(หมวกปริศนา) ทำจากชิ้นส่วนที่เหลือ ของกล่องปริศนา/false/true//Mystery Hat/110",
  "DarkBallcap": "Dark Ballcap/(หมวกแก๊ปสีดำ) ใส่ได้พอดีกับหัวคุณเป๊ะ/false/true//Dark Ballcap/111",
  "LeprechuanHat": "Leprechaun Hat/(หมวกภูตแคระ) เจ้าของคนเดิมถือว่ามีหัวโตมาก ในบรรดาภูตแคระ/false/true//Leprechaun Hat/112",
  "JunimoHat": "Junimo Hat/(หมวกจูนิโม่) เพื่อเป็นเกียรติ แก่เพื่อนตัวจิ๋วของเรา.../false/true//Junimo Hat/113",
  "PaperHat": "Paper Hat/(หมวกกระดาษ) ทำจากกระดาษชนิดพิเศษ ที่จะไม่สลายตัวเมื่อโดนฝน/false/true//Paper Hat/114",
  "PageboyCap": "Pageboy Cap/(หมวกเพจบอย) ไม่รู้ทำไม มันทำให้คุณอยากจะไป ขายหนังสือพิมพ์/false/true//Pageboy Cap/115",
  "JesterHat": "Jester Hat/(หมวกตัวตลก) ปลดปล่อยตัวตลก ออกมาจากใจ/false/true//Jester Hat/116",
  "BlueRibbon": "Blue Ribbon/(ริบบิ้นสีฟ้า) ริบบิ้นน่ารักที่ผูกไว้ ด้านหลังศีรษะ/true/false//Blue Ribbon/117",
  "GovernorsHat": "Governor's Hat/(หมวกท่านผู้ว่า) หมวกที่จำลองแบบ มาจากหมวกใบเก่ง ของท่านผู้ว่า/false/true//Governor's Hat/118",
  "WhiteBow": "White Bow/(โบสีขาว) โบที่มีสีขาวเหมือนหิมะ/true/false//White Bow/119",
  "SpaceHelmet": "Space Helmet/(หมวกอวกาศ) คำเตือน: หมวกใบนี้ยังไม่ผ่านการทดสอบ ในอวกาศจริงๆ/hide/true//Space Helmet/120",
  "InfinityCrown": "Infinity Crown/(มงกุฎอนันต์) ทำจากโลหะประหลาด ที่คุณไม่เคยเห็นมาก่อน/false/true//Infinity Crown/121"
}
