{
  "Universal_Love": "74 446 797 373 279",
  "Universal_Like": "-2 -7 -26 -75 -80 72 395 613 634 635 636 637 638 724 459 873 394 166",
  "Universal_Neutral": "194 216 262 304 815 book_item",
  "Universal_Dislike": "-4 -8 -12 -15 -16 -19 -22 -24 -25 -28 -74 78 169 246 247 305 309 310 311 403 419 423 535 536 537 725 726 749 271 Book_PriceCatalogue category_trinket",
  "Universal_Hate": "0 -20 -21 92 110 111 112 142 152 153 157 178 105 168 170 171 172 374 376 378 380 397 420 684 721 766 767 772 203 308 265 909 910",
  "Robin": "เอ๊ะ นี่ให้ฉันเหรอ? โหววว ฉันชอบมันมากเลยล่ะ!!/224 426 636 Book_Woodcutting/ขอบคุณนะ! นี่มันดีมากเลยจริงๆ!/-6 -79 424 709 SkillBook_2/เอ่อ... ให้มา... ทำไมเหรอ?/16 330/ห้ะ... นี่มันแย่มากๆ เลยนะ!//ขอบใจนะ นี่น่าจะมีประโยชน์ก็ได้//",
  "Demetrius": "คุณให้ผมเหรอ? นี่มันเยี่ยมมากๆเลย!/207 232 233 400/ขอบคุณครับ! จะต้องเป็นตัวอย่างที่น่าสนใจ มากแน่/-5 -79 422 107/...มันคืออะไรน่ะ?/80 330/ไอ้นี่มันน่าขยะแขยงมากเลยนะ//คุณนี่มีน้ำใจจริงๆ นะ/-4/",
  "Maru": "นั่นมัน...? โอ้ว้าวว @! นี่มันน่าประทับใจสุดๆไปเลย!/72 197 190 215 222 243 336 337 400 787 910 122/นี่เป็นของขวัญที่สุดยอดมากๆ ขอบคุณนะ!/-260 62 64 66 68 70 334 335 725 726 909 edible_mushroom/โอ้... ให้ฉันเหรอ? ฉันจะวางมันไว้ตรงนี้ละกัน.../-4 330 414 410 404 724/อี๊! เธอคิดว่าฉันจะชอบไอ้นี่เหรอ?/340 342 430 416/ขอบคุณนะ//",
  "Sebastian": "ผมชอบมันมากเลยนะ คุณรู้ได้ยังไงน่ะ?/84 227 236 575 305 FrogEgg/ขอบคุณ ผมชอบมันนะ/267 614 276 Book_Void SkillBook_4/...?/-81 30 -80/...ผมเกลียดเจ้านี่/-5 459 195 201 240 330 -26 873/...ขอบคุณนะ/-4/",
  "Linus": "นี่มันสุดยอดไปเลย! เจ้าทำให้วันนี้ เป็นวันพิเศษไปเลยนะเนี่ย/88 90 234 242 280 Book_Trash/เป็นของขวัญที่ดีมากเลย ขอบคุณ!/-5 -6 -79 -81/หืม.. ข้าไม่ได้ชอบมันนักหรอกนะ/-2 330 166/ทำไมเจ้าถึงให้ของแบบนี้ กับข้าล่ะ? คิดว่าเพราะข้า อาศัยอยู่ในเต้นท์ เลยต้องชอบขยะรึไง//ของขวัญเหรอ? ดีจริง/774 -4 142/",
  "Pierre": "นี่มันของโปรดของผมเลย! ขอบคุณครับ!/202 Book_PriceCatalogue/คุณนี่ช่างมีน้ำใจจริงๆ ผมชอบมันมากเลยล่ะ/-5 -6 -7 18 22 402 418 259 227/นี่มัน ไม่ใช่ของที่ผมชอบเท่าไหร่.../-2 -81 330/ได้โปรด อย่าเอามันมาให้ผมอีกเลยนะครับ/167 -4 199 270 229 248/ของขวัญเหรอ? ขอบคุณครับ!//",
  "Caroline": "โอ้ @... เธอตามใจฉันมากไปแล้วนะจ๊ะเนี่ย! ฉันชอบมากเลยล่ะ!/213 614 593 907/ให้ฉันเหรอ? เป็นของขวัญ ที่ใส่ใจมากเลย! ขอบใจจ้ะ!/-7 18 815 402 418 16/โอ้... จ้ะ ฉัน เอ่อ... จะเอามันไปใช้ ให้เกิดประโยชน์นะ.../-81 330 300 306 307/เอ่อ... ฉันว่าฉันคงจะใช้มัน หมักน้ำป้าเช็งได้.../80 296/โอ้ ดีจริง ขอบใจนะจ๊ะ//",
  "Abigail": "เรารักสิ่งนี้ที่สุดเลยล่ะ! เธอนี่ดีที่สุดเลย @!/66 128 220 226 276 611 904 Book_Void/เอ๋? รู้ได้ยังไงน่ะว่าเราหิวอยู่? นี่มันดูน่ากินมากเลย!/119 109 SkillBook_4 BasiliskPaw/บอกเราหน่อยสิ ว่าเราควรเอามันไปทำอะไร?/-5 -75 -79 16 245 246/คิดยังไง? ถึงเอาเจ้านี่มาให้เราเนี่ย!/330/เอาของขวัญมาให้เหรอ? ขอบคุณนะ//",
  "Alex": "เฮ้ เจ๋งไปเลย! ฉันชอบเจ้านี่มากเลยล่ะ!/201 212 Book_Defense/นี่มันเยี่ยมเลย! ขอบคุณนะ/-5 403 107 ParrotEgg/อืม.. โอเค ขอบใจ/16 330 book_item/เอาจริงเหรอเนี่ย? นี่มันขยะชัดๆ/80/ขอบใจ!/FrogEgg/",
  "George": "นี่มันของที่ฉันชอบมันมาก ขอบใจเธอมาก/20 205/ขอบใจ/18 195 199 200 214 219 223 231 233/นั่นเป็นของขวัญที่แย่มาก/-80 16/นี่คงจะเป็นของขวัญ ที่ห่วยแตกที่สุด ที่ฉันเคยเห็นเชียวล่ะ ขอบใจเหลือเกิน/22 80 330/ของขวัญ? ฮืม...#$e#เธอหวังอะไรตอบแทนรึเปล่า?//",
  "Evelyn": "*สูดลมหายใจ*... นี่มันมหัศจรรย์มากเลยล่ะจ้ะ!$u#$e#เธอทำให้ผู้หญิงแก่ๆ คนหนึ่งมีความสุขมากเลยนะจ้ะ/72 220 239 284 591 595 Raisins/ตายจริง มันดูยอดเยี่ยมไปเลยจ้ะ เธอช่างมีน้ำใจเหลือเกิน/-6 18 402 418 170 forage_item_beach/อืม.. ยายควรจะเอามัน ไปไว้ตรงไหนดีเนี่ย?/16 80/...กลิ่นมันแย่มากเลย/225 226 227 228 219 396 248 296 -4 330/ดีอะไรอย่างนี้ ขอบใจจ้ะ//",
  "Lewis": "ว้าว นี่มันของชอบของฉันเชียวล่ะ! ขอบคุณมากเลย!/200 208 235 614 260/ขอบคุณนะ นี่มันดีจริงๆ!/-80 24 88 90 192 258 264 272 274 278 258/อืม.. ฉันจะถือว่ามันเป็นความใจดี ของเธอก็แล้วกัน.../-6 16 330/ไอ้นี่ มันทำให้ฉันรู้สึกไม่ดีเลยนะ เป็นของขวัญ ที่น่ากลัวอะไรแบบนี้/80/เธอนี่เอื้อเฟื้อมากเลย ขอบคุณมากนะ//",
  "Clint": "ใช่เลย! นี่เป็นของที่ข้าหาอยู่พอดี!/60 62 64 66 68 70 336 337 605 649 749/เป็นของฝากที่น่าสนใจดีนะ ขอบคุณมาก!/334 335 SkillBook_3/*ถอนหายใจ*.../-80 16 80 /สิ่งนี้ทำให้ข้ารู้สึกไม่สบายใจ//ขอบใจ/-15/",
  "Penny": "ขอบคุณมากเลย! ฉันชอบสิ่งนี้มากๆ!/60 376 651 72 164 218 230 244 254 book_item/ขอบคุณน้า มันดูพิเศษกว่าปกติมากเลยล่ะ/-6 20 22 ancient_item/อ่า.. นี่.. ให้ฉันเหรอ? ขอบใจ/-4 80 330 456 457 444 440 422 420/อึ้ย.. ขอโทษจริงๆนะ แต่ฉันเกลียดมันมากเลยอ่ะ/446 346 348 303 304 398 459 873/ขอบคุณจ้ะ มันดูดีจังเลย//",
  "Pam": "เฮ้! นี่มันมีความหมายมากเลยนะ! ขอบใจมากๆ เจ้าหนู/24 90 199 208 303 346 459 873/เธอทำดีมากเลยเจ้าหนู ขอบใจ!/-6 -75 -79 18 227 228 231 232 233 234 235 236 238 402 418/มันไม่ใช่ของที่ฉันชอบ เท่าไหร่หรอก/-5 16 80 330/ไอ้นี่มันน่าเกลียดมากเลยนะ$u#$e#(นี่มันพวกตลกร้าย อะไรแบบนั้นรึเปล่า?)/149 151/ขอบใจมาก เจ้าหนู/-4 167/",
  "Emily": "ของขวัญนี่มันเริ่ดมากเลย! ขอบคุณมากๆ นะ!/60 62 64 66 68 70 241 428 440 ParrotEgg/ขอบคุณนะ! ฉันรู้สึกถึงความรู้สึกดีๆ ผ่านของขวัญนี่เลย/18 82 84 86 196 200 207 230 235 402 418/โทษทีนะ @ ฉันไม่ชอบมันน่ะ/78 232 233 225 226/ของขวัญที่เต็มไปด้วย ความรู้สึกแง่ลบขนาดนี้ ฉันไม่อยากได้หรอกนะ/212 213 227 228/ขอบใจนะ!//",
  "Haley": "พระเจ้า นี่มันของชอบของฉันเลยล่ะ!!/221 421 610 88/*อ้าปากค้าง*...ให้ฉัน? ขอบคุณนะ!!/18 60 62 64 70 88 222 223 232 233 234 402 418/เอ่อ.. นี่มันเป็นของขวัญที่เฉิ่มมาก/-5 -6 -75 -79 -81 80 -27/น่าขยะแขยง!/-4 16 330 74/ขอบคุณนะ ฉันชอบของขวัญน่ะ//",
  "Jas": "*อ้าปากค้าง*...ว้าว!! ขอบคุณนะคะ!$h/221 595 604 doll_item toy_item FairyBox/หนูรักของขวัญ! ขอบคุณค่า!/18 60 64 70 88 232 233 234 222 223 340 344 402 418 903 -6/นี่คือของขวัญให้หนูเหรอ...$s/-5 -81 -75 -79 80/อึ๋ย มันแหยะๆ ด้วยอ่ะ$s/253 395 459 -26 16 330 873/ขอบคุณค่า!//",
  "Vincent": "ว้าว ขอบคุณมากๆ ฮะ! ! นี่มันยอดเยี่ยมมาก!/221 398 612 721 903 FrogEgg/ให้ผมเหรอ? ว้าว ขอบคุณฮะ!/18 60 64 70 88 232 233 234 222 223 340 344 402 418 -6/นี่มันไม่สนุกนะฮะ...$s/-5 -75 -79 -81 80/หยึย นี่มันอะไรอ่ะ?$s/253 395 459 -26 16 330 873/ขอบคุณฮะ!//",
  "Jodi": "โอ้ น่ารักอะไรอย่างนี้นะ ฉันรักมันมากเลยล่ะจ้ะ!/72 200 211 214 220 222 225 231/ขอบใจนะ นี่ทำให้วันนี้ เป็นวันพิเศษของฉันเลยล่ะ/-5 -6 -79 18 402 418/ฮืม... ฉันว่าฉันคงเอามัน ไปหมักเป็นปุ๋ยได้ล่ะมั้ง.../-81 80 248 330/*หน้าซีด*... ฉันเกลียดมัน.../18 22 396/เธอนี่น่ารักจริงๆเลย ขอบใจจ้ะ//",
  "Kent": "โอ้...! แม่เคยให้ของแบบนี้กับผม ตอนเด็กๆ ล่ะ นี่ทำให้ผมนึกถึงความทรงจำดีๆ ตอนนั้นเลย ขอบคุณมาก/607 649/เฮ้ นี่มันเป็นของขวัญที่ดีมากๆ เลยนะ ขอบคุณ/-5 -79 18 402 418 Book_Bombs/อ่า... นี่มัน... มันคืออะไรน่ะ? หืม.../80 330 416 873/นี่... พวกมันให้ผมกินเจ้านี่ตอนที่ เป็นเชลยอยู่ในคุกโกโทโร่ ผมกำลังพยายามจะลืมมันอยู่ *ตัวสั่น*/-6 227 229 456/คุณมีน้ำใจมากเลย ครอบครัวของผมจะต้องชอบมันแน่//",
  "Sam": "นี่แหละ! ใช่เลย! ไม่มีอะไรที่ผมจะชอบ ไปมากกว่านี้แล้วล่ะ!/90 206 562 731/ขอบใจ! ผมชอบมันมากๆ เลย/167 210 213 220 223 224 228 232 233 239 -5/ฮืม... นี่มัน... ก็น่าสนใจล่ะมั้ง/-81 80 152 330 -75/คุณเข้าใจอะไบ้างรึเปล่าเนี่ย หือ?/306 307 342 -15/คุณเอามาให้ผมเหรอ ขอบคุณ!//",
  "Leah": "โห! กำลังอยากได้อยู่พอดีเลยล่ะ! ขอบคุณมากเลยนะ!/196 200 348 606 651 426 430/เป็นของขวัญที่ดีมากเลย! ขอบใจนะ!/-5 -6 -79 -81 18 402 169 406 408 418 86/อืม.. รสนิยมของแต่ละคน คงไม่ค่อยเหมือนกันสินะ/-2 152 330 221 223 229 232 233 241 209 194/เป็นของขวัญที่แย่ไปนิดนะ รู้ไหม?/305 211 210 206 216/ขอบใจจ้า//",
  "Shane": "โอ้ ว้าว @! คุณรู้ได้ยังไงน่ะ ว่านี่มันเป็นของชอบของผม?/206 215 260 346/นี่มันเยี่ยมไปเลย ขอบใจ!/-5 -79 303/ผมไม่ชอบมันเลย/-81 152 330/ทำไมคุณถึงเอาขยะของคุณ มาให้ผมน่ะ?/80 342/โอ้ ให้ผมเหรอ ขอบใจ!/203/",
  "Marnie": "นี่เป็นของขวัญที่เยี่ยมที่สุดเลย! ขอบใจจ้ะ!!/72 221 240 608/ขอบใจจ้ะ!/-5 -6 402 418 SkillBook_0/โอ้.. จะรับไว้แล้วกันจ้ะ/16 152/นี่มันไม่มีประโยชน์อะไรเลย... ฉันไม่เข้าใจเธอเลย/330/ขอบใจจ้ะ มันดูดีมากเลย//",
  "Elliott": "@ นี่เป็นของขวัญที่สวยงามมากเลย ขอบใจนะ!/715 732 218 444 637 814/นี่ให้ผมเหรอ? น่ายินดีจริงๆ เลย!/727 728 -79 60 80 82 84 149 151 346 348 728 book_item/อืม.. ผมไม่ได้ไม่ชอบมันหรอกนะ/16 206 330 -79 -81 -6/เจ้านี่ทำให้ผมรู้สึกแย่ ต้องไประบายอารมณ์หน่อยล่ะ/80 154 300 296 155/โอ้ ของขวัญ! ขอบคุณนะ!/-4 forage_item_beach/",
  "Gus": "เธอจะให้เจ้านี่... กับฉันเหรอ? ฉันไม่รู้จะขอบคุณยังไงดี/72 213 635 729 907/โอ้ พระเจ้า! ให้ฉันจริงๆ เหรอ?/348 303 -7 18 430/ไม่ ไม่ ไม่.../16 330/นี่มันขยะชัดๆ ฉันรู้สึกไม่ชอบเลยนะ?/80 167 648/โอ้ ดีจริง ขอบใจมาก//",
  "Dwarf": "เฮ้ ข้าชอบของพวกนี้นะ เจ้าจะหาของดีๆ แบบนี้ได้จากในเหมืองล่ะ/554 60 62 64 66 68 70 749 162/อา.. มันทำให้ข้าคิดถึงบ้าน/78 82 84 86 96 97 98 99 121 122/หืม... พวกมนุษย์ชอบของแบบนี้สินะ?/-5 16 -81 330/ข้าไม่สนหรอกนะ ว่าเจ้าจะเป็นเผ่าพันธุ์ไหน แต่นี่มันเป็นขยะไร้ค่า//เครื่องบูชา! ขอบใจมาก/-6 -28/",
  "Wizard": "อาา เจ้าสิ่งนี้มันเต็มไปด้วย พลังงานลี้ลับที่แข็งแกร่ง มันจะมีประโยชน์กับการศึกษา ของข้ามากทีเดียว ขอบใจมาก!/155 422 769 768 Book_Mystery/ขอบใจจริงๆ เจ้าสิ่งนี้มีคุณสมบัติหลายอย่าง ที่น่าสนใจไม่น้อยทีเดียว/-12 72 82 84 337 category_trinket/เจ้าสิ่งนี่มัน?... ข้าคิดว่าข้าจะลองโยนมัน ลงไปในกองไฟ แล้วรอดูว่าจะเกิดอะไรขึ้นบ้าง/-5 -6 -81 16 330 766/อึ่กก... เจ้าสิ่งนี้ มันเต็มไปด้วยความธรรมดา ถ้าเป็นไปได้ ก็ไม่ต้องเอามาให้ข้าอีกแล้วนะ//ขอบใจ เจ้าสิ่งนี้ มันจะมีประโยชน์มากทีเดียว ข้าคิดว่างั้นนะ//",
  "Harvey": "ให้ผมเหรอ? นี่เป็นของที่ผมชอบมากๆ เลย! อย่างกับอ่านใจผมออก อย่างนั้นแหละ/348 237 432 395 342/นั่นเป็นของขวัญที่ดีมาก ขอบคุณนะ!/-81 -79 -7 402 614 418 422 436 438 442 444 422/หืม... แน่ใจแล้วเหรอ ว่ามันดีต่อสุขภาพน่ะ?/-4 424 426 330 233 232 238 234 223 222 221 220 216 211 210 208 206 205/...ผมว่าผมแพ้ของพวกนี้นะ/296 245 397 396 394 393 392/ขอบคุณ คุณเป็นคนที่มีน้ำใจมากเลย//",
  "Sandy": "โออ้! ฉันล่ะรักของขวัญจากหุบเขาจริงๆ น้า มีความสุขจริงๆ เลย!~/18 402 418 905/มันดูสวยจังเลย ขอบใจมากนะ!/-75 -79 88 428 436 438 440/โอ้... อืม.. ขอบใจแล้วกัน/-4 330/*ดม* ...นี่มันอะไรน่ะ?//ให้ฉันสินะ? ขอบคุณ!//",
  "Willy": "เยี่ยมเลย! นี่ถ้าพ่อของฉันยังอยู่นะ เขาคงดีใจเป็นบ้าแน่ๆ/72 143 149 154 276 337 698 459 336 Book_Crabbing Book_Roe/มันดูดีจริงๆ ขอบคุณมาก!/66 340 699 707 198 202 209 212 213 214 219 225 727 730 728 732 265 395 729 SkillBook_1/ฮืม... เธอชอบของแบบนี้งั้นเหรอ? หือ/-7 -81 330/...*ดม*... คงพอจะเอาไปเป็น เหยื่อล่อปลาไหวล่ะมั้ง//ของขวัญ! ขอบคุณ/-4 227 228 242/",
  "Krobus": "นี่เป็นของขวัญที่วิเศษมาก สำหรับพวกเราแล้ว มันเป็นเกียรติอย่างยิ่ง ที่มีคนมามอบให้นะ/72 16 276 337 305 308 879 Book_Void/ขอบคุณมาก/66 265 336 340 203/มนุษย์นี่ช่าง... มีรสนิยมที่น่าสนใจ/-7 -81 330/โอ้... อืม.. ข้าจะรับมันไว้แล้วกัน//ขอบคุณ//",
  "Leo": "ผมรักอันนี้เลยแหละ ผมจะเอามันไปเก็บ ในรังของผมนะ/444 289 834 906 ParrotEgg/คุณแน่ใจเหรอ? นี่มันดีมากเลย.../852 396 392 394 397 905/โอ๊ะ... ผมไม่รู้ว่าผมจะย่อยไอ้นี่ได้ไหม.../-7 -81 330 303 459 342 346 348/*ฟุดฟิด* *ฟุดฟิด*... คุณเอาไอ้นี่ให้ผมทำไมอ่ะ? อยากให้ผมฝังมันให้คุณเหรอ?/257 253 247 271 283 304 303 346 873 348 459 167/ผมจะรับของขวัญของคุณไว้/-4 395/"
}
