{
  "1": "Location/พบปะกับพ่อมด/มีจดหมายถึงคุณ จากพ่อมดท้องถิ่น เขาอ้างว่า มีข้อมูลเกี่ยวกับ ศูนย์ชุมชนเก่า/ไปที่หอคอยพ่อมด/WizardHouse/-1/0/-1/false",
  "2": "Basic/Qi ผู้ลึกลับ/ในกล่องปริศนานี้ คุณพบโน้ตเกี่ยวกับ คำแนะนำแปลกๆ ลงนามโดย 'Mr. Qi'/โยนเปลือกหอยสีรุ้ง (Rainbow shell) ในกล่องที่สถานีรถไฟ/null/-1/0/-1/false",
  "3": "Basic/Qi ผู้ลึกลับ/คุณได้พบโน้ตแปลกๆ ที่เขียนขึ้นโดย 'Mr.Qi' คำขอนี้ยิ่งดูยิ่งแปลก/ใส่บีทส์ (Beets) 10 หัว ในตู้เย็นบ้าน นายกเลวิส/null/-1/0/-1/false",
  "4": "Basic/Qi ผู้ลึกลับ/คุณได้พบโน้ตแปลกๆ อีกอันนึงในตู้เย็นของเลวิส ครั้งนี้คำแนะนำ มันดูคลุมเครือมากๆ/\"ให้อาหารมื้อสุดท้าย ของเขากับมังกรทราย\"/null/-1/0/-1/false",
  "5": "Basic/Qi ผู้ลึกลับ/คุณได้พบโน้ตแปลกๆ ในดวงตาของมังกรทราย ดูเหมือนว่า การล่าสมบัติที่แปลก ประหลาดของ Mr. Qi ได้สิ้นสุดลงแล้ว/ตรวจสอบกองไม้ ข้างบ้านของคุณ/null/-1/0/-1/false",
  "6": "ItemHarvest/ก้าวแรกของการเริ่มต้น/ถ้าคุณต้องการเป็นชาวไร่ละก็ คุณต้องเรียนรู้พื้นฐานซะก่อน ใช้จอบเพื่อพรวนดิน จากนั้นหว่านเมล็ด ใส่ในดินที่พรวนแล้ว รดน้ำทุกวันจนกว่าพืชผล จะพร้อมสำหรับการเก็บเกี่ยว/ปลูกและเก็บเกี่ยว หัวผักกาด (Parsnip)/(O)24/h7 8/100/-1/true",
  "7": "Building/การเลี้ยงสัตว์/โรบิน เธอเป็นช่างไม้ท้องถิ่น อาศัยอยู่ทางตอนเหนือของเมือง สำหรับการแลกเปลี่ยน วัสดุกับเงินนั้น เธอจะสร้างสิ่งก่อสร้าง ในฟาร์มของคุณ คุณจะต้องให้เธอ สร้างเล้าหรือโรงนาให้ เพื่อที่คุณจะ สามารถเลี้ยงสัตว์ได้/ก่อสร้างเล้า (Coop)/Coop/-1/100/-1/true",
  "8": "Crafting/ความก้าวหน้า/ในขณะที่คุณ ได้รับประสบการณ์ คุณจะค้นพบวิธี ประดิษฐ์ (Craft) สิ่งใหม่ๆ เพื่อที่จะสร้างกำไร และทำให้ชีวิตง่ายขึ้น อย่างเช่น หุ่นไล่กา (Scarecrow) จะปกป้องพืชผลจากอีกา ที่จะมากินพืชผล อันมีค่าของคุณ/จงบรรลุ การทำฟาร์ม เลเวล 1 แล้วประดิษฐ์หุ่นไล่กา (Scarecrow)/(BC)8/-1/100/-1/true",
  "9": "Social/แนะนำตัว/มันจะดีมากเลยนะ ถ้าคุณไปแนะนำตัว กับคนอื่นๆ รอบๆ เมือง บางคนอาจจะ รู้สึกกังวัลที่จะได้พบ ชาวสวนคนใหม่ ก็ได้นะ/./null/25/0/-1/true",
  "10": "Basic/แร่ทองแดง/คุณค้นพบเศษ แร่ทองแดง คุณไม่แน่ใจว่า จะใช้งาน เศษชิ้นส่วนนี้ยังไง แต่ช่างตีเหล็ก ท้องถิ่นรู้วิธี/นำเศษ แร่ทองแดง (Copper ore) ไปที่ร้านตีเหล็กของคลินท์/./-1/0/-1/false",
  "11": "Crafting/ก่อนจะหลอมโลหะ/หากคุณตั้งใจ จะขุดเหมืองต่อไปละก็ คุณน่าจะสร้างเตาหลอมนะ/ประดิษฐ์เตาหลอม (Furnace) สักเตา/(BC)13/12/0/-1/true",
  "12": "ItemHarvest/การถลุงแร่/ตอนนี้คุณได้สร้าง เตาหลอมแล้ว สามารถถลุงแร่ บางอย่างได้ ตามคำแนะนำของคลินท์ ถ้าคุณใส่ แร่ทองแดง (Copper ore) 5 ก้อน และ ถ่าน (Coal) 1 ก้อน ในเตาหลอมล่ะก็ คุณจะได้รับแท่งทองแดง (Copper bar) 1 แท่ง/ใช้งานเตาหลอม (Furnace) เพื่อสร้างแท่งทองแดง (Copper Bar) สักชิ้น/(O)334 1/-1/0/-1/true",
  "13": "Basic/ไปที่ชายหาด/บางคนที่ชื่อวิลลี่ได้ชวนคุณไปที่ ชายหาดทางตอนใต้ ของเมือง เขาบอกว่า มีของบางอย่าง จะมอบให้คุณ/ไปที่ริมชายหาด ก่อน 5 โมงเย็น/-1/-1/0/-1/true",
  "14": "Basic/ออกสำรวจเหมือง/มีเหมืองเก่าๆ อยู่ที่ภูเขา ทางเหนือของเมือง อาจพบแร่ล้ำค่าข้างใน แต่มาร์ลอนบอกว่า มันค่อนข้างที่จะ อันตราย/ลงไปชั้นที่ 5 ของเหมือง/17/17/0/-1/false",
  "15": "Monster/จุดเริ่มต้น/ถ้าคุณฆ่า สไลม์ 10 ตัวได้ คุณจะได้รับตำแหน่ง ในสมาคมนักผจญภัย/ฆ่า 0 ใน 10 สไลม์/Green_Slime 10/16/0/-1/false",
  "16": "Location/จุดเริ่มต้น/คุณประสบความสำเร็จ ในการฆ่า! สไลม์ 10 ตัวแล้ว ตอนนี้คุณสามารถเข้าไปใน สมาคมนักผจญภัยได้แล้ว/เข้าไปใน สมาคมนักผจญภัย/AdventureGuild/-1/0/-1/false",
  "17": "Basic/ลึกลงไปในเหมือง/ดูเหมือนว่า ลิฟท์ของเหมือง ยังคงทำงานอยู่ มันจะช่วยให้คุณ ไป-กลับ ยังชั้นที่คุณ เคยค้นพบประตูลิฟท์แล้ว ได้อย่างรวดเร็ว การสำรวจนี้ จะเป็นไปตามลำดับความลึก/ลงไปชั้นที่ 40 ของเหมือง/18/18/0/-1/false",
  "18": "Basic/ลงดิ่งสู่เบื้องล่าง?/จนถึงตอนนี้ ไม่มีร่องรอยของเหมืองชั้นสุดท้าย มันลึกแค่ไหนกันนะ?/ลงเหมืองถึงชั้นสุดท้าย/-1/-1/0/-1/false",
  "19": "Basic/กุญแจหัวกะโหลก/คุณพบกุญแจรูปร่างแปลกๆ ที่ก้นเหมือง/หาวัตถุประสงค์ของกุญแจรูปหัวกะโหลก/-1/-1/0/-1/false",
  "20": "Basic/การท้าทายของ Qi/คุณถูกท้าทายให้ลง ถ้ำหัวกะโหลกถึงชั้นที่ 25 คุณจะได้รางวัลมากมาย หากคุณทำสำเร็จ/ลงไปที่ชั้น 25 ของถ้ำหัวกะโหลก/-1/-1/0/-1/false",
  "21": "Basic/คำขอร้องจากมานี/มานีมาที่ฟาร์มและถามคุณว่า พอจะหาแครอทถ้ำ ได้ไหม เธอกำลังพยายาม ฝึกให้แพะให้พูด และพวกมันดูเหมือนจะชอบแครอทถ้ำ เป็นของว่างมาก/พก แครอทถ้ำ (Cave Carrot) สักอัน ไปที่ร้านของมานี/-1/-1/0/-1/true",
  "22": "Basic/แคสเซอโรลปลา/โจดี้ต้องการให้คุณ ไปกินข้าวเย็นด้วยกันตอน 1 ทุ่ม เธอมีเพียงคำขอเดียว คือให้คุณนำ ปลากะพงปากกว้าง มาให้เธอสำหรับทำแคสเซอโรล/นำปลากะพงปากกว้าง (Largemouth bass) สักตัว ไปหาโจดี้ที่บ้านตอน 7:00PM/-1/-1/0/-1/true",
  "23": "Location/โบราณคดีวิทยา/คุณพบวัตถุที่ดูโบราณ มันอาจเป็นสิ่งประดิษฐ์ ชนิดหนึ่งเมื่อนานมาแล้ว? บางทีกันเธอร์ผู้ดูแล พิพิธภัณฑ์ท้องถิ่นอาจมีคำตอบ/พูดคุยกับกันเธอร์ที่พิพิธภัณฑ์/ArchaeologyHouse/-1/0/-1/true",
  "24": "Basic/โบราณคดีวิทยา/กันเธอร์ขอให้คุณ บริจาควัตถุโบราณ หรือแร่ที่คุณเจอ ไปที่พิพิธภัณฑ์ เขาบอกว่า เขาจะให้ของหายากกับคุณ เป็นครั้งคราว/บริจาควัตถุโบราณ หรือแร่ให้กับพิพิธภัณฑ์/-1/-1/250/-1/true",
  "25": "Basic/วิธีชนะใจเพื่อน/การมอบ ของขวัญ เป็นวิธีที่ดีในการ สร้างมิตรภาพ เรียนรู้รสนิยม ของแต่ละคน แล้วจะทำให้คุณ เป็นที่นิยมใน เวลาไม่นาน/มอบของขวัญให้ใครสักคน/-1/-1/100/-1/true",
  "26": "Basic/\"หนูรบกวน\"/มีบางอย่างแปลกๆ กำลังเกิดขึ้นในศูนย์ชุมชน.../สำรวจด้านในของศูนย์ชุมชน/-1/-1/0/-1/true",
  "27": "Basic/ต่อกรกับก็อบลิน/มีก็อบลินมาขวางเส้นทาง ไปยังกระท่อมแม่มด ต้องหาวิธีบางอย่าง ให้เขาถอยออกไป.... บางทีฉันควรหาข้อมูลเพิ่มเติม เกี่ยวกับพวกก็อบลิน/ไปให้ถึงทางเข้ากระท่อมแม่มด/-1/-1/0/-1/true",
  "28": "Basic/ยันต์แห่งความมืด/พ่อมดขอให้ฉันนำ หมึกเวทมนตร์ (Magic ink) กลับมาจากบ้าน ของภรรยาเก่าของเขา... แต่การเข้าไปในนั้น ฉันจะต้องมียันต์แห่งความมืด/เข้าสู่ท่อระบายน้ำและถามโครบัส เกี่ยวกับยันต์แห่งความมืด (Dark talisman)/-1/-1/0/-1/false",
  "29": "Basic/กระดาษโน้ตแปลกๆ/คุณพบโน้ต ลายมือหมีเขี่ย ขอให้คุณนำ \"เม-ปา ล เซ อ รุฟ\" ไปยัง \"ป์ า ลื ก ล้ บ\"/นำ \"เม-ปา ล เซ อ รุฟ \" ไปยัง \"ป์ า ลื ก ล้ บ\"/-1/-1/0/-1/true",
  "30": "Basic/บันทึกข้อความที่ดูครุมเครือ/คุณพบข้อความที่อ่านว่า \"มีบางคนรอพบคุณอยู่ที่ชั้น 100 ของ ถ้ำหัวกะโหลก\"/ลงไปชั้นที่ 100 ในถ้ำหัวกะโหลก/-1/-1/0/-1/true",
  "31": "Basic/เรื่องลี้ลับในฤดูหนาว/คุณพบเงาดำที่ดู น่าสงสัยแถวป้ายรถบัส เมื่อคุณสังเกตเห็น มันก็หนีไปทางเมืองแล้ว อาจเป็นเบาะแสบางอย่างก็เป็นได้?/ตามหาเงาดำ/-1/-1/0/-1/true",
  "100": "LostItem/โรบินกับขวานที่หายไป/โรบินทำขวานเล่มโปรดของเธอหาย ครั้งสุดท้ายเธอจำได้ว่า ใช้มันตัดไม้ที่บริเวณตอนใต้ ของฟาร์มปศุสัตว์มานี/ตามหาขวานของโรบิน/Robin (O)788 Forest 110 81/-1/250/-1/true/เฮ้ เธอหาขวานฉันเจอแล้ว! โล่งอกไปที... ฉันเกือบตัดนิ้วเท้าไปแล้ว ตอนใช้ขวานอีกอัน ขอบคุณ!",
  "101": "ItemDelivery/คำขอร้องจากโจดี้/โจดี้ต้องการดอกกะหล่ำ สำหรับใช้ทำสูตรอาหาร ที่เธอกำลังทำอยู่ เธอขอให้คุณเอา ไปให้เธอหนึ่งดอก/นำ ดอกกะหล่ำ (Cauliflower) ไปให้โจดี้ 1 ดอก/Jodi (O)190/-1/350/-1/true/โอ้ นั่นดูน่าอร่อยมาก! ขอบคุณ นี่แหละที่ฉันต้องการ มันจะต้องสมบูรณ์แบบสำหรับ แกงกะหรี่เหลืองของฉัน",
  "102": "LostItem/\"กางเกงขาสั้น\"ของเทศมนตรี/นายกเทศมนตรีเลวิส ได้ทำ \"กางเกงขาสั้น\" สีม่วงหายไป เขาขอให้คุณช่วยค้นหา และนำมันกลับมาคืนเขา... อย่างเงียบๆ/ตามหา กางเกงขาสั้นสีม่วง นำไปส่งคืนให้เลวิส/Lewis (O)789 AnimalShop 13 7/-1/750/-1/true/เธอเจอมัน... ที่ไหน? ...โอ้!...อืมมม...หึ#$b#นั่นไง? ฉันไม่รู้ว่ามัน ไปอยู่ที่นั่นได้ยังไง...*แค่ก แค่ก*#$b#รู้กันแค่เธอกับฉันนะ ตามนี้แหละ?$u",
  "103": "ItemDelivery/แพมกำลังคอแห้ง/แพมกำลังอยากดื่มเบียร์สด (Pale ale) เบียร์แบบธรรมดาคงไม่ช่วย คุณสามารถหมักด้วยตัวเองได้ ถ้าคุณมีดอกฮ็อพ (Hops) และถังหมัก/หาเบียร์สด (Pale ale) ไปให้แพม/Pam (O)303/-1/350/-1/true/เอามาให้ฉัน *ยกซด*... อาาาา มันใช่เลย#$b#มันเยี่ยมมาก มีกลิ่นและรสของดอกฮ็อพ... มีกลิ่นของพืชตระกูลส้มและสนด้วย แต่ด้วยกลิ่นและรสที่เข้มข้น ทำให้พวกมันเข้ากันได้ดี#$b#ขอบใจนะ เจ้าหนู มันมีความหมายสำหรับฉันมาก ฉันรู้ว่าฉันพึ่งพาเธอได้$h",
  "104": "ItemDelivery/งานวิจัยผืชผล/ดิมีเทรียสจำเป็นต้องใช้ เมล่อนสดๆ สำหรับงานวิจัยของเขา/หาเมล่อน (Melon) มาให้ ดิมีเทรียส/Demetrius (O)254/-1/550/-1/true/สมบูรณ์แบบ! นี่แหละคือสิ่งที่ผมต้องการ สำหรับการวิจัย ถึงมันยาก ที่จะหักห้ามใจ ไม่ให้กินมันก็เถอะ! ขอบคุณสำหรับเมล่อน",
  "105": "ItemDelivery/สูตรรักษาหัวเข่า/จอร์จต้องการพริก เพื่อบรรเทาอาการ เจ็บเข่าของเขา/นำพริก (Hot Pepper) ไปให้จอร์จ/George (O)260/-1/200/-1/true/ไปหาซะนานเลยนะ ฮึ่มมมม อย่างน้อยก็ช่วยให้ดีขึ้น แล้วก็เผ็ดร้อนดีด้วย ขอบใจนะ",
  "106": "ItemDelivery/ความสุขของเจ้าวัว/มานีอยากให้อาหารพิเศษ แก่วัวของเธอ เธอขอผักโขมสักกำ/ส่งผักโขม (Amaranth) ให้มานี/Marnie (O)300/-1/500/-1/true/โอ้ นั่นมันผักขม ที่ฉันขอให้เธอ เอามาให้นี่นา! ขอบใจมากนะ... พวกวัวของฉัน จะต้องชอบมันแน่ๆ!$h",
  "107": "LostItem/ตะกร้าแบล็กเบอร์รี/มันเป็นฤดูสำหรับแบล็กเบอร์รีแต่ว่าลีนัส หาตะกร้าของเขาไม่เจอ! เขากำลังขอให้คุณ ช่วยหาตะกร้าของเขา เขาไม่รู้เลยว่ามันไปอยู่ที่ไหน/ตามหาตะกร้าของลีนัส แล้วส่งคืนให้เขา/Linus (O)790 Backwoods 27 27/-1/0/-1/true/ตะกร้าของฉัน! ขอบคุณ มันมีความหมายกับฉันมาก$h",
  "108": "ItemDelivery/แกะสลักฟักทอง/แคโรไลน์ต้องการ แกะสลักฟักทองกับ ลูกสาวของเธอ เธอขอให้คุณนำฟักทอง จากฟาร์มมาให้/นำฟักทอง (Pumpkin) ไปให้แคโรไลน์/Caroline (O)276/-1/500/-1/true/โอ้ ฟักทองนี่! นี่เป็นผลที่ดีเลย... อบิเกลมีความสุขมากเมื่อเห็นสิ่งนี้ ขอบคุณ @!$h",
  "109": "ItemDelivery/ตกหมึก/วิลลี่ท้าให้คุณตกหมึก เขาบอกว่า คุณสามารถตกมันได้ จากมหาสมุทร ตอนกลางคืนตอนหน้าหนาว/หาหมึก (Squid) ให้วิลลี่สักตัว/Willy (O)151/-1/800/-1/true/เฮ้ เธอทำได้! ไม่เลว ไม่เลว ฉันประทับใจมาก#$b#ฤดูหนาวเป็นช่วงเวลาที่ดี ที่จะตกปลาด้วย เบ็ดคันเก่าใช่ไหมล่ะ?",
  "110": "ItemDelivery/ความพยายามของคลินท์/คลินท์ต้องการให้คุณนำอเมทิสต์ไปให้เอมิลี เขาต้องการให้คุณบอกเธอว่า เขาเป็นคนฝากมาให้/หาแร่อเมทิสต์ (Amethyst) ไปให้ เอมิลี่/Emily (O)66/-1/0/-1/true/โอ้ หินที่ฉันชอบที่สุด! เธอช่างน่ารักจังเลย!$h#$b#เอ๋? จากใครนะ?$u#$b#โอ้ เธอเอามาจากคลินท์เหรอ? ไม่เป็นไรฉันไม่สนใจว่า เธอได้มันมาจากไหน มันสวยมาก! ขอบคุณ! *ส่งจูบ*$h",
  "111": "ItemDelivery/ตัวทำปฏิกิริยาแห่งความมืด/พ่อมดขอให้คุณ ลงไปในเหมืองแล้วนำ หินแห่งความมืด มาให้เขา เขาต้องการที่จะใช้เพื่อทำ ศาสตร์มืดบางอย่าง/หาหินแห่งความมืด (Void Essence) ไปให้พ่อมด/Wizard (O)769/-1/1000/-1/true/อา เจ้านำมันมาแล้ว ได้รับความรู้สึกขอบคุณจากข้า และเงินอีก 1000g เป็นรางวัล ทีนี้ไปได้แล้ว",
  "112": "ItemDelivery/ความต้องการของคลินท์/คลินท์ได้ค้อนอันใหม่ และเขาต้องทดสอบมัน กับโลหะหลายๆชนิด/หาแท่งเหล็ก (Iron Bar) สักแท่งไปให้คลินท์/Clint (O)335/-1/500/-1/true/เฮ้ นั่นมันคือแท่งเหล็กที่ฉันขอนี่ มันดูแข็งแรงดี...สมบูรณ์แบบเลย#$b#ขอบคุณนะ @ ฉันซาบซึ้งใจจริงๆ",
  "113": "ItemDelivery/คำขอร้องจากโรบิน/โรบินเขียนจดหมายถึงคุณ เพื่อขอไม้เนื้อแข็ง/ส่งไม้เนื้อแข็ง (Hardwood) 10 ชิ้นให้โรบิน/Robin (O)709 10/-1/500/-1/true/โอ้ เธอเอามันมาแล้ว! ฉันรู้ว่าฉันสามารถ พึ่งพาเธอได้เสมอ @$h#$b#อื้อหืมม... ไม้นี่มันสมบูรณ์แบบเลย มันคืออย่างที่ฉันต้องการเป๊ะ ขอบใจนะ!",
  "114": "ItemDelivery/สตูปลา/กัสอยากทำสตูปลา แต่เขาอยากได้ ปลาอัลบาคอร์ในการทำ/ส่งปลาอัลบาคอร์ (Albacore) ให้กัสสักตัว/Gus (O)705/-1/400/-1/true/*ฟุดฟิด*...*ฟุดฟิด*... นั่นมันอะไรน่ะ? บางสิ่งที่กลิ่นเหมือนปลาอัลบาคอร์!#$b#อะฮ่า! คุณนำมันมาแล้ว! ขอบใจมากนะ!",
  "115": "ItemDelivery/ผลไม้สดใหม่/เอมิลีต้องการสัมผัสฤดูใบไม้ผลิ เธอขอผลแอปริคอตสดจากคุณ/นำผลแอปริคอต (Apricot) ไปให้เอมิลี่/Emily (O)634/-1/600/-1/true/โอ้... เธอสนใจคำขอของฉันด้วย! ขอบคุณนะ มันดูน่าอร่อยมากเลยล่ะ!$h",
  "116": "ItemDelivery/ของขวัญของคุณยาย/คุณยายเอเวอลินต้องการ เซอร์ไพรซ์สามีของเธอ ด้วยของขวัญพิเศษ/นำกระเทียมต้น (Leek) ไปให้ คุณยายเอเวอลิน/Evelyn (O)20/-1/500/-1/true/โอ้ ขอบคุณนะที่รัก กระเทียมต้นนี้ดูจะน่าอร่อยมากเลย จอร์จจะต้องมีความสุขมากแน่ๆ#$b#เขาชอบอาหารเช้าที่ทำจาก กระเทียมต้นและไข่มากเลย",
  "117": "ItemDelivery/ประกาศจากปิแอร์/ปิแอร์จะจ่าย \"ราคาสูงสุด\" ให้กับคนที่นำซาชิมิมาให้เขา เห็นได้ชัดว่าเวลานี้ เขามีความต้องการมันจริงๆ/นำซาชิมิ (Sashimi) ไปให้ ปิแอร์สักจาน/Pierre (O)227/-1/1000/-1/true/ทันเวลาพอดี! ฉันกำลังเริ่มที่จะตัวสั่นอยู่พอดี ฉันต้องการปลานี่มากๆ เลย *งั่ม*... อื้มม ตอนนี้มันเยี่ยมไปเลย#$b#ขอบใจนะ @$h",
  "118": "ItemDelivery/การวิจัยสัตว์น้ำ/ดิมีเทรียสกำลังศึกษาเรื่อง ระดับของพิษในปลาปักเป้า เขาต้องการให้คุณ นำไปให้เขาสักตัว/นำปลาปักเป้า (Pufferfish) ไปให้ดิมีเทรียส/Demetrius (O)128/-1/1000/-1/true/คุณมาแล้ว ตัวอย่างนี่มันสมบูรณ์แบบมาก ผมจะเอามันไปแช่แข็งทันทีเลย ขอบใจนะ @!",
  "119": "ItemDelivery/ดวงดาวของนายทหาร/เคนท์ต้องการให้มะเฟือง แก่ภรรยาของเขา เป็นของขวัญวันครบรอบ/นำ มะเฟือง (Starfruit) ไปให้เคนท์/Kent (O)268/-1/500/-1/true/เฮ้ ชู่วว... อย่าให้โจดี้เห็นนะ#$b#อา มันดูฉ่ำมากเลย เธอจะต้องชอบมันแน่ๆ ขอบใจมากนะ$h",
  "120": "ItemDelivery/ความต้องการของเทศมนตรี/เลวิสต้องการน้ำมันทรัฟเฟิล เขาไม่บอกว่าใช้มันเพื่ออะไร บางทีมันอาจจะ ไม่ใช่เรื่องของคุณ/นำขวดน้ำมันทรัฟเฟิล (Truffle Oil) ไปให้เลวิสสักขวด/Lewis (O)432/-1/750/-1/true/เธอได้น้ำมันมาแล้วเรอะ? เอามาให้ฉันดูหน่อย...#$b#มันมีคุณภาพสูงเลยทีเดียว... ลื่นเป็นมันดีมากๆ เยี่ยม ขอบใจ",
  "121": "ItemDelivery/ต้องการ: ล็อบสเตอร์/กัสติดประกาศเพื่อล็อบสเตอร์สดๆ/นำล็อบสเตอร์ (Lobster) ไปให้กัส/Gus (O)715/-1/800/-1/true/กลิ่นเหมือนลอบส์เตอร์สดเลย โอ้ นี่มันดีจัง$h#$b#ดูแลตัวเองด้วยนะเพื่อน",
  "122": "ItemDelivery/แพมต้องการแบต/รีโมททีวี ของแพมแบตหมด เธอต้องลำบากเดินไป เดินมาระหว่างที่นั่ง กับที่โทรทัศน์/นำแบตเตอรี่ (Battery Pack) ไปให้แพมสักก้อน/Pam (O)787/-1/400/-1/true/เฮ้ เธอมาพร้อมกับแบตเตอรี่! ขอบใจ เด็กน้อย... เธอคือผู้ช่วยชีวิตของฉัน!$h",
  "123": "ItemDelivery/คทาแห่งพลัง/พ่อมดกำลังสร้าง คทาที่มีพลังอันน่ามหัศจรรย์ ใครจะรู้ว่ามันใช้ทำอะไร เขาต้องการแท่งอิริเดียม เพื่อทำให้มันสำเร็จ/หาแท่งอิริเดียม (Iridium Bar) สักแท่ง ไปให้กับพ่อมด/Wizard (O)337/-1/5000/-1/true/อ่า อิริเดียมที่แสนล้ำค่า เจ้าทำได้เยี่ยมยอดมาก @ เจ้าได้รับความรู้สึกขอบคุณจากข้า ทีนี้ไปได้แล้ว",
  "124": "ItemDelivery/ตกปลาลิงคอด/วิลลี่กำลังท้าทายคุณให้ตกปลาลิงคอด/ตกปลาลิงคอด (Lingcod) ไปให้วิลลี่สักตัว/Willy (O)707/-1/550/-1/true/เฮ้ นั่นเป็นปลาตัวใหญ่ของแท้เลย! เธอจะต้องมีสายเลือดของ นักตกปลาไหลเวียนอยู่ในตัวแน่$h",
  "125": "ItemDelivery/สุราเขตร้อน/กัสต้องการทำ โคโค่-โน-โน่ แต่เขาขาดส่วนผสมหลัก/หาลูกมะพร้าว (Coconut) สักลูก ไปให้กัส/Gus (O)88/-1/600/-1/true/มะพร้าว!$h#$b#มันจะต้องสมบูรณ์แบบสำหรับ โคโค่-โน-โน่ ของผม ขอบใจ!",
  "126": "ItemDelivery/ธุระจากภรรยา/ภรรยาของคุณขอให้คุณ นำไฟเบอร์ 200 ชิ้น ไปให้เธอเพื่อทำโปรเจกต์ลับ/นำไฟเบอร์ (Fiber) ไปให้เอมิลี่ 200 ชิ้น/Emily (O)771 200/-1/0/-1/false/โอ้ นี่มันดูสมบูรณ์แบบเลย... แล้วมันก็สามารถหาได้เรื่อยๆ ด้วย! ขอบคุณมากนะ @$h#$b#ทีนี้ฉันก็มีงานที่เหมาะสม สำหรับฉันแล้ว อีกแค่ไม่กี่วันเท่านั้น มันก็จะพร้อมแล้วล่ะ...",
  "127": "Basic/งานเดินแลกเค้กของเฮลีย์/ภรรยาของคุณ กำลังจัดงานการกุศล 'เดินแลกเค้ก (Cake-Walk)' ในจัตุรัสกลางเมือง เธอขอให้คุณนำ เค้กช็อกโกแลตมาด้วย/เข้าเมืองในตอนเช้าที่มีแดด พร้อมเค้กช็อกโกแลต/-1/-1/0/-1/true",
  "128": "SecretLostItem/.../.../.../Abigail (O)191 100 129/-1/0/-1/false/สร้อยคอนั่น! เธอไปเจอมันมาจากที่ไหนน่ะ?$7#$b#ยังไงก็ตาม ขอบคุณที่เอามันมาให้ฉันนะ @ แม่ของฉันจะไม่มีวันรู้เรื่องนี้...$h",
  "129": "SecretLostItem/.../.../.../Caroline (O)191 50 128/-1/0/-1/false/นี่คืออะไร? สร้อยคอเส้นเก่าของฉัน?$s#$b#นั่นมันแปลกจัง ฉันไม่รู้ด้วยซ้ำว่ามันหายไป... ยังไงก็ตาม ขอบคุณที่เอามันมาคืนนะ @$h",
  "130": "Basic/ภรรยาโจรสลัด/หญิงชราผู้อาศัยอยู่บนเกาะขิง ขอให้คุณช่วยหาของดูต่างหน้าของสามีเธอ เธอแนบรูปถ่ายเก่าๆ ของนายทหารที่เกยอยู่บนชายหาดมาด้วย โดยหวังว่ามันจะพอช่วยอะไรได้บ้าง/หาของดูต่างหน้าของสามีของเบอร์ดี้/-1/-1/0/-1/false",
  "131": "Fishing/การท้าทายของวิลลี่/วิลลี่ขอท้าให้คุณ ตกปลาทราย (Sandfish) 3 ตัว/ตกปลาทราย (Sandfish) 3 ตัว/-1/-1/0/-1/false",
  "132": "ItemHarvest/ก้าวแรกของการเริ่มต้น/ถ้าคุณต้องการเป็นชาวไร่ละก็ คุณต้องเรียนรู้พื้นฐานซะก่อน ให้อาหารไก่ของคุณทุกวัน โดยการปล่อยให้มัน ออกไปกินหญ้าข้างนอก หรือจะเอาฟาง (Hay) วางใส่ที่รางอาหารของมันก็ได้ เมื่อพวกมันโตเต็มที่ ก็เก็บไข่ได้!/เก็บไข่ที่ได้จากไก่ของคุณ/-5/h8 133/100/-1/true",
  "133": "Building/ให้อาหารสัตว์/โรบิน ช่างไม้ประจำท้องถิ่น ที่อาศัยอยู่ทางเหนือของเมือง เพื่อแลกเปลี่ยนกับวัสดุและเงินค่าจ้าง เธอจะสร้างสิ่งก่อสร้างใหม่ ในฟาร์มของคุณ ถ้าคุณสร้างยุ้งฉาง (Silo) คุณจะสามารถเริ่มเก็บเกี่ยวหญ้า ของคุณเองด้วยเคียวได้ และเก็บสำรองไว้ใช้เลี้ยงสัตว์/สร้างยุ้งฉาง (Silo)/Silo/-1/100/-1/true",
  "134": "Basic/ตอไม้ยักษ์/ต้นไม้ใหญ่ที่อยู่ทางทิศใต้ของฟาร์มฉัน โค่นลงแล้ว ด้วยไม้เนื้อแข็ง (Hardwood) 100 ชิ้น ฉันสามารถเปลี่ยนตอไม้นั่น ให้เป็นอะไรบางอย่าง ที่น่าสนใจได้.../ซ่อมตอไม้ยักษ์ให้กลับคืนมา/-1/-1/0/-1/false"
}
