{
  "1": "ดูเหมือนจะเป็นกระดาษ จากหน้าของสมุดโน๊ตอบิเกล ^^'สิ่งที่ฉันชอบ: ฟักทองแกะสลัดขนาดเล็ก, เก็บอเมทิสต์ (Amethyst) ไว้ใต้หมอนของฉัน,เค้กช็อกโกแลต (Chocolate Cake), ยำปลาไหล (Spicy Eel) และพายแบล็กเบอร์รีของแม่ (Blackberry Cobbler) (ฉันชอบกินมากเลย!)'%revealtaste:Abigail:276%revealtaste:Abigail:66%revealtaste:Abigail:220%revealtaste:Abigail:226%revealtaste:Abigail:611",
  "2": "นี่ดูเหมือน รายการชอปปิ้งวันหยุด ของแซม^^รายการโปรดของทุกคน^^เซบาสเตียน:หยาดน้ำตาแยือกแข็ง (Frozen Tear), ซาชิมิ (Sashimi)^เพนนี: มรกต (Emerald), ดอกป๊อปปี้ (Poppy) ^วินเซนท์: องุ่น (Grape), ลูกอมแครนเบอร์รี (Cranberry Candy)^แม่: ปลากะพงกรอบ (Crispy Bass), แพนเค้ก (Pancakes)^พ่อ: รอซ็อตโต (Risotto), เฮเซลนัทอบ (Roasted Hazelnuts)^ฉันเอง: กระบองเพชร (Cactus), เมเปิ้ลบาร์ (Maple Bar), พิซซ่า (Pizza)%revealtaste:Sebastian:84%revealtaste:Sebastian:227%revealtaste:Penny:60%revealtaste:Penny:376%revealtaste:Vincent:398%revealtaste:Vincent:612%revealtaste:Jodi:214%revealtaste:Jodi:211%revealtaste:Kent:649%revealtaste:Kent:607%revealtaste:Sam:90%revealtaste:Sam:731%revealtaste:Sam:206",
  "3": "ดูเหมือนมันจะเป็น ลายมือของลีอา^^ความคิดของฉันเกี่ยวกับ มื้ออาหารเย็นที่เพอร์เฟกต์ คือ ชีสนมแพะ (Goat Cheese), ทรัฟเฟิล (Truffle), และไวน์ (Wine) สำหรับของหวานฉันชอบ มัฟฟินเมล็ดป๊อปปี้ (Poppyseed Muffin) อร่อย! ถ้ามีใครสักคน ให้สิ่งเหล่านี้กับฉัน ฉันคงละลาย%revealtaste:Leah:196%revealtaste:Leah:426%revealtaste:Leah:430%revealtaste:Leah:348%revealtaste:Leah:651",
  "4": "ดูเหมือนเป็นโน้ตของมารุ^^ฉันอยากได้ชิ้นส่วน สำหรับสิ่งประดิษฐ์ ที่ยิ่งใหญ่ของฉัน ช่างหายากจริง!^^*แท่งทอง (Gold Bar)^*แท่งอิริเดียม (Iridium Bar)^*แบตเตอรี (Battery Pack)^*เพชร (Diamond)^*สตอรว์เบอร์รี (Strawberry)%revealtaste:Maru:336%revealtaste:Maru:337%revealtaste:Maru:787%revealtaste:Maru:72%revealtaste:Maru:400",
  "5": "ดูเหมือนลายมือของเพนนี:^^ฉันอยากให้ทุกสิ่ง ที่พวกเขาชอบ!^^แม่: หัวผักกาด (Parsnip), มันเทศเคลือบน้ำตาล (Glazed Yams), ไม่เอาเบียร์ (Beer)!^แจส: ดอกแฟร์รีโรส (Fairy Rose), พุดดิ้งพลัม (Plum Pudding)^วินเซนท์: เค้กชมพู (Pink Cake), องุ่น (Grape)^คุณผู้ชายมุลเนอร์: กระเทียมต้น (Leek), เห็ดทอด (Fried Mushroom)^คุณยายมุลเนอร์: บีท (Beet), ทิวลิป (Tulip)%revealtaste:Pam:24%revealtaste:Pam:208%revealtaste:Pam:346%revealtaste:Jas:595%revealtaste:Jas:604%revealtaste:Vincent:398%revealtaste:Vincent:221%revealtaste:George:20%revealtaste:George:205%revealtaste:Evelyn:284%revealtaste:Evelyn:591",
  "6": "โปรโมชั่นแสนพิเศษ ของสตาร์ดรอปซาลูน^^นายกเทศมนตรีเลวิส: รางวัลแห่งฤดูใบไม้ร่วง (Autumn's Bounty)^(สั่งซื้อคู่กับขนมปังเส้นใยสูง)^^มานี: พายฟักทอง (Pumpkin Pie)^(วิปครีมชนิดพิเศษ!)^^ดิมีเทรียส: ถั่วหม้อไฟ (Bean Hotpot)^(ทำให้เผ็ดๆ)^^แคโรไลน์: ทาโก้ปลา (Fish Taco)^(เธออยากได้ซอสสามเท่า! ใส่ผ้าเช็ดปากเพิ่มมาด้วย จะดีมาก...)%revealtaste:Lewis:235%revealtaste:Marnie:608%revealtaste:Demetrius:207%revealtaste:Caroline:213",
  "7": "ดูเหมือนเป็นหน้ากระดาษ จากไดอารี่ของใครบางคน...^^ในเมืองมี'หนุ่มใหญ่'ไม่กี่คน และไม่มีใครสมบูรณ์แบบ! ฮาร์วีย์เป็นคนขี้กังวล และอ่อนแอ แต่ฉันรู้ว่าเขาเป็นสามีที่ดี และเป็นสุภาพบุรุษ เขาชอบกาแฟ (Coffee) และ แตงกวาดอง (Pickles) ^^เอลเลียตเป็นคนขี้เกียจ และดูเศร้าๆ แต่เขาก็มีคางที่น่าเย้ายวน เขาชอบเค้กปู (Crab Cakes) และผลทับทิม (Pomegranate) ^^เชนเป็นคนไม่ค่อยเรียบร้อย และต่อต้านสังคม แต่ฉันคิดว่าแม้ภายนอก เขาจะดูหยาบคาย แต่นั่นน่าจะเป็นกลไก ที่ใช้ป้องกันตัว ที่คอยปกป้อง ความอ่อนโยนของเขา จากโลกภายนอก เขาชอบเบียร์ (Beer), พิซซ่า (Pizza), และ พริกยัดใส้ (Pepper Poppers)%revealtaste:Harvey:395%revealtaste:Harvey:342%revealtaste:Elliott:732%revealtaste:Elliott:637%revealtaste:Shane:346%revealtaste:Shane:206%revealtaste:Shane:215",
  "8": "^ถึงเฮลีย์และเอมิลี่^^หวังว่าพวกคุณทั้งสอง จะสบายดี! เราส่งรายการของขวัญ ที่ทั้งสองชอบ: เค้กชมพู (Pink Cake) และ ดอกทานตะวัน (Sunflowers) สำหรับเฮลีย์ อัญมณี (Gemstones) และ ขนแกะ (Wool) สำหรับ เอมิลี่!^^-รักและเคารพ คุณแม่และคุณพ่อเสมอ%revealtaste:Haley:221%revealtaste:Haley:421%revealtaste:Emily:440%revealtaste:Emily:66%revealtaste:Emily:62%revealtaste:Emily:60%revealtaste:Emily:70%revealtaste:Emily:64%revealtaste:Emily:68",
  "9": "อเล็กซ์เป็นคนแข็งแรง ชอบกินอาหารไดเอท:^^*อาหารเช้าที่เพอร์เฟกต์ (Complete Breakfast)^*แซลมอนมื้อค่ำ (Salmon Dinner)^^(ฉันเรียนรู้ที่จะรัก อาหารจานนี้... ฉันสามารถรับรู้ได้ ถึงโปรตีน!)%revealtaste:Alex:201%revealtaste:Alex:212",
  "10": "มีใครบางคน ^    กำลังรอเจ้าอยู่ ^        ที่ ^         ชั้นที่ 100^          ใน^             ถ้ำหัวกะโหลก...",
  "11": "!image 6",
  "12": "ฉันได้ค้นพบบางสิ่งที่ดี จากการขุ้ยขยะ ในวันที่แสนโชคดีนี้^^บางครั้งคุณจะพบกับ 'อาหารอร่อย' ที่ถังขยะของซาลูน... อาหารสดใหม่!^^สำหรับคุกกี้ (Cookie) ฉันสามารถเจอได้จาก ถังขยะของบ้านมุลเนอร์^^สำหรับสมบัติ ฉันจะมีโอกาสเจอที่ถังของ ร้านตีเหล็กและพิพิธภัณฑ์",
  "13": "^^เที่ยงตรง! วันสุดท้ายของฤดู ตรวจสอบพุ่มไม้ เหนือสนามเด็กเล่น",
  "14": "^^^    ฉันซ่อนบางสิ่ง ไว้หลังศูนย์ชุมชน",
  "15": "^^       โชว์นางเงือก: 1-5-4-2-3",
  "16": "!image 0",
  "17": "!image 1",
  "18": "!image 3",
  "19": "!image 2",
  "20": "!image 4",
  "21": "!image 5",
  "22": "สวัสดี @...^^คุณพบ 'ความลับ' ของฉันในอุโมงค์มืดบ้างไหม?^^ฉันหวังว่าจะได้พบคุณนะ!^^    -Qi",
  "23": "^^^ถ้า เจ้ า อ่ าน ออ ก.., ม าที่ ป่ าลึ กล บ เอ า ม าเปิ ลซา ยรั ป ม าด้ว ย",
  "24": "มันเป็นหน้าจาก หนังสือของเอ็ม แจสเปอร์:^^...สิ่งมีชีวิตนี้ถูกเรียกโดย คนบางกลุ่มว่า \"จิตวิญญาณแห่งผืนป่า\" หรือ \"จูนิโม่\" ว่ากันว่าพวกเขามักปรากฏตัว ขึ้นตามสิ่งก่อสร้างที่ ถูกทิ้งร้างหลังจากที่พวกเขา \"ไปปลูกป่า\"^^หลักการโดยทั่วไปคือ... เมื่อพวกมนุษย์จากไป และธรรมชาติเริ่ม ทวงอาณาเขตของเธอคืน เหล่าจูนิโม่ก็จะปรากฏตัวขึ้น อย่างแน่นอน^^ตำนานพื้นบ้านกล่าวไว้ว่า เหล่าจูนิโม่นี้มีแนวโน้มที่จะ เข้าหาอัญมณีที่ถูกวางไว้ ในกระท่อมหลังเล็กๆ ของพวกเขา...^^และยังกล่าวกันว่า ลูกเกดเป็นอาหารที่พวกเขาชื่นชอบ แต่พวกเขาขี้อายเกินกว่า ที่จะหยิบมันไปจากมือตรงๆ^^แน่นอนว่าคำกล่าวเหล่านี้ มีแหล่งที่มาไม่ชัดเจน... เท่าที่ข้าพเจ้าทราบ แม้แต่การมีอยู่ของสิ่งมีชีวิต เหล่านี้ก็ยังไม่เคยถูกพิสูจน์ ด้วยซ้ำ!",
  "26": "ความลับการทำฟาร์มยุคโบราณ บรรทัดที่ 37:^^ไม่มีอะไรที่จะให้การช่วยเหลือ ได้ดีไปกว่า จูนิโม่ที่อิ่มลูกเกด...^^",
  "27": "ถึงหลานสุดที่รักของปู่^กว่าจะถึงเวลาที่หลาน มาเจอข้อความนี้ ปู่คิดว่าหลานคงจะอาศัย อยู่ในหุบเขามานานพอสมควรแล้ว ปู่หวังว่าหลานจะทำได้ดี!^ปู่ภูมิใจมากที่หลาน มารับช่วงต่อวิถีการทำฟาร์ม แบบดั้งเดิมของครอบครัวเรา และด้วยความพยายาม อันสูงส่งนั้น จะนำชีวิตและความอุดมสมบูรณ์ มาสู่สตาร์ดิวแวลลีย์... สถานที่ที่ปู่รัก จากก้นบึ้งของหัวใจ^ขอให้ตั้งใจพยายามเต็มที่!^^-ปู่^^ป.ล. ...ปู่ได้ซ่อนความลับที่พิเศษมากๆ เอาไว้ให้หลาน อยู่ที่ไหนสักที่ในหุบเขานี้ หลานจะคิดซะว่ามันเป็น บทสรุปของการค้นพบ ที่ยิ่งใหญ่ที่สุดของปู่ก็ได้ สักวันหนึ่ง เมื่อหลานพร้อม หลานจะได้พบกับมัน",
  "25": "^^ ฉัน 'ยืม' สร้อยของแม่มา แต่ทำหล่นหาย ตรงไหนสักแห่งใกล้ๆ กับที่อาบน้ำ... เธอจะต้องสติหลุดแน่ ถ้าเธอสังเกตเห็นว่า มันหายไป!",
  "1001": "วันที่ 1^^...เรือของฉันล่มไปแล้ว... แตกเป็นเสี่ยงๆ ด้วยความแปรปรวน ของคลื่นทะเลที่คลั่งแค้น^^ฉันพบว่าตัวเองติดอยู่ บนเกาะประหลาดนี่เสียแล้ว ลูกเรือของฉันไม่มีใครรอดสักคน แต่ฉันยังมีชีวิตอยู่ บางทีโชคชะตาคงให้พรหนังเหนียวๆ ของฉันเอาไว้กระมัง... ไม่ก็คงกำหนดโชคชะตาอื่น เอาไว้ให้ฉันแล้ว...^^ไม่ว่าจะยังไง ฉันก็ไม่มีทางเลือกอื่นนอกจาก อยู่ที่นี่ตัวคนเดียวให้ได้ ที่นี่มีน้ำจืดล้นเหลือ มีของป่าให้เก็บกิน และดินอุดมสมบูรณ์สำหรับการเพาะปลูก^^อย่างแรกเลย ฉันจะสร้างกระท่อม...^^(มีหน้าบางส่วนขาดหายไป)",
  "1002": "วันที่ 6^^ฉันไม่มีทางหิวที่นี่... แหล่งน้ำต่างเต็มไปด้วยปลาที่กินได้ (ไม่สิ อร่อยด้วย!)^^ฉันจับปลากระเบนได้ด้วยซ้ำ ที่ถ้ำที่หาดทางทิศตะวันออกเฉียงใต้น่ะ แต่ก็ไม่รู้จะเอามาทำเป็นอะไรดี!^^วันก่อนนะ ฉันตกได้วอลนัทสีทองหลายลูกด้วย พวกมันเหมือนจะมีอยู่ทั่วหาดเลย นกแก้วพื้นเมืองปลื้มพวกมันจนคลั่งเลยล่ะ!",
  "1003": "วันที่ 14^^หลังจากติดเกาะนี่มาครึ่งเดือน ฉันก็เริ่มรู้อะไรเกี่ยวกับ การเจอลูกวอลนัทสีทอง พวกนี้บ้างแล้ว^^เราจะต้องสังเกตหาคำใบ้ให้ดีๆ เลยล่ะ ถ้ามีอะไรดูผิดไปล่ะก็ มันอาจจะมีลูกวอลนัทซ่อนอยู่ใกล้ๆ แถวนั้นก็ได้^^ฉันสังเกตเห็นสัญลักษณ์บนทราย... บนใบไม้...^^ฉันเคยแม้กระทั่งเห็นถั่วนั่นบนต้นไม้ ใกล้กับภูเขาไฟด้วย ถ้าเพียงแต่ฉันจะหาอะไร ยิงมันลงมาได้ล่ะก็นะ...^^ทุกครั้งที่ฉันเจอต้นถั่ว ฉันจะพยายามหาทาง เอามันมาให้ได้เสมอ",
  "1004": "!image 10",
  "1005": "วันที่ 23^^ภูเขาไฟที่นี่ มีความลับเยอะแยะเลย^^ฉันเคยเห็น คนตัวเล็กๆ ที่มีตาเรืองแสง กระโดดโลดเต้นอยู่ในความมืด... เหมือนแมวในยามค่ำคืน^^(หรือว่ามันจะเป็นคนแคระในตำนาน ที่เอ็ม แจสเปอร์เขียนถึงใน 'การเดินทางกระฉ่อนโลก (Famous Journeys)' ของเขากันนะ?)^^เห็นเครื่องจักรแปลกๆ ด้วย ประหลาด... ไม่เหมือนอะไรที่มนุษย์ใช้กันเลย^^ที่ยอดเขา ฉันเจอทางเข้าไปแอ่งภูเขาไฟด้วย และมันก็มีเครื่องจักรพิสดาร บางส่วนจมอยู่กลางลาวาที่เดือดปุดๆ ... เหมือนเป็น \"เตาหลอม\" อะไรสักอย่าง ^^พรุ่งนี้ฉันจะไปดูให้ละเอียดอีกที",
  "1006": "!image 8",
  "1007": "--โต๊ะหลอม--^^บุษราคัม (Topaz) -- การป้องกัน^มรกต (Emerald) -- ความเร็ว^หยก (Jade) -- แรงตีคริติคอล^อะความารีน (Aquamarine) -- โอกาสตีคริติคอล^อะเมทิสต์ (Amethyst) -- ตีกระเด็น^ทับทิม (Ruby) -- ความเสียหาย^^สะเก็ดสีรุ้ง (Prismatic Shard) -- ใช้เสริมพลัง^^หมายเหตุ: อาวุธสามารถหลอมกับอัญมณีได้สูงสุด 3 ครั้ง และเสริมพลังด้วยสะเก็ดสีรุ้ง (Prismatic Shard) ได้อีก 1 ครั้ง^^หมายเหตุ 2: 'การเสริมพลังโดยกำเนิด' (หมายถึง พวกพลังที่บางครั้ง ก็ปรากฏบนอาวุธ ที่เราเพิ่งได้รับมาครั้งเป็นแรก) สามารถเพิ่มเติม หรือทำให้ปรากฏออกมา อีกครั้งได้ โดยใช้เขี้ยวมังกร (Dragon Tooth) ทฤษฎีนี้จะไม่สามารถใช้ได้กับอาวุธที่มีระดับสูงกว่าขั้นหนึ่งได้^^เครื่องมือสามารถเสริมพลังได้เท่านั้น ไม่สามารถหลอมได้",
  "1008": "--การเสริมพลังให้อาวุธ--^^ลูกเล่นแพรวพราว: ทำให้คุณออก \"ท่าพิเศษ\" ได้บ่อยขึ้น^^นักฆ่าแมลง: ทำความเสียหายต่อแมลงเพิ่มขึ้น^^จอมดูดเลือด: มีโอกาสดูดพลังชีวิตจากมอนสเตอร์ได้^^นักรบครูเสด: ทำความเสียหายต่อมอนสเตอร์ \"ไม่บริสุทธิ์\" ได้มากขึ้น^^นักทำฟาง: เมื่อตัดวัชพืช (Weed) คุณจะได้ใยพืช (Fiber) มากขึ้น และมีโอกาสได้ฟางด้วย^^--การเสริมพลังเครื่องมือ--^^ทรงพลัง: ทำความเสียหายต่อหิน ต้นไม้ และอื่นๆ มากขึ้น^^เหวี่ยงไกล: เพิ่มความสามารถในการชาร์ท ให้ส่งผลได้กว้างขึ้น^^นักไสไม้: มีโอกาสลอกไม้ (Wood) ได้มากขึ้นเวลาตัดไม้^^ก้นไร้หยั่ง: บัวรดน้ำจะไม่มีวันหมด^^ของสองเท่า: ขุดดินได้มากขึ้น^^นักโบราณคดี: มีโอกาสเจอวัตถุโบราณ (Artifact) และกระดูก (Bone) มากขึ้น^^ไม่กินแรง: ไม่เสียพลังงานในการใช้^^ฉับไว: ใช้เครื่องมือได้ไวขึ้น^^ปรมาจารย์: เพิ่มความชำนาญในการตกปลา^^ติดเบ็ดทุกตัว: เมื่อปลางับเบ็ด เบ็ดจะกระตุกอัตโนมัติ^^ทะนุถนอม: เหยื่อและเบ็ดมีโอกาส 50% ที่จะไม่ถูกใช้แล้วหมดไป",
  "1009": "วันนั้นฝนสาดซัด กระหน่ำ และสายตาฉันได้พบกับอิสตรีผู้งามงด ณ โขดหินเดียวดาย^^ตำนานทั้งหลายที่ฉันได้ฟัง ต่างเล่าถึง นางเงือกผู้ถือกำเนิดใต้สมุทร จะขับขานเพลงไซเรน^ทว่าเธอหาได้เอื้อนเอ่ยสักคำไม่...^^เช้าวันต่อมา ฉันสังเกตเห็น ก้อนกรวดเรียงตัว บนหาดที่ประดับด้วยฟองคลื่น...^-----------------^ใช่... ก้อนกรวดพวกนั้นใหญ่พอๆ กับ 'หนึ่ง' และใหญ่พอๆ กับ 'ห้า' ...^-----------------^หากทว่า กะลาสีจอมกวนใจโหยหวน เป็นทำนองได้ถูกควร เธออาจเผยพบสมบัติ ของนางนวลดำก็เป็นได้...",
  "1010": "!image 9",
  "1011": "วันที่ 37^^ตอนฉันยังเป็นเด็กสิบขวบ พ่อฉันให้แหวนทอแสง กับแหวนแม่เหล็กกับฉัน มันไม่เคยห่างจากนิ้วฉันเลยนับแต่นั้น^^แต่ทว่า ขณะที่ฉันยืนอยู่ที่ปล่องภูเขาไฟนั้น... ฉันก็เกิดความคิดแปลกๆ ขึ้น^^ฉันเอาแหวนทั้งสองของฉัน โยนเข้าเตาหลอม^^จับตาดูให้ดี! พวกมันได้รวมกันเป็นหนึ่งเดียวแล้ว!^^ตอนนี้ฉันเลยมีแหวนแม่เหล็กทอแสงวงเดียวแทน... หวังว่าพ่อจะไม่ว่าอะไรนะ ขอให้ดวงวิญญาณท่านพักผ่อนอย่างสงบเถอะ..."
}
