{
  "39/f Elliott 500/p Elliott": "50s/2 5/farmer 3 9 0 Elliott 1 5 0/skippable/move farmer 0 -1 0/pause 400/faceDirection Elliott 2/emote Elliott 16/speak Elliott \"@! เข้ามาสิ\"/pause 500/move farmer 0 -2 3/move farmer -2 0 0/pause 500/speak Elliott \"ยินดีต้อนรับสู่... อ่า... กระท่อมแสนโทรมของผม\"/faceDirection Elliott 0/speak Elliott \"นี่คือโต๊ะทำงาน ของผมเอง ผมใช้เวลาส่วนใหญ่ นั่งอยู่ตรงนี้นี่แหละ\"/pause 500/faceDirection Elliott 2/speak Elliott \"ตั้งแต่ผมจำความได้ ผมก็อยากเป็น นักเขียนมาโดยตลอดเลยล่ะ ผมเคยบอกคุณไปหรือยังนะ?#$b#ว่าทำไมผมถึงมาอยู่ที่นี่ ตัวคนเดียว ที่ผมต้องการอยู่อย่าง สันโดษริมทะเล ก็เพื่อให้ผมได้ตั้งสมาธิกับการ สร้างแรงบันดาลใจ ให้งานเขียนได้ดีขึ้นน่ะ...$s\"/faceDirection Elliott 1/speak Elliott \"ทุกคนที่บ้านบอกว่า ผมมันโง่... และไม่มีวันจะเป็น นักเขียนได้#$b#คุณเชื่อไหม? พวกเขาบอกว่า 'ในนักเขียนทุก 1 คนที่ประสบความสำเร็จ จะต้องมี 1000 คนที่ล้มเหลว อย่างน่าสมเพช' เป็นการมองโลกในแง่ร้าย และป่วยจิตสุดๆ\"/pause 700/faceDirection Elliott 2/speak Elliott \"ผมเห็นมันใน ดวงตาของคุณ... คุณเชื่อมั่นในตัวผมสินะ @ คุณมีประกายนั้นอยู่#$b#นั่นคือแรงบันดาลใจเลยล่ะ! นี่คือสิ่งที่ผม กำลังค้นหาอยู่...\"/pause 500/emote Elliott 16/speak Elliott \"$q 958699 null#ขอถามหน่อยสิ... @ คุณชอบหนังสือแบบไหนกันน่ะ?#$r 958699 30 event_idea1#ลึกลับ#$r 958700 30 event_idea2#โรมานซ์#$r 958701 30 event_idea3#Sci-Fi\"/pause 500/speak Elliott \"อื้ม! เลิกคุยเรื่องของผมดีกว่า!\"/pause 400/emote Elliott 16/speak Elliott \"อืมมม... คุณคงจะมีความรู้ เรื่องต้นไม้เยอะมากแน่ๆ ใช่ไหม?\"/pause 500/faceDirection Elliott 1/speak Elliott \"ถ้าไม่รังเกียจ ช่วยดูกุหลาบดอกนี้ ให้หน่อยได้ไหม? ผมว่ามัน อาการไม่ค่อยดีเท่าไหร่เลย$7\"/pause 400/move farmer 2 0 0/move farmer 0 -2 3/pause 400/animate farmer true true 100 35/pause 200/end dialogue Elliott \"ขอบคุณที่มาคุยกับผมนะ... ผมจะลองคิดถึงเรื่อง ที่คุณว่ามาอีกที\"",
  "423502/f Elliott 1500/p Elliott": "elliottPiano/-200 -1000/farmer 3 9 0 Elliott 8 4 0/skippable/positionOffset Elliott 32 16/animate Elliott false true 400 25 26 26 27 27 26 26 25 26 27 27 26 26 25/pause 1000/viewport 8 4 true/pause 24000/stopAnimation Elliott/showFrame Elliott 24/move farmer 0 -3 0/move farmer 4 0 0/showFrame Elliott 28/pause 1000/speak Elliott \"อ่า... มีคนอยู่ตรงนั้นสินะ$7\"/pause 1000/showFrame Elliott 30/animate Elliott false false 200 28 29 30/playSound dwop/pause 1000/question fork1 \"#มันสุดยอดมากเลย#นายเล่นมานานหรือยัง?\"/fork howLong/pause 500/emote Elliott 32/speak Elliott \"ขอบคุณนะ มันก็ไม่ได้ดีอะไร ขนาดนั้นหรอกนะ แต่ผมสนุกมาก ตอนที่ได้เล่นมัน$h\"/switchEvent elliottPianoJoin",
  "howLong": "pause 500/resetVariable/speak Elliott \"โอ๊ะ ผมก็ไม่มั่นใจมากหรอก... แต่ผมเล่นเปียโน มาตั้งแต่เด็กแล้วล่ะ$7#$b#ก็ไม่เก่งมากนักหรอก แต่มันก็สนุกดี\"/switchEvent elliottPianoJoin",
  "elliottPianoJoin": "pause 800/showFrame Elliott 0/animate Elliott false true 220 0 1 2 3/playSound woodyStep/positionOffset Elliott 0 8/pause 120/positionOffset Elliott 0 8/pause 120/positionOffset Elliott 0 8/pause 120/positionOffset Elliott 0 8/pause 120/positionOffset Elliott 0 8/pause 120/positionOffset Elliott 0 8/stopAnimation Elliott/faceDirection Elliott 2/pause 500/move Elliott 1 0 1 true/faceDirection farmer 1/pause 1500/showFrame Elliott 31/pause 800/emote Elliott 28/pause 800/speak Elliott \"ผมใช้เวลาทั้งวันทั้งคืน พยายามเขียนหนังสือให้เสร็จ ... มันทำผมแทบบ้าแน่ะ @$s\"/showFrame Elliott 4/pause 800/move Elliott -2 0 0/pause 800/speak Elliott \"ผมจะพัก แค่ตอนที่ผม อยากจะพักเท่านั้นล่ะ$7\"/pause 600/faceDirection Elliott 2/speak Elliott \"ยังมีงานต้องทำอีกมากมาย และเงินในบัญชีของผม ก็เริ่มจะหมดแล้วด้วย$7#$b#บางครั้งผมก็อยากจะ ทิ้งงานทั้งหมดแล้วไป เป็นชาวไร่เหมือนคุณนะ$h\"/pause 300/faceDirection farmer 0/question fork1 \"#มันก็ยากเหมือนกันนะ ที่จะเป็นชาวไร่เนี่ย#มาสิ ฉันจะได้มีผู้ช่วยงานเพิ่ม\"/fork extraHelp/pause 500/emote Elliott 16/speak Elliott \"คุณพูดถูก... ผมก็แค่อยากระบายน่ะ$8\"/move Elliott 0 1 3/faceDirection farmer 1/speak Elliott \"ที่ผมบอกน่ะนะ มันหมายความว่า ผมแค่ต้องการพักจาก ความกดดันนี้บ้าง เหมือนนักโทษ ที่ต้องการมีชีวิตอิสระสักนิด ... ประมาณนั้น$s\"/animate Elliott true true 100 31/pause 800/emote Elliott 28/pause 500/speak Elliott \"*ถอนหายใจ*... โทษทีนะที่บ่นให้ฟัง ตอนนี้ผมแค่ต้องการ ใครสักคนมารับฟังน่ะ หลังจากนี้ก็เหมือนกัน$7\"/pause 500/stopAnimation Elliott/showFrame Elliott 4/pause 600/faceDirection Elliott 3/globalFade/viewport -1000 -1000/end",
  "extraHelp": "pause 500/emote Elliott 16/speak Elliott \"เอาจริงเหรอ?$8\"/faceDirection Elliott 1/pause 400/speak Elliott \"ฟังดูดีมากเลย... แต่ผมก็คงจะล้มเลิก เรื่องนิยายไม่ได้แล้วล่ะ เพราะทำมาเกินครึ่งแล้ว$7\"/animate Elliott true true 100 31/pause 800/emote Elliott 28/pause 500/speak Elliott \"*ถอนหายใจ*... โทษทีที่บ่นให้ฟังนะ ตอนนี้ผมก็แค่ต้องการ ใครสักคนมาคุยด้วยน่ะ ต่อจากนี้ก็เหมือนกัน$7\"/pause 500/stopAnimation Elliott/showFrame Elliott 4/pause 600/faceDirection Elliott 3/globalFade/viewport -1000 -1000/end"
}
