{
  "11/f Haley 500/p Haley/p Emily": "50s/6 20/farmer -10 -10 0 Haley 5 20 1 Emily 8 20 3/skippable/pause 1000/shake Haley 500/pause 500/speak Haley \"เห้ยย! ฉันทำความสะอาดใต้เบาะ มาตลอดแล้วนะ! สัปดาห์นี้เป็นตาของเธอบ้าง!$a\"/emote Emily 12/speak Emily \"เธอนี่งอแงเป็นเด็กเลยนะ เฮลีย์ ฉันนี่แทบจะทำทุกอย่าง ในบ้านนี้เลย แถมเธอก็รู้เรื่องนี้ดี$u\"/pause 200/warp farmer 2 24/playSound doorClose/pause 400/faceDirection Haley 2/faceDirection Emily 2/speak Haley \"โอ้ นั่นพ่อหนุ่มชาวไร่คนใหม่นี่$7^โอ้ นั่นแม่สาวชาวไร่คนใหม่นี่$7\"/faceDirection Emily 3/speak Emily \"นี่ เขาก็มีชื่อแซ่นะ$u^นี่ เธอคนนั้นก็มีชื่อเรียกนะ$u\"/move farmer 0 -1 1/move farmer 3 0 0/faceDirection Emily 2/speak Haley \"เฮ้ พนันเลยว่า เธอต้องเข้าใจ ความคิดของฉันอยู่แล้ว\"/emote farmer 8/speak Emily \"*ถอนหายใจ*... ฉันขอโทษจริงๆ ที่เธอต้องมาฟังเรื่องพวกนี้น่ะ @ เฮลีย์บ่นเพราะฉันบอกให้เธอ ไปทำความสะอาดใต้เบาะ$u\"/faceDirection Haley 1/speak Haley \"$q 45 null#ก็เพราะสัปดาห์ก่อน ฉันเคยทำแล้วไงล่ะ!$a#$r 46 -50 Event_clean2#หยุดบ่น แล้วทำความสะอาดไปเถอะน่า!#$r 45 30 Event_clean1#เฮลีย์ ทำไมเธอไม่ทำมัน ทุกสัปดาห์เลยล่ะ?#$r 46 -30 Event_clean3#เอมิลี่ เธอทำในสิ่งที่สมควร และถูกต้องแล้วล่ะ\"/fork haleyWontDoIt/stopMusic/faceDirection Haley 3/emote Haley 12/pause 400/faceDirection Haley 1/speak Haley \"ก็ได้ เธอชนะ ฉันจะคิดว่ามันเป็น หน้าที่ประจำทุกสัปดาห์ ของฉันละกัน จะได้ไม่ต้องมา ต่อล้อต่อเถียงเรื่องนี้กันอีก$u\"/faceDirection Haley 2/speak Emily \"ขอบคุณนะ @ เป็นการแก้ปัญหาที่ดีมากเลย$h\"/pause 1000/end",
  "haleyWontDoIt": "move Haley -2 0 0/move Haley 0 -2 0/emote Haley 12/faceDirection Emily 1/emote Emily 28/speak Emily \"*ถอนหายใจ*... ฉันก็คงต้องทำมันเอง สินะ...$s\"/pause 1000/end",
  "12/f Haley 1000/p Haley": "ragtime/-1000 -1000/farmer 16 20 1 Haley 18 16 0/skippable/showFrame Haley 20/shake Haley 500/viewport 15 16 true/pause 500/shake Haley 500/pause 500/speak Haley \"อึกกกก... ฉันเปิดเจ้าขวดนี่ไม่ได้!$a#$b#...$s\"/pause 400/shake Haley 500/move farmer 0 -4 1/shake Haley 500/move farmer 1 0 1/pause 500/faceDirection Haley 3 true/showFrame Haley 21/emote Haley 16/speak Haley \"โอ้! เธอนั่นเอง...@ ใช่ไหมนะ?\"/pause 1000/speak Haley \"$q 47 null#บอกมาสิ... เธอน่ะ แข็งแรงอยู่พอตัว ใช่รึเปล่า?#$r 47 30 Event_jar1#ใช่แล้ว#$r 47 -30 Event_jar2#ไม่นะ\"/faceDirection Haley 3/animate farmer false true 100 111/pause 400/playSound fishingRodBend/startJittering/pause 500/stopJittering/pause 200/playSound fishingRodBend/startJittering/pause 500/stopJittering/pause 200/playSound fishingRodBend/startJittering/pause 2000/stopJittering/playSound coin/stopAnimation farmer/animate farmer false true 100 112/jump farmer/pause 1500/pause 200/stopAnimation farmer/faceDirection farmer 1/showFrame Haley 21/speak Haley \"เฮ้ เธอทำได้นี่! เธอนี่แข็งแรงกว่า รูปลักษณ์ภายนอกนะเนี่ย!$h\"/pause 400/emote farmer 12/pause 500/emote Haley 20/pause 500/speak Haley \"ขอบใจนะ!$h\"/pause 500/end",
  "15/f Haley 2500/p Haley": "Hospital_Ambient/-1000 -1000/farmer 5 9 0 Haley -100 -100 2/skippable/specificTemporarySprite haleyRoomDark/viewport 5 4 true/pause 500/emote farmer 8/move farmer 0 -4 0/move farmer -1 0 0/move farmer 0 -1 0/pause 1000/animate farmer false false 650 15/playSound woodyStep/pause 200/playSound woodyStep/pause 200/playSound woodyStep/pause 200/pause 800/speak Haley \"เข้ามาสิ! ปิดประตูให้สนิทด้วยนะ!\"/pause 1000/warp farmer -100 -100/playSound doorClose/globalFade/viewport -1000 -1000/changeToTemporaryMap Darkroom false/warp Haley 1 5/warp farmer 3 7/viewport 4 4 true/pause 800/faceDirection Haley 2/jump Haley/pause 600/speak Haley \"@ เธอรออยู่ตรงนี้นะ!\"/move farmer 0 -1 3/move farmer -1 0 0/move farmer 0 -1 3/faceDirection Haley 1/speak Haley \"ยินดีต้อนรับสู่ ห้องมืดใหม่ของฉัน!$h\"/faceDirection farmer 2/pause 500/faceDirection farmer 1/pause 500/faceDirection farmer 0/pause 500/faceDirection farmer 3/pause 500/speak Haley \"$q -1 null#อืม... คิดว่าไงบ้าง?#$r -1 10 Event_darkroom1#มันดูดีมากๆ!#$r -1 0 Event_darkroom2#มันมีไว้ทำอะไรเหรอ?#$r -1 -50 Event_darkroom3#ฉันเคยเห็นที่มันดีกว่านี้อีก\"/faceDirection Haley 0/emote Haley 40/pause 500/speak Haley \"อืมมม... เอาล่ะ... เธออยากทำอะไรต่อล่ะ?$s\"/faceDirection Haley 0/question haleyDarkRoom \" #เสนอจะตกแต่งห้องให้#หาข้ออ้างแล้วออกมา#ลองขอจูบเธอ\"/faceDirection Haley 1/fork leave/playMusic musicboxsong/pause 500/pause 1000/emote Haley 16/pause 400/positionOffset farmer 16 0 true/animate farmer true true 100 101/positionOffset farmer -2 0/pause 50/positionOffset farmer -2 0/pause 50/positionOffset farmer -2 0/pause 50/positionOffset farmer -2 0/pause 50/showFrame Haley 28/pause 500/positionOffset Haley 2 0/pause 50/positionOffset farmer -2 0/positionOffset Haley 2 0/pause 50/positionOffset farmer -2 0/positionOffset Haley 2 0/pause 50/positionOffset farmer -2 0/positionOffset Haley 2 0/pause 50/positionOffset farmer -2 0/positionOffset Haley 2 0/pause 50/positionOffset farmer -2 0/positionOffset Haley 2 0/pause 50/positionOffset farmer -2 0/positionOffset Haley 2 0/pause 50/positionOffset farmer -2 0/positionOffset Haley 2 0/pause 50/pause 700/playSound dwop/specificTemporarySprite heart 2 4/pause 3000/speak Haley \"@... ฉันรอที่จะให้เธอทำแบบนี้ มานานมากแล้วล่ะ$11\"/pause 2000/speak Haley \"แปบนึงนะ...$l\"/pause 400/showFrame Haley 4/stopAnimation farmer/faceDirection farmer 3/pause 600/showFrame Haley 29/pause 300/playSound openBox/ambientLight 255 180 180/pause 500/faceDirection Haley 1/pause 1000/showFrame Haley 28/positionOffset farmer 16 0 true/animate farmer true true 100 101/positionOffset Haley 2 0/pause 50/positionOffset Haley 2 0/pause 50/positionOffset Haley 2 0/pause 50/positionOffset Haley 2 0/pause 50/positionOffset Haley 2 0/pause 50/positionOffset Haley 2 0/pause 50/positionOffset Haley 2 0/pause 50/positionOffset Haley 2 0/pause 50/pause 4000/globalFade/viewport -1000 -1000/pause 1000/end dialogue Haley \"รู้สึกดีจริงๆ เลย...$l\"",
  "917409/e 463391/f Emily 1500/p Emily": "none/-1000 -1000/farmer 16 10 0 Emily 14 6 2/specificTemporarySprite EmilyBoomBox/skippable/viewport 14 6 true/move farmer 0 -2 3/move farmer -2 0 0/speak Emily \"เข้ามาสิ @! ฉันอยากให้เธอดูอะไรหน่อย$h\"/pause 500/move farmer 0 -1 0/pause 500/speak Emily \"มันเป็นความลับของฉัน... ฉันฝึกมันอยู่เป็นเดือนเลย#$b#ตอนนี้ก็นั่งลง ผ่อนคลาย แล้วปล่อยให้ตัวเอง เหมือนกำลัง ล่องลอยอยู่จะดีมาก... โอเคไหม?\"/stopMusic/pause 600/move Emily 0 -1 0/faceDirection Emily 0/pause 500/playMusic EmilyDance/pause 1240/faceDirection Emily 2 true/pause 3220/specificTemporarySprite EmilyBoomBoxStart/animate Emily false true 430 0 27/pause 6500/animate Emily false true 440 31 39/pause 6470/doAction 14 4/pause 400/specificTemporarySprite EmilySongBackLights/animate Emily false true 220 18 19 18 19 18 19 18 19 18 19 18 19 18 19 18 19 20 21 20 21 20 21 20 21 20 21 20 21 20 21 20 21 16 17 16 17 16 17 16 17 16 17 16 17 16 17 16 17 22 23 22 23 22 23 22 23 22 23 22 23 22 23 22 23/glow 0 0 255 true/pause 1000/glow 0 255 255 false/pause 1760/glow 0 0 255 false/pause 1760/glow 255 0 255 false/pause 1760/glow 255 255 0 false/pause 1760/glow 0 255 255 false/pause 1760/glow 0 255 0 false/pause 1760/glow 255 0 0 false/pause 1760/glow 0 0 255 false/pause 1000/jump Emily/glow 255 0 255 false/pause 1760/glow 0 0 255 false/pause 1760/glow 255 0 255 false/pause 1760/glow 255 255 0 false/pause 1760/glow 0 255 255 false/pause 1760/glow 0 255 0 false/pause 1760/glow 255 0 0 false/pause 1760/glow 0 0 255 false/pause 1260/animate Emily false true 440 31 39/pause 1760/glow 255 255 0/pause 1760/glow 255 0 255/pause 1760/glow 0 255 255/pause 1760/glow 255 0 0/pause 1760/glow 0 0 255/pause 1760/glow 0 255 0/pause 1760/glow 255 0 255/pause 1760/glow 255 0 255 false/stopAnimation Emily/specificTemporarySprite EmilyBoomBoxStop/faceDirection Emily 2/emote farmer 16/pause 1000/animate Emily false true 300 50 51/pause 1600/speak Emily \"$q 213 null#เธ... *แฮ่ก แฮ่ก*...เธอคิดว่าไงบ้าง??$h#$r 213 25 event_dance1#มันเจ๋งไปเลย!#$r 213 -50 event_dance2#นั่นน่าอายมากเลย...#$r 213 25 event_dance1#(ไม่พูดอะไรได้แต่ปรบมือช้าๆ)\"/emote Emily 28/speak Emily \"ฟู่... เป็นการออกกำลังกายที่ดี เชียวล่ะว่าไหม...$u\"/pause 500/stopAnimation Emily/showFrame Emily 0/pause 1000/animate Emily false true 100 48 49/pause 1000/speak Emily \"ฉันไม่เคย เหงื่อออกมากขนาดนี้เลย ตั้งแต่ที่ฉันสั่ง รวมมิตรพริก (Pepper platter) มากินในงานจบการศึกษา ของอบิเกล!$h\"/pause 1000/stopAnimation Emily/speak Emily \"...เอาล่ะ ฉันไปอาบน้ำดีกว่า ขอบคุณที่มาดูนะ\"/pause 500/faceDirection Emily 2/end dialogue Emily \"อย่าบอกใครเกี่ยวกับ การเต้นนี้ล่ะ ฉันให้เธอรู้ได้คนเดียว\"",
  "471942/f Emily 500/p Emily": "none/-1000 -1000/farmer -100 -100 0 Emily 20 4 3/skippable/showFrame Emily 33/specificTemporarySprite EmilySleeping/viewport 19 4 true/emote Emily 24/pause 3000/emote Emily 24/pause 3000/viewport move 0 -1 5000/pause 1000/globalFade .004/viewport -1000 -1000/playMusic EmilyDream/changeToTemporaryMap EmilyDreamscape false/viewport -1000 -1000/pause 1000/warp Emily 21 11/warp farmer 22 15/animate Emily false true 500 24 25/globalFadeToClear .005 true/viewport move 0 -1 7000/viewport 21 18/pause 8000/textAboveHead Emily \"ว้าาา\"/pause 4000/textAboveHead Emily \"ว้าาาาา\"/pause 5000/playSound yoba/move farmer -2 0 0/pause 600/stopAnimation Emily/showFrame Emily 26/jump Emily/shake Emily 1000/pause 1000/showFrame Emily 0/pause 500/move Emily -1 0 2/move Emily 0 1 2/pause 1000/emote Emily 8/pause 500/speak Emily \"คุณมาทำอะไรที่นี่?$u\"/pause 1000/move Emily 0 2 2/viewport move 0 1 1500/move Emily -1 0 2/move Emily 0 1 1/faceDirection farmer 3/pause 1000/specificTemporarySprite EmilySign/faceDirection Emily 0/pause 2000/faceDirection Emily 2/pause 8000/faceDirection Emily 1/pause 1000/speak Emily \"...$u#$b#นั่นทำให้ฉัน นึกถึงอะไรบางอย่าง$u#$b#ความพยายาม ความซาบซึ้ง และความอ่อนโยนพวกนี้ ช่างเป็นสิ่งที่ วิเศษเอามากๆ เลย\"/pause 1000/speak Emily \"ตอนนี้..... ฉันรู้แล้วว่าทำไม คุณถึงมาอยู่ที่นี่ มันคือลางสังหรณ์นี่เอง ฮ่าๆๆ!$h\"/pause 1000/emote farmer 8/startJittering/pause 1000/playSound coin/stopJittering/warp farmer -1000 -1000/pause 500/faceDirection Emily 2/pause 50/faceDirection Emily 3/pause 200/faceDirection Emily 0/pause 500/faceDirection Emily 1/pause 1000/faceDirection Emily 2/viewport move -1 -1 5000/pause 2000/globalFade .005/viewport -2000 -2000/pause 3000/changeLocation HaleyHouse/warp Emily 20 4/globalFadeToClear .005 true/viewport 20 3/pause 3000/move Emily -2 0 2/move Emily 0 3 2/pause 2000/speak Emily \"@... มีบางอย่างที่พิเศษเกี่ยวกับ @...$u#$b#โชคชะตาของเรา จะต้องมาบรรจบกันแน่ๆ เลย...$u\"/pause 1500/end",
  "195019/f Haley 2500/f Emily 2500/f Penny 2500/f Abigail 2500/f Leah 2500/f Maru 2500/o Abigail/o Penny/o Leah/o Emily/o Maru/o Haley/o Shane/o Harvey/o Sebastian/o Sam/o Elliott/o Alex/e 38/e 2123343/e 10/e 901756/e 54/e 15/i 446/k 195012": "playful/-1000 -1000/farmer 8 19 1 Haley 18 18 1 Emily 19 17 2 Penny 20 17 2 Maru 21 17 2 Leah 22 18 3 Abigail 20 20 0/pause 1000/message \"ด้วยเหตุผลอะไรสักอย่าง คุณตัดสินใจที่จะล้วงมือ เข้าไปในกระเป๋าของคุณ...\"/pause 500/message \"คุณจับไปที่ตีนกระต่าย (rabbit's foot) และรู้สึกได้ถึง ความผ่อนคลาย...\"/move farmer 5 0 1 true/viewport 17 19 true/move false/pause 500/faceDirection Haley 3 true/faceDirection Emily 3 true/faceDirection Penny 3 true/faceDirection Maru 3 true/faceDirection Leah 3 true/faceDirection Abigail 3 true/textAboveHead Haley \"ไฮ!\"/textAboveHead Abigail \"สวัสดีจ้า!\"/textAboveHead Leah \"ดูซิว่านี่ใคร!\"/pause 2000/move farmer 4 0 1/emote farmer 32/pause 500/speak Abigail \"พวกเรากำลังซุบซิบกัน เกี่ยวกับเรื่องของ นายกเทศมนตรีเลวิส และมานีอยู่น่ะ...$h\"/pause 500/speak Penny \"ที่จริงแล้ว ฉันไม่คิดว่ามัน จะมีอะไรที่ฉาวๆ เกิดขึ้นระหว่างพวกเขานะ...\"/pause 500/speak Haley \"ฮ่า! เธอเพิ่งเกิดเมื่อวานเหรอ ทำไมถึงไม่รู้อะไรเลย?$h\"/jump Penny/emote Penny 12/fade/viewport -1000 -1000/pause 1500/message \"คุณใช้เวลาอยู่กับ กลุ่มนี้สักพักหนึ่ง\"/pause 1000/message \"มันเป็นการชุมนุมที่ ไม่มีอะไรน่าตื่นเต้น!\"/pause 500/end",
  "195012/f Haley 2500/f Emily 2500/f Penny 2500/f Abigail 2500/f Leah 2500/f Maru 2500/o Abigail/o Penny/o Leah/o Emily/o Maru/o Haley/o Shane/o Harvey/o Sebastian/o Sam/o Elliott/o Alex/e 38/e 2123343/e 10/e 901756/e 54/e 15/k 195019": "playful/-1000 -1000/farmer 8 19 1 Haley 18 18 1 Emily 19 17 2 Penny 20 17 2 Maru 21 17 2 Leah 22 18 3 Abigail 20 20 0 Pierre -1000 -1000 1/move farmer 5 0 1 true/viewport 17 19 true/move false/pause 500/startJittering/faceDirection farmer 2 true/animate farmer false true 100 94/jump farmer/pause 2000/stopAnimation farmer/showFrame farmer 0/stopJittering/playSound thudStep/faceDirection farmer 3 true/showFrame farmer 7 true/startJittering/faceDirection Haley 3 true/faceDirection Emily 3 true/faceDirection Penny 3 true/faceDirection Maru 3 true/faceDirection Leah 3 true/faceDirection Abigail 3 true/textAboveHead Haley \"ช้าไปหน่อยนะ\"/textAboveHead Abigail \"จับไว้\"/textAboveHead Leah \"หยุด!\"/pause 3000/stopJittering/showFrame farmer 6 true/pause 500/faceDirection farmer 1/move farmer 3 0 1/playMusic none/emote farmer 28/pause 500/speak Abigail \"ไม่เคยนึกว่าจะได้มาเจอ 'แฟน' ของตัวเองทั้งหมด อยู่ในห้องเดียวกันสินะ ฮ่ะๆ @?$a\"/pause 500/speak Leah \"ฉัน...ฉันคิดว่าคุณ แตกต่างจากผู้ชายคนอื่น...$s^คุณทุเรศที่สุด คุณหลอกลวงเราทุกคน... คุณช่างน่าสมเพช...$a\"/pause 500/speak Penny \"คุณทำแบบนี้ กับพวกเราได้ยังไง @?$s\"/pause 500/speak Maru \"คุณคิดว่าที่คุณท ำมันเนียนมากใช่ไหม? คิดว่าคุณจะได้ลอง 'บุฟเฟ่ต์' งั้นเหรอ ฮะๆ? ช่างไม่ซื่อสัตย์เอาซะเลย...$a\"/pause 500/speak Emily \"คื... คืนนั้นที่เต็นท์... คุณกระซิบบอกฉัน ในความมืดว่า คุณชอบฉัน...$s#$b#แต่ตอนนี้ฉันกลับพบว่า ในแต่ละวัน ที่ฉันคิดว่ามันใช่ กลับเป็นเรื่องโกหกทั้งนั้น$s\"/pause 500/playMusic ragtime/speak Haley \"ดี พวกเราจะไม่ทนแล้ว! และเราจะไม่สนใจ เรื่องนี้อีก!$a^เราจะไม่ทนให้คุณ ทำร้ายเราอีกต่อไป!$a\"/textAboveHead Leah \"ถูกต้อง!\"/pause 500/speak Abigail \"ดีไหมล่ะ? คุณถามตัวเองดูนะ?$a\"/pause 1000/question fork1 \"#ฉันขอโทษ...ฉันผิดไปแล้ว#ทุกคนได้โปรดใจเย็นๆ! ฉันอธิบายได้...\"/fork choseToExplain/pause 500/textAboveHead Maru \"อืมมม...\"/pause 500/speak Abigail \"พยายามได้ดีนี่ แต่นั่นมันไม่ช่วยให้ เรื่องนี้จบหรอกนะ...$u\"/pause 1000/playMusic none/speak Haley \"... ดังนั้นเราก็เลยตัดสินใจแล้ว ... ใช่ไหมทุกคน?$u\"/pause 500/speak Penny \"...ใช่$s\"/speak Leah \"แน่นอนสิ$a\"/pause 1000/jump Haley/jump Abigail/jump Emily/jump Leah/jump Maru/jump Penny/pause 1000/speak Maru \"เราทุกคนจะเลิกคบกับคุณ!$a\"/faceDirection farmer 2 true/animate farmer false true 100 94/jump farmer/playSound slimedead/pause 2000/fade/viewport -2000 -2000/dump girls 3/end warpOut",
  "choseToExplain": "pause 100/textAboveHead Haley \"สงสัยว่ามันจะ...\"/pause 500/resetVariable/question fork2 \"#ฉันคิดว่าเราเป็นแค่เพื่อนกัน! ฉันไม่รู้ว่ามัน จะร้ายแรงจริงๆ!#ปิแอร์กดดันฉัน! เขาต้องการขายช่อดอกไม้ ให้มากขึ้น!#ทุกคนได้โปรด นี่เป็นเรื่องปกติ! มันเป็นทางเลือกของชีวิต...\"/pause 100/fork lifestyleChoice/textAboveHead Haley \"โกหก!\"/textAboveHead Maru \"อ้อ..ใช่สิ!\"/speak Emily \"คุณยังคาดหวัง จะให้เราเชื่ออีกเหรอ? รู้ไหมคุณกำลังขุดหลุม ฝังตัวเองอยู่นะ...$a\"/pause 1000/faceDirection Haley 2/playMusic none/speak Haley \"...ฉันคิดว่าที่เรามานี่ ได้ตัดสินใจกันไปแล้วนะ...ใช่ไหมทุกคน?$u\"/pause 500/speak Penny \"...ใช่$s\"/speak Leah \"แน่นอนสิ$a\"/faceDirection Haley 3/pause 1000/jump Haley/jump Abigail/jump Emily/jump Leah/jump Maru/jump Penny/pause 1000/jump Haley/jump Abigail/jump Emily/jump Leah/jump Maru/jump Penny/pause 1000/jump Haley/jump Abigail/jump Emily/jump Leah/jump Maru/jump Penny/pause 1000/speak Maru \"เราจะเลิกคบกับคุณ!$a\"/faceDirection farmer 2 true/animate farmer false true 100 94/jump farmer/playSound slimedead/pause 2000/fade/viewport -2000 -2000/dump girls 4/end warpOut",
  "lifestyleChoice": "pause 100/speak Penny \"อืมม! ฉันไม่รู้ว่าจะเลือกยังไงดี ในเมืองซูซูนี่เป็นเรื่อง 'ปกติ' มาก แต่ฉันก็โอเค กับข้อตกลงนี้นะ!$a\"/speak Maru \"เราไม่ใช่ 'ตัวเลือกของใคร' ถ้าไม่มีใครรู้เรื่องนี้ คุณคงจะยิ้ม ปากฉีกเลยสินะ!$a\"/pause 100/speak Abigail \"ตอนนี้คุณไม่ใช่คนที่จะ ชี้ชะตาได้อีกแล้ว @$a\"/pause 1000/faceDirection Haley 2/playMusic none/speak Haley \"...ฉันคิดว่าพวกเรา ตัดสินใจได้แล้ว...ใช่ไหมสาวๆ?$u\"/pause 500/speak Penny \"...ใช่$s\"/speak Leah \"แน่นอนสิ$a\"/faceDirection Haley 3/pause 1000/jump Haley/jump Abigail/jump Emily/jump Leah/jump Maru/jump Penny/pause 1000/jump Haley/jump Abigail/jump Emily/jump Leah/jump Maru/jump Penny/pause 1000/jump Haley/jump Abigail/jump Emily/jump Leah/jump Maru/jump Penny/pause 1000/speak Maru \"เราจะเลิกคบกับคุณ!$a\"/faceDirection farmer 2 true/animate farmer false true 100 94/jump farmer/playSound slimedead/pause 2000/fade/viewport -2000 -2000/dump girls 4/end warpOut",
  "150938/n emilyStones": "SunRoom/-1000 -1000/farmer -100 -100 0 Emily 15 18 2 Haley 12 18 2 Abigail 14 20 2 Caroline 13 20 2 Marnie 16 20 2/skippable/positionOffset Haley 0 32/showFrame Emily 54/showFrame Marnie 35/showFrame Haley 34/hideShadow Haley true/showFrame Abigail 53/showFrame Caroline 24/addObject 14 21 66 1/addObject 16 21 70/addObject 12 19 68 1/addObject 15 19 64 1/addObject 13 21 60 1/viewport 14 19 true/pause 4000/speak Emily \"เยี่ยมเลย... ทุกคนมีหินของตัวเองแล้ว#$b#ทีนี้ หลับตาลงแล้ว หายใจเข้าลึกๆ ช้าๆ นะ เพ่งสมาธิไปที่ปอด\"/pause 3000/speak Emily \"นึกภาพลังงานบริสุทธิ์ กำลังไหลเวียน ไปทั่วร่างกายของเรา ตามลมหายใจ#$b#และเมื่อเราหายใจออก ความตึงเครียดและ พลังงานด้านลบทั้งหมด ก็ไหลออกไปเหลือไว้แต่ ความผ่อนคลายที่มากขึ้น และมากขึ้น\"/pause 3000/speak Emily \"เอาล่ะ ตอนนี้เปิดใจให้กับ คลื่นความถี่ของ หินของเรา รู้สึกอะไรไหม?\"/pause 1000/textAboveHead Abigail \"ไม่เลยสักกะติ๊ด\"/pause 2000/textAboveHead Marnie \"รู้สึกนะ!\"/pause 2000/textAboveHead Caroline \"ผ่อนคลายยย\"/pause 4000/emote Haley 24/pause 1000/emote Haley 24 true/viewport move 1 -1 7000/pause 4000/fade/viewport -1000 -1000/message \"ดูเหมือนว่าหินพวกนี้ ใช้งานได้ดีทีเดียว...\"/end"
}
