{
  "18/f George 1500/p George": "sadpiano/17 17/farmer 10 19 1 George 18 17 0/skippable/emote George 12/speak George \"กรอดดดด.... ฉันเอื้อมไม่ถึง!$u#$b#ถ้าฉันสามารถลุกขึ้นจาก ไอ้รถเข็นบ้าๆ นี่ล่ะก็...$s\"/move farmer 4 0 0/move farmer 0 -2 0/move farmer 3 0 0/pause 500/showFrame 15/pause 500/pause 500/playSound Ship/pause 500/stopAnimation farmer/faceDirection farmer 1/faceDirection George 3/showFrame 35/pause 500/playSound coin/pause 300/stopAnimation farmer/pause 500/speak George \"ขอบใจ พ่อหนุ่ม^ขอบใจ แม่หนู\"/pause 800/speed George 1/faceDirection George 2/pause 500/move George 0 1 2/faceDirection farmer 2/pause 1000/speak George \"*เฮ้อ*...มันก็ผ่านมา 30 กว่าปีแล้วล่ะ$s#$b#ตอนนั้นฉันทำงานในเหมือง เราอยู่ในช่วงใกล้ ที่จะเลิกงานพอดี แต่มันยังเหลือแนวหินอันสุดท้าย ที่ต้องทำให้มันแตกออก#$b#ฉันต้องเข้าไป ติดตั้งระเบิดไดนาไมท์ แต่ฉันดันลื่นเพราะไปสะดุด รอยแตกของหิน ไดนาไมท์ที่เอาไปด้วย เลยตกกระแทกพื้นและระเบิด\"/pause 800/speak George \"จากนั้นสิ่งต่อไปที่จำได้คือ ฉันตื่นมาในโรงพยาบาล... และพวกเขาบอกว่า ฉันไม่สามารถเดินได้ อีกต่อไปแล้ว\"/faceDirection George 3/speak George \"นั่นก็คือเรื่องทั้งหมด เธออาจจะคิดว่า ฉันแก่เกินจนเดินไม่ได้#$b#แต่รู้ไว้นะว่าฉันน่ะ ฟิตเปรี๊ยะ กว่าพวกคนแก่คนอื่นๆ เยอะ ถ้าไม่ได้ประสบอุบัติเหตุนั่น!\"/faceDirection George 2/speak George \"...\"/move farmer 0 1 1/pause 1700/speak George \"เธอดีกับฉันมากๆ เลยพ่อหนุ่ม ฉันซาบซึ้งจริงๆ^เธอดีกับฉันมากเลยสาวน้อย ฉันซาบซึ้งจริงๆ#$b#ต่อไปเมื่อเธอแก่ตัวไป เธอจะค่อยๆ ลืมไปว่า ยังมีคนที่เป็นห่วงใยเธออยู่\"/pause 800/faceDirection George 3/pause 1000/end",
  "19/f Evelyn 1000/p Evelyn": "jaunty/3 17/farmer 8 19 3 Evelyn 3 17 0/skippable/move farmer -5 0 0/move farmer 0 -1 0/emote farmer 8/faceDirection Evelyn 2/speak Evelyn \"โอ้! @! เธอกำลังสงสัยใช่ไหมจ๊ะ ว่ากลิ่นหอมพวกนี้ คืออะไรสินะ?#$b#ทำไมน่ะเหรอ เป็นคำถามที่ดีมากๆ เลย เพราะยายกำลังอบคุกกี้ สูตรเด็ดของยายอยู่ไงล่ะ!$h\"/emote farmer 16/speak Evelyn \"นี่ไง ลองสักชิ้นไหม?\"/faceDirection Evelyn 0/pause 600/playSound clank/pause 600/faceDirection Evelyn 2/pause 900/farmerEat 223/pause 2000/stopAnimation farmer/faceDirection farmer 0/speak Evelyn \"$q 51 null#มันเป็นยังไงบ้าง?#$r 51 100 Event_cookies1#มันอร่อยมากเลย!#$r 51 -100 Event_cookies2#อย่างกับเคี้ยวลูกฮ็อกกี้น้ำแข็งแน่ะ\"/playMusic none/speak Evelyn \"ยายว่ายายก็รู้จักเธอดีพอ ที่จะบอกสูตรคุกกี้ให้เธอรู้ แต่เธอต้องสัญญาว่า จะเก็บมันเป็นความลับนะ$h\"/playSound reward/message \"เรียนรู้วิธีการทำ 'คุกกี้ (Cookies)'\"/addCookingRecipe Cookies/end",
  "21/f Alex 1250/p Alex": "sadpiano/12 5/farmer 10 11 0 Alex 13 5 0/skippable/pause 500/speak Alex \"*เฮ้อ*$s\"/doAction 10 9/move farmer 0 -5 1/move farmer 3 0 0/pause 500/faceDirection Alex 2/pause 600/speak Alex \"โอ้ สวัสดี @$s\"/faceDirection Alex 0/move farmer 1 0 0/move farmer 0 -1 3/emote farmer 8/pause 500/emote Alex 28/speak Alex \"ดูหนังสือพวกนั้นสิ ฉันไม่เคยอ่านมันเลย แม้แต่เล่มเดียว แค่คิดว่าจะต้องเปิดมันอ่าน ก็ทำเอาฉันปวดหัวแล้ว$s#$b#แต่เธอไม่สามารถ ใช้ชีวิตให้ดีได้ ถ้าไม่มีความรู้ล่ะนะ...$s\"/faceDirection Alex 1/speak Alex \"$q 57 null#ฉันนี่มันไร้ค่าจริงๆ...$s#$r 57 0 Event_books1#บ้าน่า เธอฉลาดออกจะตาย!#$r 57 50 Event_books2#คนเรามีจุดอ่อนจุดแข็งต่างกัน#$r 57 -50 Event_books3#ไร้ค่า? อืมมันคงประมาณนั้นแหละ\"/faceDirection Alex 0/pause 1000/emote Alex 16/speak Alex \"เอาล่ะ ฉันจะไม่ยอมแพ้!$a\"/faceDirection Alex 1/speak Alex \"ถ้าฉันพยายาม ฉันต้องทำได้ทุกอย่างแน่นอน!\"/jump farmer/pause 800/speak Alex \"เฮ้ ไม่แน่นะสักวันหนึ่ง เราอาจจะไปกินมื้อค่ำด้วยกัน แล้วคุยเรื่องเอ่อ ....ป-ปรัช-ชะญา นั่นไม่ใช่สิ่งที่คนฉลาด ชอบพูดกันหรอกเหรอ?$h\"/faceDirection farmer 2/animate farmer false true 100 102 103/pause 2000/globalFade/viewport -1000 -1000/stopAnimation farmer/end",
  "2119820/f Alex 1500/p Alex": "jaunty/-1000 -1000/farmer 10 10 0 Alex 13 6 2/skippable/showFrame Alex 28/animate Alex false true 100 28 29 30 31 32 32 31 30 29 28/viewport 13 6 true/pause 6500/stopAnimation Alex/pause 1000/doAction 10 9/move farmer 0 -3 1/move farmer 2 0 0/showFrame Alex 34 true/animate Alex false false 100 28 33 34/pause 600/speak Alex \"โอ้! เฮ้... ฉันกำลังฝึกความแข็งแรง ประจำวันอยู่น่ะ$6#$b#... ขอโทษทีนะ ที่ไม่ได้ใส่เสื้อ$6\"/pause 1000/emote Alex 40/speak Alex \"เอ่อ... @? ฉันมีเรื่องจะบอกเธอ เกี่ยวกับอะไรบางอย่างน่ะ...$8\"/emote farmer 8/pause 1000/speak Alex \"ฉันเริ่มคิดๆ ดูแล้วเรื่อง... เอ่อ ที่ฉันทำตัวไม่ดีกับเธอ แต่ก่อนน่ะ ทั้งเรื่องที่จะไปเป็นโปร แล้วก็อื่นๆ ด้วย$8\"/pause 1000/showFrame Alex 33/pause 1000/speak Alex \"ถึงฉันจะยังไม่ล้มเลิก เรื่องการเป็น นักกีฬามืออาชีพก็จริง หรือบางทีมันอาจจะเป็น แค่ความฝันในวัยเด็ก... อะไรแบบนั้น?$8#$b#ยังไงก็ตาม... ฉันต้องขอโทษด้วยนะ ที่ชอบโอ้อวด และทำตัวน่ารำคาญ และฉันขอบคุณเธอจริงๆ ที่คอยอยู่เป็นเพื่อนฉัน ฝ่าฟันทุกสิ่งมาด้วยกัน$6\"/move farmer 1 0 0/pause 1000/jump farmer/pause 800/showFrame Alex 34/pause 800/emote Alex 32/pause 1200/showFrame Alex 29/pause 100/showFrame Alex 28/pause 100/showFrame Alex 29/pause 100/animate Alex false true 50 30 31 32 32 31 30/pause 3000/globalFade/viewport -1000 -1000/end",
  "56/f Harvey 500/p George": "jaunty/16 18/farmer 9 24 0 George 16 18 1 Harvey 15 18 1/skippable/move farmer 0 -4 1/move farmer 1 0 1/speak Harvey \"โอเคจอร์จ ผมอยากให้คุณหายใจเข้าลึกๆ\"/pause 700/speak Harvey \"อืมมม... หันหลังหน่อยครับ\"/pause 300/faceDirection George 2/faceDirection George 3/speak Harvey \"จอร์จ ผมจะบอกคุณตรงๆ เลยนะ คุณจะต้องปรับเปลี่ยนพฤติกรรม ถ้าคุณอยากจะมี สุขภาพร่างกายที่แข็งแรง#$b#ผมอยากให้คุณ ลดการกินเค็มลงหน่อย และพยายามออกกำลังกาย แขนของคุณบ้าง\"/emote George 12/speak George \"อืมมมม... ฉันรู้น่าว่าอะไรดีสำหรับฉัน คิดว่านายเป็นใครกัน มาบงการชีวิตฉันให้ทำนั่นนี่?\"/pause 500/speak Harvey \"ผมเป็นหมอของคุณไงจอร์จ นั้นแหละที่ผมเป็น...#$b#และผมเรียนหมอมา 8 ปี เพื่อที่ได้จะเรียนรู้วิธี ที่จะช่วยให้ผู้คน มีสุขภาพแข็งแรง\"/move farmer 0 -1 1/move farmer 5 0 0/faceDirection Harvey 2 true/faceDirection George 2/speak Harvey \"โอ้!#$b#ขอโทษนะครับ แต่คุณไม่ควรจะมาอยู่ที่นี่... เพราะการตรวจร่างกาย เป็นเรื่องส่วนบุคคลนะครับ\"/faceDirection farmer 3/speak George \"ไม่เป็นไรหรอก! ฉันกำลังอยากได้ความเห็น จากพ่อหนุ่มพอดี^ไม่เป็นไรหรอก! ฉันกำลังอยากได้ความเห็น จากสาวน้อยพอดี\"/faceDirection farmer 1/speak Harvey \"ดีเหมือนกัน...\"/speak Harvey \"$q 84 null#@ คุณคิดว่าจอร์จควรทำยังไง?#$r 84 40 event_george1 friend_George_-20#จอร์จ ควรทำตามคำแนะนำ ของหมอฮาร์วีย์#$r 85 -40 event_george2 friend_George_40#จอร์จรู้ว่า อะไรดีสำหรับตัวเขาเอง\"/faceDirection Harvey 1/faceDirection George 2/emote George 28/speak George \"ก็ได้ ฉันจะทำตามที่คุณบอก คุณหมอ\"/pause 500/faceDirection Harvey 2/speak Harvey \"$p 84#ขอบคุณที่ช่วยนะ @ ผมขอบคุณจริงๆ$h|คงจะดีกว่านะ ถ้าคุณไม่มาสร้างความเข้าใจผิดๆ ให้กับคนไข้ของผม @ คราวหน้าช่วยจำเอาไว้ล่ะ\"/end",
  "5837189/n georgeGifts": "jaunty/-1000 -1000/farmer -100 -100 02 George 18 19 2 Evelyn 3 17 0/skippable/animate George false true 400 0 20/positionOffset George 0 -16/specificTemporarySprite staticSprite LooseSprites\\\\Cursors2 114 241 14 15 17 17/specificTemporarySprite staticSprite LooseSprites\\\\Cursors2 114 241 14 15 19.5 18.5/specificTemporarySprite staticSprite LooseSprites\\\\Cursors2 114 241 14 15 16.5 18/specificTemporarySprite staticSprite LooseSprites\\\\Cursors2 114 241 14 15 20 17/specificTemporarySprite staticSprite LooseSprites\\\\Cursors2 114 241 14 15 19 17/specificTemporarySprite staticSprite LooseSprites\\\\Cursors2 103 243 10 13 18.5 19.5/specificTemporarySprite staticSprite LooseSprites\\\\Cursors2 114 241 14 15 17.25 20.6/specificTemporarySprite staticSprite LooseSprites\\\\Cursors2 114 241 14 15 17 21 999 .8/specificTemporarySprite staticSprite LooseSprites\\\\Cursors2 114 241 14 15 17.5 21 999 .8/specificTemporarySprite staticSprite LooseSprites\\\\Cursors2 103 243 10 13 15 18/specificTemporarySprite staticSprite LooseSprites\\\\Cursors 288 1231 16 16 17 19 998/viewport 18 19 true/pause 5000/warp farmer 9 24/playSound doorClose/move farmer 0 -4 1/move farmer 4 0 1/stopAnimation George/faceDirection George 3/speak George \"@? นี่มันหมายความว่ายังไงกัน...#$b#มันคือการแกล้งบ้าบอ อะไรสักอย่างรึเปล่า?\"/pause 500/quickQuestion #พวกเราอยากแสดงความซึ้งใจให้เห็นน่ะ#ภรรยาของคุณเป็นคนทำแหละ#ช่าย ก็แกล้งนั่นแหละ(break)playMusic none\\pause 1000\\positionOffset George -4 0\\playSound Cowboy_Footstep\\pause 500\\positionOffset George -4 0\\playSound Cowboy_Footstep\\pause 500\\positionOffset George -4 0\\playSound Cowboy_Footstep\\pause 500\\specificTemporarySprite georgeLeekGift\\specificTemporarySprite removeSprite 998\\playSound Ship\\pause 800\\showFrame George 21\\playSound coin\\playMusic echos\\pause 1000\\speak George \"กระเทียมต้น... $s\"\\pause 1000\\speak George \"ของโปรดของฉัน... เหมือนที่แม่ของฉันทำให้ เมื่อหลายสิบปีก่อน...\"\\pause 2000\\showFrame George 0\\faceDirection George 2\\speak George \"ฮึ่มม คือ...\"\\emote George 40\\showFrame George 16\\pause 500\\speak George \"คือ... นั่น... ฮึ่ม#$b#บางทีฉันคงจะไม่ได้ถูกลืม หรือโดนเมินใส่ อย่างที่คิด...$s\"\\faceDirection George 3\\speak George \"ขอบใจนะ ไอ้ลูกชาย$h^ขอบใจนะ แม่หนู$h#$b#เธอทำให้วันนี้กลายเป็นวันดีๆ ของชายแก่ๆ คนหนึ่ง$h\"\\pause 500\\emote farmer 32(break)playMusic none\\pause 300\\jump George\\pause 1000\\speak George \"ฮ่า! เอเวอลินคิดว่าจะ หลอกฉันได้อย่างนั้นเหรอ!\"\\pause 500\\faceDirection George 2\\pause 400\\showFrame George 16\\pause 600\\speak George \"เธอคิดว่าจะหลอกฉัน... ให้คิดว่า ฉันเป็นอะไรมากกว่า คนพิการสินะ$s\"\\stopAnimation George\\faceDirection George 3\\speak George \"เฮอะ ฉันรู้ทันหรอก...\"\\pause 400\\faceDirection George 1\\speak George \"ทีนี้ก็ รีบไสหัวไปซะ!$u\"\\emote farmer 28(break)playMusic none\\pause 300\\jump George\\pause 1000\\speak George \"ฮ่า! นี่เป็นไอ้พวกขี้แกลงใช่ไหม?\"\\emote George 40\\playMusic playful\\speak George \"ฮะฮ่า... นี่รู้อะไรไหม เมื่อก่อนฉันก็เป็น พวกขี้แกล้งเหมือนกัน$h\"\\faceDirection George 2\\speak George \"เอาล่ะ อย่างน้อยเธอก็ ทำให้ฉันหัวเราะได้ล่ะนะ$h\"\\pause 2000\\faceDirection George 3\\emote George 8\\speak George \"อะไร นี่เธอคิดว่า ฉันจะเปิดมันเหรอ?\"\\jump George\\pause 1000\\speak George \"ฮ่า! ไม่มีทางซะหรอก เธอคิดว่าฉันจะติดกับมุกเก่าๆ อย่าง 'ของขวัญระเบิด' งั้นเหรอ?\"\\faceDirection George 2\\speak George \"ไอ้พวกนี้จะไม่ได้ไปที่ไหน นอกจากทั้งขยะ!\"\\pause 300\\faceDirection farmer 2 true\\showFrame farmer 94\\jump farmer/pause 2000/end"
}
