{
  "95/e 93/k 94/t 1800 1950/i 136/y 2": "50s/6 15/farmer 4 19 0 Sam 17 13 0 Jodi 7 4 0 Kent 3 15 1/removeItem 136/removeQuest 22/pause 300/faceDirection Kent 2/speak Kent \"สวัสดี @ เข้ามาสิ\"/move farmer 0 -3 0/speed Jodi 4/move Jodi 0 10 2/speak Jodi \"อ่า ฉันดีใจนะที่เธอแวะมา @! แถมเธอเอาปลามาด้วย! เยี่ยมไปเลย\"/move farmer 2 0 0/move farmer 0 -1 1/faceDirection Kent 1/faceDirection Jodi 1/speak Jodi \"แซมจ๊ะ! มาหาแม่ แล้วช่วยเอาปลา ไปทำความสะอาดหน่อย ได้ไหม?\"/pause 300/speak Sam \"...ได้ครับแม่$a\"/move Sam -5 0 3 true/proceedPosition Sam/stopAnimation farmer/doAction 12 14/move Sam 0 2 3 false/move Sam -4 0 3/faceDirection Jodi 2/pause 500/showFrame 35/addObject 7 15 136/playSound fishSlap/pause 800/stopAnimation farmer/speak Jodi \"ว้าว มันดูดีมากๆ... แล้วก็สดมากๆ เลยด้วย ขอบคุณมากๆ เลยนะที่เอามันมา @#$b#เคนท์ ก็จับปลามาเหมือนกัน แต่ปลาตัวนั้นดันพอแค่เค้า กินคนเดียวน่ะสิ!$u\"/pause 200/faceDirection farmer 3/pause 1000/speak Kent \"แหะๆ$h\"/globalFade/viewport -1000 -1000/pause 1000/message \"หืมมม ปลากะพงกรอบนั่นอร่อยมาก อร่อยจนเกือบหยุดหายใจ...\"/pause 500/message \"ในตอนนี้ ฉันรู้สึกเหมือนได้เป็น ส่วนหนึ่งของครอบครัวนี้เลย\"/pause 1500/end warpOut",
  "94/e 93/k 95/t 1800 1950/i 136/y 1": "50s/6 15/farmer 4 19 0 Sam 17 13 0 Jodi 7 4 0/removeItem 136/removeQuest 22/speed Jodi 4/move Jodi 0 10 2/speak Jodi \"โอ้ สวัสดี @! เข้ามาสิ! นั่นใช่กลิ่นปลาสดๆ ใช่ไหมเนี่ย?\"/move farmer 0 -3 1/move farmer 2 0 0/move farmer 0 -1 1/faceDirection Jodi 1/speak Jodi \"แซมจ๊ะ! มาหาแม่แล้วมาช่วยจัดมื้อค่ำ ให้หน่อยได้ไหม?\"/pause 300/speak Sam \"...ได้ครับแม่$a\"/move Sam -5 0 3 true/proceedPosition Sam/stopAnimation farmer/doAction 12 14/move Sam 0 2 3 false/move Sam -4 0 3/faceDirection Jodi 2/pause 300/showFrame 35/addObject 7 15 136/playSound fishSlap/pause 800/stopAnimation farmer/pause 400/speak Jodi \"ว้าวนี่ดูเหมือน ปลากะพงปากกว้างชั้นดีเลยนะเนี่ย @ ขอบคุณมากนะ ที่เอามาให้น่ะ$h\"/pause 1000/globalFade/viewport -1000 -1000/pause 1000/message \"หืมมม ปลากะพงกรอบนั่นอร่อยมาก! อร่อยจนลมหายใจ หลุดโลกไปเลย...\"/pause 500/message \"ในตอนนี้ ฉันะรู้สึกเหมือนเป็น ส่วนหนึ่งของครอบครัวนี้เลย\"/pause 1500/end warpOut",
  "44/f Sam 500/p Sam": "sampractice/-1000 -1000/farmer 4 15 1 Sam 17 16 2 Sebastian 18 18 0/positionOffset Sebastian 32 -31/skippable/animate Sam false true 200 20 21/showFrame Sebastian 41/viewport 17 16 true/move farmer 8 0 0/pause 500/doAction 12 14/move farmer 0 -2 1/move farmer 4 0 2/pause 9000/stopAnimation Sam/showFrame Sebastian 8/pause 1000/faceDirection Sam 0/pause 800/speak Sam \"โอ้ สวัสดี @! เซบาสเตียนกับฉันมีปัญหา ที่ตกลงกันไม่ได้นิดหน่อยน่ะ\"/move farmer 0 3 1/faceDirection Sam 3/faceDirection Sebastian 3/speak Sam \"พวกเราพยายามจะตั้ง วงดนตรีแต่ยังนึกไม่ออกเลย ว่าจะเล่นดนตรีแนวไหนดี มันมีหลายแนวน่ะ\"/pause 500/emote Sebastian 28/faceDirection Sam 2/pause 500/emote Sam 16/faceDirection Sam 3/speak Sam \"#$q 76 null# @... บอกหน่อยสิเธอชอบ ดนตรีแนวไหนเหรอ?#$r 76 50 Event_band1#ดนตรีป๊อปอารมณ์ดี#$r 77 50 Event_band1#ร็อคบอกเล่าประสบการณ์#$r 78 50 Event_band1#เพลงแดนซ์กระจาย#$r 79 50 Event_band1#เพลงคันทรี่ง่ายๆ\"/move Sam 0 2 1/speak Sam \"นายว่าไงเซบ? เราทำแบบนั้นได้ไหม?\"/pause 300/faceDirection Sebastian 0/pause 300/faceDirection Sebastian 3/speak Sebastian \"...โอเค\"/pause 500/faceDirection Sam 0/move Sam 0 -2 3/speak Sam \"ขอบคุณสำหรับ ความช่วยเหลือนะ @ ด้วยสกิลกีตาร์ขั้นเทพของฉัน และเซบาสเตียน มือคีย์บอร์ดนิ้วพ่อมด เราจะสร้างมันให้สำเร็จ จนคนต้องกรีดร้อง เราทำมันได้แน่!$h\"/faceDirection Sam 2/speak Sam \"แต่ตอนนี้ เราจะต้องหาใครสักคน มาเล่นกลองให้เราก่อน...$u\"/pause 500/end",
  "46/f Sam 1000/p Sam": "playful/7 4/farmer 7 12 0 Sam 7 5 0 Jodi 17 7 0/skippable/move farmer 0 -6 0/faceDirection Sam 2/pause 300/speak Sam \"โอ้ สวัสดี @ ฉันแค่กำลังหาขนมอยู่น่ะ\"/pause 500/speak Sam \"นี่ไง ฉันมีอะไรจะให้เธอด้วย\"/faceDirection Sam 0/pause 500/playSound openBox/pause 500/faceDirection Sam 3/playSound dwop/specificTemporarySprite dropEgg/showFrame Sam 33/jump Sam/pause 1000/emote Sam 12/showFrame Sam 12/speak Sam \"โอ้ ชิบ... งานเข้าแล้ว$s\"/speed Jodi 4/move Jodi -10 0 0/speak Jodi \"เสียงอะไรแตกน่ะ?\"/emote Jodi 16/speak Jodi \"*ห๊าาา*$s\"/move Jodi -1 0 0/move Jodi 0 -1 0/speak Jodi \"นี่มันไม่ใช่เรื่องดีแน่ๆ! เกิดอะไรขึ้น?$u\"/speak Sam \"$q 80 null#...บอกเธอไปสิ @$s#$r 80 -10 event_snack1#แซมจะเอาขนมให้ฉัน แล้วเขาทำมันตก#$r 80 50 event_snack2#แซมส่งขนมให้ แล้วฉันทำมันตก#$r 81 -50 event_snack3#แซมตั้งใจโยนมัน เขาคิดว่ามันน่าจะสนุก\"/pause 300/speak Jodi \"$p 80#ขอบใจที่พูดความจริงกับฉันนะ @ มันไม่ใช่เรื่องใหญ่ อะไรหรอก|ลูกทำอะไรน่ะแซม?! อะไรเข้าสิงลูกกัน?!$u\"/faceDirection Jodi 0/speak Sam \"ผมขอโทษครับแม่ เดี๋ยวผมจะ ทำความสะอาดมันเอง$s\"/emote Jodi 20/speak Jodi \"โอเค ลูกรัก$h\"/move Jodi 0 1 1/move Jodi 1 0 2 /faceDirection Sam 2 true/move Jodi 0 7 2 true/globalFade/viewport -1000 -1000/end dialogue Sam \"$p 81#ฉันล่ะโกรธเธอจริงๆ ฉันคิดไม่ออกเลยว่า ทำไมเธอเป็นคนชอบโกหก แบบนี้$s|เสียใจกับสิ่งที่ผ่านมาจริงๆ\"",
  "100/f Kent 750/p Kent/p Jodi": "none/6 5/farmer 7 12 0 Jodi 5 5 0 Kent 7 16 2/skippable/playSound cowboy_monsterhit/move farmer 0 -3 0/playSound cowboy_monsterhit/move farmer 0 -2 0/playSound cowboy_monsterhit/move farmer 0 -1 0/playSound cowboy_monsterhit/move farmer 0 -1 3/playSound cowboy_monsterhit/pause 200/faceDirection Jodi 1/speak Jodi \"สวัสดีจ้ะ @! ฉันกำลังทำป๊อปคอร์นอยู่$h\"/pause 50/playSound cowboy_monsterhit/pause 79/playSound cowboy_monsterhit/pause 100/playSound cowboy_monsterhit/pause 26/playSound cowboy_monsterhit/pause 39/playSound cowboy_monsterhit/pause 50/playSound cowboy_monsterhit/pause 110/playSound cowboy_monsterhit/pause 59/playSound cowboy_monsterhit/speak Kent \"อ๊ากกกกกกกก!!!$u\"/faceDirection Jodi 2 true/faceDirection farmer 2 true/speed Kent 4/playSound cowboy_monsterhit/move Kent 0 -1 0/speed Kent 4/playSound cowboy_monsterhit/move Kent 0 -2 0/speed Kent 4/playSound cowboy_monsterhit/move Kent 0 -1 0/speed Kent 4/playSound cowboy_monsterhit/move Kent 0 -2 0/speed Kent 4/playSound cowboy_monsterhit/move Kent 0 -1 0/speed Kent 4/playSound cowboy_monsterhit/move Kent 0 -3 0/playSound cowboy_monsterhit/pause 50/playSound cowboy_monsterhit/pause 100/playSound cowboy_monsterhit/pause 80/playSound cowboy_monsterhit/speak Kent \"เสียงนั้นมัน...$s\"/playSound cowboy_monsterhit/pause 70/playSound cowboy_monsterhit/pause 100/playSound cowboy_monsterhit/pause 180/playSound cowboy_monsterhit/emote Kent 12/faceDirection Kent 3/speak Kent \"คุณน่าจะรู้ไว้นะ เสียงนั่นมันทำให้ผมนึกถึง ตอนที่อยู่กลางสมรภูมิ!$u\"/pause 50/playSound cowboy_monsterhit/pause 75/playSound cowboy_monsterhit/faceDirection Jodi 0/playSound openBox/pause 400/faceDirection Jodi 2/pause 500/playMusic desolate/faceDirection Kent 2/pause 800/showFrame Kent 16/pause 800/speak Kent \"...ผมเสียเพื่อนดีๆ ไปมากมายในที่ๆ โหดร้ายนั่น$s\"/pause 800/emote Jodi 28/pause 500/speak Jodi \"แต่ ที่รัก... ป๊อปคอร์นคือสิ่งที่คุณชอบนะ ก่อนที่คุณจะไปที่นั่น$s\"/pause 500/showFrame Kent 0/pause 500/pause 800/speak Kent \"...หลายๆ อย่างมันเปลี่ยนไป\"/pause 600/faceDirection Jodi 1/pause 400/move Jodi 1 0 1/speak Jodi \"*กระซิบ* @... บอกอะไรเขาหน่อยได้ไหม?$s\"/pause 300/faceDirection farmer 3/pause 500/faceDirection farmer 2/pause 500/faceDirection Kent 0/pause 300/speak Kent \"$q 215 null#(พูดบางอย่างกับเคนท์)$s#$r 215 -25 event_popcorn1#โจดี้ควรโดนตำหนิ... เธอน่าจะเข้าใจกว่านี้!#$r 215 50 event_popcorn2#ฉันรู้ว่าคุณเจ็บปวด... แต่ก็อย่าไปตำหนิภรรยาคุณสิ#$r 215 -50 event_popcorn3#(โกหก) ตำหนิฉันดีกว่า... ฉันเป็นคนที่ อยากกินมันเอง\"/pause 900/faceDirection Kent 2/pause 700/emote Kent 28/pause 600/speak Kent \"...$s#$b#ผมขอโทษที่รัก คุณคงจะไม่รู้หรอก ว่าเสียงนั่นมันทำให้ผม รู้สึกแย่ขนาดไหน\"/pause 700/move Jodi 0 1 1/speak Jodi \"ไม่เป็นไรหรอก ที่รัก$s#$b#การทำให้คุณรู้สึกแย่ จะเป็นสิ่งสุดท้ายที่ฉันจะทำ ฉันจะทำให้ดีที่สุด เพื่อให้คุณกลับมาร่าเริง เหมือนเดิมนะ\"/pause 500/faceDirection Kent 3/pause 1000/end dialogue Kent \"ฉันดีใจที่ครอบครัวเรา มีเธอเป็นเพื่อนนะ @ ขอโทษกับพฤติกรรม ของฉันด้วย\"",
  "stayPut": "playMusic musicboxsong/pause 1800/move Sam 1 0 1/pause 1200/move Sam 1 0 1/positionOffset Sam 2 0/positionOffset farmer -2 0/pause 50/positionOffset Sam 2 0/positionOffset farmer -2 0/pause 50/positionOffset Sam 2 0/positionOffset farmer -2 0/pause 50/positionOffset Sam 2 0/positionOffset farmer -2 0/pause 50/animate farmer true true 100 101/showFrame Sam 36/pause 3000/speak Sam \"ฉันรู้มาเสมอว่ามีบางอย่าง ที่พิเศษระหว่างเรา...$l\"/globalFade/viewport -1000 -1000/pause 7000/speak Sam \"ฉันจะจดจำคืนนี้ ไปอีกนานแสนนานเลย...$l\"/pause 1000/end dialogue Sam \"...$l\"",
  "rejectSam": "pause 800/move farmer 0 3 2/faceDirection Sam 2/pause 800/showFrame Sam 37/emote Sam 28/speak Sam \"อืมม...$s\"/pause 800/faceDirection Sam 0/speak Sam \"ฉันขอโทษ... ฉันคิดผิดไปจริงๆ ไว้เจอกันใหม่นะ$7\"/move farmer 0 2 2/warp farmer -1000 -1000/playSound woodyStep/pause 1000/end dialogue Sam \"...$s\""
}
