{
  "decorate": "speak Haley \"ตกแต่งห้องเหรอ?$s#$b#อืม โอเค$u\"/faceDirection Haley 1/speak Haley \"นั่นคือที่ดีที่สุดที่เธอ คิดได้ว่าจะทำตอนนี้อะนะ? ที่นี่... ในห้องเล็กๆ มืดๆ กับฉันเนี่ยนะ?$u#$b#น่าสนใจแหะ$u\"/faceDirection farmer 0/faceDirection Haley 2/showFrame Haley 22/pause 1000/end dialogue Haley \"ก็นะ ตอนนี้ห้องล้างรูปดูดีแล้ว... ขอบใจมาก @$u\"",
  "leave": "speak Haley \"โอ้ เธอต้องไปแล้วเหรอ?$s#$b#โอเค... ก็ได้ บาย$s\"/pause 500/move farmer 0 1 1/faceDirection Haley 2 true/move farmer 1 0 2/move farmer 0 1 2/playSound doorClose/warp farmer -1000 -1000/pause 1000/showFrame Haley 22/pause 1000/speak Haley \"ว้าว... ฉันไม่คิดเลย ว่าเขาจะหัวทึบขนาดนี้$s^ว้าว... ฉันไม่คิดเลย ว่าเธอจะหัวทึบขนาดนี้$s\"/end dialogue Haley \"ฉันนึกว่าเธอมีอะไรสำคัญ ที่ต้องไปทำซะอีก...$u\"",
  "tooBold": "showFrame 6/playMusic none/positionOffset farmer -8 0/positionOffset Elliott 8 0/showFrame Elliott 12/jump Elliott/pause 1000/faceDirection Elliott 1/pause 1000/end dialogue Elliott \"ฉันอายมากเลย...$8\"",
  "poppy": "pause 100/speak Sam \"ไง! ทุกคน พวกเรามาจาก เมืองเพลิแกน... อ่า... และ พวกเราชื่อว่า 'เดอะ เพลิแกนส์'$8\"/speak Sam \"$p 20#เพลงนี้เกี่ยวกับการทำฟาร์ม การลงเหมือง และการตัดไม้|$p 8820#เพลงนี้เกี่ยวกับเมือง ที่อยู่ในทะเล|$p 8821#เพลงนี้เกี่ยวกับรถไฟ|เอาละนะ...$8\"/playMusic samBand/animate Abigail false true 118 49 34 35 48/pause 1890/animate Sam false true 236 20 21/animate Sebastian false true 118 42 43 52 53/animate Vincent false true 236 20 8 21 8/animate Emily false true 236 16 17/animate Leah false true 236 30 31/animate Elliott false true 236 36 37/animate Maru false true 236 29 30/pause 31000/jump Sam/pause 400/animate Sam false true 236 22 23/pause 28500/stopAnimation Sam/stopAnimation Sebastian/stopAnimation Abigail/pause 800/stopAnimation Vincent/stopAnimation Elliott/stopAnimation Leah/stopAnimation Maru/stopAnimation Emily/speak Emily \"$p 78#ว้าววว! เสียงอิเล็กทรอนิกส์นั่น ไม่เหมือนใครจริงๆ!$h|วู้ววววววว! นั่นมันยอดไปเลย!$h\"/speak Leah \"$p 79#มันเยี่ยมจริงๆ! มันเป็นแนวใหม่ของ ฮ้องกีท้องค์!|เจ๋งจริงๆ พวกนาย!$h\"/speak Shane \"$p 77#ฉันชอบท่อนหนักๆ ก่อนจะจบจริงๆ|ฉันชอบท่อนเบสมากๆ\"/move Sam 1 0 2/speak Sam \"ขอบคุณทุกคน!$h#$b#แต่พวกคุณต้องปรบมือให้ @ ต่างหาก! ไม่มีความช่วยเหลือของเขา พวกเราก็ไม่รู้จะ ทำเพลงอะไรแต่แรกด้วยซ้ำ!^แต่พวกคุณต้องปรบมือให้ @ ต่างหาก! ไม่มีความช่วยเหลือของเธอ พวกเราก็ไม่รู้จะ ทำเพลงอะไรแต่แรกด้วยซ้ำ!\"/faceDirection Sam 2/faceDirection Leah 3/faceDirection Penny 1/faceDirection farmer 3/speak Penny \"งั้นเธอก็เป็นเหมือน สมาชิกพิเศษของวงสินะ?$h\"/pause 300/faceDirection Penny 0 true/faceDirection Leah 0/faceDirection farmer 0 true/move Sam -1 0 2/speak Sam \"โอ้! และอย่าลืม ซื้อเทปเดโมของพวกเรา ตรงทางออก แค่ 10g เท่านั้น!\"/pause 1000/mail afterSamShow/globalFade/viewport -1000 -1000/pause 4000/speak Sam \"จบลงไปด้วยดี! ขอบคุณอีกครั้งที่ มารับชมพวกเรา$h\"/end dialogue Sam \"เฮ้ การแสดงมันยอดเยี่ยมมาก! ขอบคุณอีกรอบนะ @\"",
  "heavy": "pause 100/speak Sam \"เฮ้! ทุกคน พวกเรามาจาก เมืองเพลิแกน... อ่า... เรียกพวกเราว่า 'ก็อบลินเดสทรอยเยอร์'$8\"/speak Sam \"$p 20#เพลงนี้เกี่ยวกับทำฟาร์ม การลงเหมือง และการตัดไม้|$p 8820#เพลงนี้เกี่ยวกับเมือง ที่อยู่ในทะเล|$p 8821#เพลงนี้เกี่ยวกับรถไฟ|ลุยกันเลย...$8\"/playMusic samBand/animate Abigail false true 125 49 34 35 48/pause 2500/animate Sam false true 250 20 21/animate Sebastian false true 125 42 43 52 53/animate Vincent false true 250 20 8 21 8/animate Emily false true 250 16 17/animate Leah false true 250 30 31/animate Elliott false true 250 36 37/animate Maru false true 250 29 30/pause 31500/jump Sam/pause 500/animate Sam false true 236 22 23/pause 15000/stopAnimation Sam/stopAnimation Sebastian/stopAnimation Abigail/pause 700/animate Abigail false true 250 49 34 35 48/animate Sam false true 500 20 21/animate Sebastian false true 250 42 43 52 53/pause 10000/stopAnimation Sam/stopAnimation Sebastian/stopAnimation Abigail/pause 800/stopAnimation Vincent/stopAnimation Elliott/stopAnimation Leah/stopAnimation Maru/stopAnimation Emily/speak Emily \"$p 78#ว้าววว! เสียงอิเล็กทรอนิกส์นั่น ไม่เหมือนใครจริงๆ !$h|วู้วววววว! นั่นมันยอดไปเลย!$h\"/speak Leah \"$p 79#มันเยี่ยมจริงๆ! มันเป็นแนวใหม่ของ ฮ้องกีท้องค์!|เจ๋งจริงๆพวกนนาย!$h\"/speak Shane \"$p 77#ฉันชอบท่อนหนักๆ ก่อนจะจบจริงๆ|ฉันสนุกกับเสียงเบสมากๆ\"/move Sam 1 0 2/speak Sam \"ขอบคุณทุกคน!$h#$b#แต่พวกคุณต้องปรบมือให้ @ ต่างหาก! ไม่มีความช่วยเหลือของเขา พวกเราก็ไม่รู้จะ ทำเพลงอะไร แต่แรกด้วยซ้ำ!^แต่พวกคุณต้องปรบมือให้ @ ต่างหาก! ไม่มีความช่วยเหลือของเธอ พวกเราก็ไม่รู้จะ ทำเพลงอะไร แต่แรกด้วยซ้ำ!\"/faceDirection Sam 2/faceDirection Leah 3/faceDirection Penny 1/faceDirection farmer 3/speak Penny \"งั้นเธอก็เป็นเหมือนสมาชิกพิเศษ ของวงสินะ?$h\"/pause 300/faceDirection Penny 0 true/faceDirection Leah 0/faceDirection farmer 0 true/move Sam -1 0 2/speak Sam \"โอ้! และอย่าลืม ซื้อเทปเดโมของพวกเรา ตรงทางออก แค่ 10g เท่านั้น!\"/pause 1000/mail afterSamShow/globalFade/viewport -1000 -1000/pause 4000/speak Sam \"จบลงไปด้วยดี! ขอบคุณอีกครั้งที่มารับชมพวกรา$h\"/end dialogue Sam \"เฮ้ การแสดงมันยอดเยี่ยมมาก! ขอบคุณอีกครั้ง @\"",
  "techno": "pause 100/speak Sam \"ไง! ทุกคน พวกเรามาจาก เมืองเพลิแกน... เอ่อ... และ เรียกพวกเราว่า 'เซนอน ชิป 3.0'$8\"/speak Sam \"$p 20#เพลงนี้เกี่ยวกับฟาร์ม เหมือง การตัดไม้|$p 8820#เพลงนี้เกี่ยวกับเมือง ที่อยู่ในทะเล|$p 8821#เพลงนี้เกี่ยวกับรถไฟ|ไปกันเลย...$8\"/playMusic samBand/faceDirection Sam 1 true/pause 1200/animate Sebastian false true 158 42 43 52 53/pause 10100/animate Emily false true 316 16 17/animate Vincent false true 316 20 8 21 8/faceDirection Sam 3 true/animate Abigail false true 158 49 34 35 48/pause 9100/faceDirection Sam 2 true/showFrame Sam 20/pause 1000/animate Sam false true 316 20 21/animate Leah false true 316 30 31/animate Elliott false true 316 36 37/animate Maru false true 316 29 30/pause 20000/jump Sam/pause 400/animate Sam false true 316 22 23/pause 19000/stopAnimation Sam/stopAnimation Sebastian/stopAnimation Abigail/pause 800/stopAnimation Vincent/stopAnimation Elliott/stopAnimation Leah/stopAnimation Maru/stopAnimation Emily/speak Emily \"$p 78#ว้าววว! ว้าววว! เสียงอิเล็กทรอนิกส์นั่น ไม่เหมือนใครจริงๆ!$h|ว๊าากกกกก! เยี่ยมจริงๆ!$h\"/speak Leah \"$p 79#มันเยี่ยมจริงๆ! มันเป็นแนวใหม่ของ ฮ้องกีท้องค์!|เจ๋งจริงๆพวกนนาย!$h\"/speak Shane \"$p 77#ฉันชอบท่อนหนักๆ ก่อนจะจบจริงๆ|ฉันสนุกกับเสียงเบสมากๆ\"/move Sam 1 0 2/speak Sam \"ขอบคุณทุกคน!$h#$b#แต่พวกคุณต้องปรบมือให้ @! ไม่มีความช่วยเหลือของเขา พวกเราก็ไม่มีเพลงเปิดตัว ในวันนี้!^แต่พวกคุณต้องปรบมือให้ @! ไม่มีความช่วยเหลือของเธอ พวกเราก็ไม่มีเพลงเปิดตัว ในวันนี้!\"/faceDirection Sam 2/faceDirection Leah 3/faceDirection Penny 1/faceDirection farmer 3/speak Penny \"เธอเป็นเหมือนสมาชิกสำคัญ ของวงเลยเนอะ?$h\"/pause 300/faceDirection Penny 0 true/faceDirection Leah 0/faceDirection farmer 0 true/move Sam -1 0 2/speak Sam \"โอ้! และอย่าลืม ซื้อเทปเดโมของพวกเรา ตรงทางออก แค่ 10g เท่านั้น!\"/pause 1000/mail afterSamShow/globalFade/viewport -1000 -1000/pause 4000/speak Sam \"จบลงไปด้วยดี! ขอบคุณอีกครั้งที่ มารับชมพวกเรา$h\"/end dialogue Sam \"เฮ้ การแสดงมันยอดเยี่ยมมาก! ขอบคุณอีกครั้ง @\"",
  "honkytonk": "pause 100/speak Sam \"ไง! ทุกคน พวกเรามาจา กเมืองเพลิแกน... เอ... และ เรียกพวกเราว่า 'ดิ อัลฟัลฟ่าส์'$8\"/speak Sam \"$p 20#เพลงนี้เกี่ยวกับฟาร์ม เหมือง การตัดไม้|$p 8820#เพลงนี้เกี่ยวกับเมือง ที่อยู่ในทะเล|$p 8821#เพลงนี้เกี่ยวกับรถไฟ|ไปกันเลย...$8\"/playMusic samBand/pause 1200/pause 1666/animate Sebastian false true 104 42 43 52 53/pause 1666/animate Sam false true 208 20 21/animate Vincent false true 208 20 8 21 8/animate Emily false true 208 16 17/animate Leah false true 208 30 31/animate Elliott false true 208 36 37/animate Maru false true 208 29 30/pause 26000/animate Sam false true 208 22 23/pause 12500/animate Abigail false true 104 49 34 35 48/jump Sam/pause 400/animate Sam false true 208 20 21/pause 17500/stopAnimation Sam/stopAnimation Sebastian/stopAnimation Abigail/pause 800/stopAnimation Vincent/stopAnimation Elliott/stopAnimation Leah/stopAnimation Maru/stopAnimation Emily/speak Emily \"$p 78#ว้าววว! ว้าววว! เสียงอิเล็กทรอนิกส์นั่น ไม่เหมือนใครจริงๆ !$h|ว๊าากกกกก! เยี่ยมจริงๆ!$h\"/speak Leah \"$p 79#มันเยี่ยมจริงๆ! มันเป็นแนวใหม่ของ ฮ้องกีท้องค์!|เจ๋งจริงๆพวกนนาย!$h\"/speak Shane \"$p 77#ฉันชอบท่อนหนักๆ ก่อนจะจบจริงๆ|ฉันสนุกกับเสียงเบสมากๆ\"/move Sam 1 0 2/speak Sam \"ขอบคุณทุกคน!$h#$b#แต่พวกคุณต้องปรบมือให้ @! ไม่มีความช่วยเหลือของเขา พวกเราก็ไม่มีเพลงเปิดตัว ในวันนี้!^แต่พวกคุณต้องปรบมือให้ @! ไม่มีความช่วยเหลือของเธอ พวกเราก็ไม่มีเพลงเปิดตัว ในวันนี้!\"/faceDirection Sam 2/faceDirection Leah 3/faceDirection Penny 1/faceDirection farmer 3/speak Penny \"เธอเป็นเหมือนสมาชิกสำคัญ ของวงเลย เนอะ?$h\"/pause 300/faceDirection Penny 0 true/faceDirection Leah 0/faceDirection farmer 0 true/move Sam -1 0 2/speak Sam \"โอ้! และอย่า ลืมซื้อเทปเดโมของพวกเรา ตรงทางออก แค่ 10g เท่านั้น!\"/pause 1000/mail afterSamShow/globalFade/viewport -1000 -1000/pause 4000/speak Sam \"จบลงไปด้วยดี! ขอบคุณอีกครั้งที่ มารับชมพวกเรา$h\"/end dialogue Sam \"เฮ้ การแสดงมันยอดเยี่ยมมาก! ขอบคุณอีกครั้ง @\""
}
