{
  "abigail_videogames": "อ๊ากก... ฉันตายอีกแล้ว! เกมนี้มันยากไปนะ...$u",
  "haley_photo": "%เฮลีย์ยุ่งอยู่กับการถ่ายภาพ มากเกินกว่า จะสังเกตเห็นคุณ",
  "harvey_radio": "%ฮาร์วีย์ดูเหมือนกำลังยุ่งๆอยู่",
  "harvey_examine_left": "เอาละอยู่นิ่งๆ นะ... แล้วหายใจเข้าลึกๆ$u",
  "alex_lift_weights": "ฮึบบ... อย่าชวนคุย$6",
  "robin_dance": "%โรบินกำลังยุ่งอยู่",
  "demetrius_dance": "%ดิมีเทรียสกำลังยุ่งอยู่",
  "demetrius_read": "พวกเราซึ่งอยู่ใน สตาร์ดิวแวลลีย์ ถูกแยกออกจากโลกภายนอก อย่างสิ้นเชิง แต่บางทีนั่นอาจจะ เป็นเรื่องที่ดีก็ได้นะ",
  "emily_exercise": "การออกกำลังกาย ก็สนุกได้นะ!",
  "robin_exercise": "แขนของฉันมันแข็งแรงแล้ว... *แฮ่ก*... แต่ขาของฉันยังต้องฝึกอีก... *ฮึบ*",
  "caroline_exercise": "อย่ามองนะ! ตอนนี้ฉันหน้าแดง แล้วก็เหงื่อท่วมตัวไปหมดแล้ว$s",
  "shane_work": "%เชนกำลังตั้งใจทำงานอยู่ ดูเหมือนว่าเขาไม่สนใจที่จะพูดคุยด้วย",
  "marnie_exercise": "%มานีส่งยิ้มมาให้คุณ ผ่านใบหน้าที่เต็มไปด้วยหยาดเหงื่อ",
  "jodi_exercise": "อึ๊ก... หายใจเข้า.... อึ๊ก.... หายใจออก$4",
  "vincent_read_right": "ครูเพนนีบอกว่า ผมต้องอ่านหนังสือเล่มนี้ก่อน ถึงจะออกไปเล่นได้$s",
  "penny_wave_left": "ถึงเมืองนี้จะปลอดภัย แต่ยังไงฉันก็เดินไปส่งเด็กๆ กลับบ้านเป็นประจำอยู่ดี",
  "sam_guitar": "%แซมกำลังยุ่งอยู่กับการซ้อมกีตาร์",
  "sam_gameboy": "แปปนะ... ขอฉันผ่านด่านนี้ให้ได้ก่อน$7",
  "sam_skateboarding": "%แซมกำลังพยายาม หมุนแผ่นสเก็ตบอร์ดก่อนลงพื้น",
  "sam_pool": "$c .5#ฮืมม... ถ้าฉันแทงให้ลูกนี้ หมุนไปข้างหน้านิดนึง บางทีฉันอาจจะทำได้...$7#$e#*เฮ้อ*... ฉันไม่ค่อยได้เรื่องเลย$s",
  "sam_work": "%แซมกำลังทำงานแข่งกับเวลาอยู่... อย่าไปทำเขาตกที่นั่งลำบากเลย"
}
