{
  "AncientStool_Name": "Ancient Stool",
  "AncientStool_Description": "(ม้านั่งโบราณ) กลิ่นมันเหมือน ห้องของคุณยาย",
  "AncientTable_Name": "Ancient Table",
  "AncientTable_Description": "(โต๊ะโบราณ) โต๊ะที่ถูกปกคลุม ไปด้วยใยแมงมุมหนาเตอะ",
  "AutoGrabber_Name": "Auto-Grabber",
  "AutoGrabber_Description": "(เครื่องเก็บเกี่ยวอัตโนมัติ) เก็บเกี่ยวผลผลิตจากสัตว์ของคุณ โดยอัตโนมัติในทุกๆ เช้า",
  "AutoPetter_Name": "Auto-Petter",
  "AutoPetter_Description": "(เครื่องดูแลสัตว์เลี้ยงอัตโนมัติ) โจจ้าคอร์เปอร์เรชั่น ได้จดสิทธิบัตรของเทคโนโลยีนี้ สำหรับการใช้งานในโรงนา เพื่อช่วยเพิ่มความเพลิดเพลิน ให้กับสัตว์เลี้ยงของคุณ แต่ยังไงก็ไม่สามารถแทนที่ การเอาใจใส่จากผู้เลี้ยงได้ การลูบสัตว์เลี้ยงด้วยมือนั้น ช่วยส่งเสริมปฏิสัมพันธ์ด้านอื่นๆ ด้วย",
  "Barrel_Name": "Barrel",
  "Barrel_Description": "...",
  "BarrelBrazier_Name": "Barrel Brazier",
  "BarrelBrazier_Description": "(กระถางไฟถังไม้) ให้แสงสว่าง",
  "BasicLog_Name": "Basic Log",
  "BasicLog_Description": "(ขอนไม้) ชิ้นส่วนตกแต่งสำหรับฟาร์มของคุณ",
  "BeeHouse_Name": "Bee House",
  "BeeHouse_Description": "(บ้านผึ้ง) วางไว้นอกบ้าน แล้วรอน้ำผึ้งแสนอร่อย! (ยกเว้นฤดูหนาว)",
  "BigGreenCane_Name": "Big Green Cane",
  "BigGreenCane_Description": "(ไม้เท้าสีเขียวอันใหญ่) ชิ้นส่วนตกแต่งสำหรับฟาร์มของคุณ",
  "BigRedCane_Name": "Big Red Cane",
  "BigRedCane_Description": "(ไม้เท้าสีแดงอันใหญ่) ชิ้นส่วนตกแต่งสำหรับฟาร์มของคุณ",
  "BoneMill_Name": "Bone Mill",
  "BoneMill_Description": "(เครื่องบดกระดูก) เปลี่ยนกระดูกให้เป็นปุ๋ย",
  "Bonfire_Name": "Bonfire",
  "Bonfire_Description": "(กองไฟ) กองถ่านสีแดง ที่เรืองแสงอย่างนุ่มนวล",
  "Bongo_Name": "Bongo",
  "Bongo_Description": "(กลองบองโก) อุปกรณ์เข้าจังหวะ ที่มีเสียงอันไพเราะ",
  "Bookcase_Name": "Bookcase",
  "Bookcase_Description": "(ชั้นหนังสือ) ชั้นสำหรับ เก็บหนังสือ",
  "Boulder_Name": "Boulder",
  "Boulder_Description": "(ก้อนหิน) หินที่มีความหนาแน่นสูง",
  "Camera_Name": "Camera",
  "Camera_Description": "(กล้องถ่ายรูป) กล้องถ่ายรูปเก่าๆ ที่อยู่บนขาตั้งกล้อง",
  "Campfire_Name": "Campfire",
  "Campfire_Description": "(กองไฟ) ให้แสงสว่าง",
  "Campfire_2_Name": "Campfire",
  "Campfire_2_Description": "(กองไฟ) ทำอาหารได้ทุกที่!",
  "CarvedBrazier_Name": "Carved Brazier",
  "CarvedBrazier_Description": "(กระถางไฟไม้แกะสลัก) ให้แสงสว่าง",
  "Cask_Name": "Cask",
  "Cask_Description": "(ถังบ่ม) ใช้ในห้องใต้ดิน กับผลิตผลที่มีอายุ เช่น ไวน์และชีส",
  "CharcoalKiln_Name": "Charcoal Kiln",
  "CharcoalKiln_Description": "(เตาเผาถ่าน) เปลี่ยนไม้ 10 ชิ้น ให้กลายเป็นถ่าน",
  "CheesePress_Name": "Cheese Press",
  "CheesePress_Description": "(เครื่องทำเนยแข็ง) ทำเนยแข็งจากนม",
  "Chest_Name": "Chest",
  "Chest_Description": "(หีบเก็บของ) ใช้สำหรับเก็บสิ่งของต่างๆ",
  "ChickenStatue_Name": "Chicken Statue",
  "ChickenStatue_Description": "(ไก่ไม้แกะสลัก) ไม้แกะสลัก ที่สร้างเป็นรูปไก่",
  "CoffeeMaker_Name": "Coffee Maker",
  "CoffeeMaker_Description": "(เครื่องชงกาแฟ) ชงกาแฟสดใหม่ทุกเช้า โดยอัตโนมัติ",
  "Crate_Name": "Crate",
  "Crate_Description": "...",
  "Crystalarium_Name": "Crystalarium",
  "Crystalarium_Description": "(เครื่องคัดลอกอัญมณี) ใส่อัญมณีที่ต้องการลงไป แล้วเครื่องจะคัดลอกอัญมณี ออกมาเอง",
  "CursedPKArcadeSystem_Name": "Cursed P.K. Arcade System",
  "CursedPKArcadeSystem_Description": "มีบางอย่างไม่ถูกต้องกับ Prairie King Arcade System...",
  "DarkSign_Name": "Dark Sign",
  "DarkSign_Description": "(ป้ายแห่งความมืด) วางไอเทมบนป้ายเพื่อแสดงรูปไอเทมนั้น บนป้ายแต่ไอเทมจะไม่ลดจำนวนลง",
  "DeadTree_Name": "Dead Tree",
  "DeadTree_Description": "(ต้นไม้ตาย) มันแข็งจนเป็นหิน มานานมากแล้ว ช่างน่าสงสารจริงๆ",
  "Deconstructor_Name": "Deconstructor",
  "Deconstructor_Description": "(เครื่องแยกชิ้นส่วน) ใช้ทำลายไอเทมคราฟ และจะได้รับวัตถุดิบที่มีประโยนช์กลับคืนมา",
  "DecorativePitcher_Name": "Decorative Pitcher",
  "DecorativePitcher_Description": "(เหยือกทองเหลือง) มันเป็นของทำมือ ทำมาจากทองเหลือง",
  "DecorativeSpears_Name": "Decorative Spears",
  "DecorativeSpears_Description": "(หอก) ไม่ใช่ของตบแต่ง ที่ปลอดภัยมากนัก",
  "DeluxeScarecrow_Name": "Deluxe Scarecrow",
  "DeluxeScarecrow_Description": "(หุ่นไล่กาแบบพิเศษ) ป้องกันผืชผล ไม่ให้ถูกอีกากิน (มีผลระยะ 16 \"ช่อง\")",
  "Door_Name": "Door",
  "Door_Description": "(ประตู) กลไกที่ซ่อนอยู่ จะทำให้มันลงไปในพื้น",
  "DriedSunflowers_Name": "Dried Sunflowers",
  "DriedSunflowers_Description": "(ดอกทานตะวันแห้ง) ของตกแต่งบ้าน ที่ช่วยให้บ้านมีสีสันสดใส",
  "EmptyCapsule_Name": "Empty Capsule",
  "EmptyCapsule_Description": "(หลอดทดลองเปล่า) มันมีรอยแตก อยู่ตรงกระจก",
  "FancyTable_Name": "Fancy Table",
  "FancyTable_Description": "(โต๊ะแฟนซี) โต๊ะกลม ที่ถูกผลิตมาอย่างดี",
  "FarmComputer_Name": "Farm Computer",
  "FarmComputer_Description": "(คอมพิวเตอร์) สแกนฟาร์มและแสดงข้อมูลที่เป็นประโยชน์",
  "FeedHopper_Name": "Feed Hopper",
  "FeedHopper_Description": "(เครื่องดึงหญ้า) มันดึงหญ้ามาจาก ยุ้งฉางได้โดยตรง",
  "Foroguemon_Name": "??Foroguemon??",
  "Foroguemon_Description": "??Foroguemon??",
  "Furnace_Name": "Furnace",
  "Furnace_Description": "(เตาหลอม) หลอมก้อนแร่ให้กลายเป็นแท่ง โดยใช้ถ่านหินเป็นเชื้อเพลิง",
  "GardenPot_Name": "Garden Pot",
  "GardenPot_Description": "(กระถางต้นไม้) ปลูกพืชผลทุกฤดูเมื่ออยู่ในร่ม นอกบ้านสามารถปลูกพืชตาม ฤดูกาลได้เท่านั้น",
  "GeodeCrusher_Name": "Geode Crusher",
  "GeodeCrusher_Description": "(เครื่องบดจีโอด) ผ่าเปิดจีโอด(Geode) อัตโนมัติ",
  "GoldBrazier_Name": "Gold Brazier",
  "GoldBrazier_Description": "(กระถางไฟทองคำ) ให้แสงสว่าง",
  "GrandfatherClock_Name": "Grandfather Clock",
  "GrandfatherClock_Description": "(นาฬิกาเจ้าคุณปู่) มันเก่ามาก... แล้วดูเหมือนลูกตุ้มนั่น จะถูกสนิมกินจนขยับไม่ได้แล้ว",
  "GraveStone_Name": "Grave Stone",
  "GraveStone_Description": "(ป้ายหลุมศพ) ชิ้นส่วนตกแต่งสำหรับฟาร์มของคุณ",
  "GreenCanes_Name": "Green Canes",
  "GreenCanes_Description": "(ไม้เท้าสีเขียว) ชิ้นส่วนตกแต่งสำหรับฟาร์มของคุณ",
  "Heater_Name": "Heater",
  "Heater_Description": "(เครื่องทำความร้อน) ช่วยให้สัตว์อบอุ่น และมีความสุข ท่ามกลางฤดูหนาว",
  "HeavyTapper_Name": "Heavy Tapper",
  "HeavyTapper_Description": "(เครื่องเจาะต้นไม้พลังสูง) ใช้เจาะติดกับต้นเมเปิ้ล ต้นโอ๊ก หรือต้นสน เพื่อรองรับผลิตภัณฑ์จากต้นไม้เหล่านั้น! ทำงานได้รวดเร็วกว่าเครื่องเจาะต้นไม้ทั่วไป ถึง 2 เท่า",
  "HMTGF_Name": "??HMTGF??",
  "HMTGF_Description": "??HMTGF??",
  "Hopper_Name": "Hopper",
  "Hopper_Description": "(ฮอปเปอร์) สิ่งของที่วางอยู่ภายใน จะถูกส่งต่อเข้าไปใน เครื่องที่อยู่ด้านหน้าโดยอัตโนมัติ",
  "HousePlant_Name": "House Plant",
  "HousePlant_Description": "(ต้นไม้ประดับ) ใช้ตกแต่งบ้าน หรือไร่",
  "Incubator_Name": "Incubator",
  "Incubator_Description": "(เครื่องฟักไข่) ใช้ฟักไข่ไก่ หรือไข่เป็ด",
  "IronLamppost_Name": "Iron Lamp-post",
  "IronLamppost_Description": "(โคมไฟเหล็ก) ให้แสงสว่าง",
  "ItemPedestal_Name": "Item Pedestal",
  "ItemPedestal_Description": "(แท่นวางไอเทม) สถานที่สำหรับแสดงไอเทม",
  "JunimoChest_Name": "Junimo Chest",
  "JunimoChest_Description": "(หีบของจูนิโม่) ด้วยอำนาจของพลังแห่งป่า หีบของจูนิโม่ทุกใบ จะเชื่อมต่อไปยังจุดหมายเดียวกัน",
  "JunimoKartArcadeSystem_Name": "Junimo Kart Arcade System",
  "JunimoKartArcadeSystem_Description": "(ตู้เกม Junimo Kart) เล่นเกม 'จูนิโม่คาร์ท' ได้ที่บ้าน!",
  "Keg_Name": "Keg",
  "Keg_Description": "(ถังหมัก) หมักผัก หรือผลไม้ ให้กลายเป็นเครื่องดื่ม",
  "LawnFlamingo_Name": "Lawn Flamingo",
  "LawnFlamingo_Description": "(ฟลามิงโก้ผ้า) ชิ้นส่วนตกแต่งสำหรับฟาร์มของคุณ",
  "LightningRod_Name": "Lightning Rod",
  "LightningRod_Description": "(สายล่อฟ้า) สะสมพลังงาน จากพายุฝนฟ้าคะนอง และเปลี่ยนให้เป็นแบตเตอรี่",
  "LockedDoor_Name": "Locked Door",
  "LockedDoor_Description": "(ประตูถูกล็อก) กลไกที่ซ่อนอยู่ จะทำให้มันลงไปในพื้น",
  "LogSection_Name": "Log Section",
  "LogSection_Description": "(ขอนไม้ที่ถูกผ่า) ชิ้นส่วนตกแต่งสำหรับฟาร์มของคุณ",
  "Loom_Name": "Loom",
  "Loom_Description": "(กี่ทอผ้า) ทอผ้า โดยใช้ขนแกะ",
  "MarbleBrazier_Name": "Marble Brazier",
  "MarbleBrazier_Description": "(กระถางไฟหินอ่อน) ให้แสงสว่าง",
  "MayonnaiseMachine_Name": "Mayonnaise Machine",
  "MayonnaiseMachine_Description": "(เครื่องทำมายองเนส) แปรรูปไข่ ให้กลายเป็นมายองเนส",
  "MiniFridge_Name": "Mini-Fridge",
  "MiniFridge_Description": "(ตู้เย็นขนาดเล็ก) ช่วยให้คุณเก็บ ส่วนผสมเพิ่มเติม สำหรับทำอาหาร",
  "MiniJukebox_Name": "Mini-Jukebox",
  "MiniJukebox_Description": "(ตู้เพลงขนาดเล็ก) ช่วยให้คุณเล่น เพลงโปรดของคุณได้",
  "MiniObelisk_Name": "Mini-Obelisk",
  "MiniObelisk_Description": "(อนุสาวรีย์ขนาดเล็ก) วางสองอันบนฟาร์ม เพื่อวาร์ปไปมาระหว่างพวกมัน",
  "MiniShippingBin_Name": "Mini-Shipping Bin",
  "MiniShippingBin_Description": "(กล่องขายของขนาดเล็ก) สินค้าที่ใส่ไว้ จะรวมอยู่ในการจัดส่งทุกคืน",
  "MixedCane_Name": "Mixed Cane",
  "MixedCane_Description": "(ไม้เท้าหลากสี) ชิ้นส่วนตกแต่งสำหรับฟาร์มของคุณ",
  "MushroomBox_Name": "Mushroom Box",
  "MushroomBox_Description": "(กล่องเห็ด) เห็ดจะเติบโตทุกๆ 2-3 วัน",
  "Obelisk_Name": "Obelisk",
  "Obelisk_Description": "(อนุสาวรีย์) ประตูมิติ ที่ดูเหมือนแผ่พลังงานปีศาจ ชั่วร้ายออกมา",
  "ObsidianVase_Name": "Obsidian Vase",
  "ObsidianVase_Description": "(แจกันหินออบซิเดียน) แจกันสวยงาม ที่ทำขึ้นจากหินออบซิเดียน และทองคำ",
  "OilMaker_Name": "Oil Maker",
  "OilMaker_Description": "(เครื่องสกัดน้ำมัน) ทำให้น้ำมันเห็ดทรัฟเฟิลรสเลิศ",
  "OrnamentalHayBale_Name": "Ornamental Hay Bale",
  "OrnamentalHayBale_Description": "(ฟางประดับ) ชิ้นส่วนตกแต่งสำหรับฟาร์มของคุณ",
  "OstrichIncubator_Name": "Ostrich Incubator",
  "OstrichIncubator_Description": "(ตู้ฟักไข่นกกระจอกเทศ) ฟักไข่นกกระจอกเทศ ให้เป็นลูกนกกระจอกเทศ วางไข่ในคอก",
  "PinkyLemon_Name": "??Pinky Lemon??",
  "PinkyLemon_Description": "??Pinky Lemon??",
  "PlushBunny_Name": "Plush Bunny",
  "PlushBunny_Description": "(ตุ๊กตากระต่าย) มันใหญ่ มันนุ่ม และมันน่ารัก",
  "PrairieKingArcadeSystem_Name": "Prairie King Arcade System",
  "PrairieKingArcadeSystem_Description": "(ตู้เกม Prairie King) เล่นเกม 'ราชาทุ่งหญ้าผจญภัย' ได้ที่บ้าน!",
  "PreservesJar_Name": "Preserves Jar",
  "PreservesJar_Description": "(ถังถนอมอาหาร) แปรรูปผักสด ให้กลายเป็นผักดอง แปรรูปผลไม้ ให้กลายเป็นแยม",
  "RareCrow_1_Name": "Rarecrow",
  "RareCrow_1_Description": "(หุ่นไล่กาหายาก) สะสมให้ครบ! (1 จาก 8)",
  "RareCrow_2_Name": "Rarecrow",
  "RareCrow_2_Description": "(หุ่นไล่กาหายาก) สะสมให้ครบ! (2 จาก 8)",
  "RareCrow_3_Name": "Rarecrow",
  "RareCrow_3_Description": "(หุ่นไล่กาหายาก) สะสมให้ครบ! (3 จาก 8)",
  "RareCrow_4_Name": "Rarecrow",
  "RareCrow_4_Description": "(หุ่นไล่กาหายาก) สะสมให้ครบ! (4 จาก 8)",
  "RareCrow_5_Name": "Rarecrow",
  "RareCrow_5_Description": "(หุ่นไล่กาหายาก) สะสมให้ครบ! (5 จาก 8)",
  "RareCrow_6_Name": "Rarecrow",
  "RareCrow_6_Description": "(หุ่นไล่กาหายาก) สะสมให้ครบ! (6 จาก 8)",
  "RareCrow_7_Name": "Rarecrow",
  "RareCrow_7_Description": "(หุ่นไล่กาหายาก) สะสมให้ครบ! (7 จาก 8)",
  "RareCrow_8_Name": "Rarecrow",
  "RareCrow_8_Description": "(หุ่นไล่กาหายาก) สะสมให้ครบ! (8 จาก 8)",
  "RecyclingMachine_Name": "Recycling Machine",
  "RecyclingMachine_Description": "(เครื่องรีไซเคิล) เปลี่ยนขยะที่ได้จาก การตกปลา ให้เป็นทรัพยากรที่มีคุณค่า",
  "RedCanes_Name": "Red Canes",
  "RedCanes_Description": "(ไม้เท้าสีแดง) ชิ้นส่วนตกแต่งสำหรับฟาร์มของคุณ",
  "RitualMask_Name": "Ritual Mask",
  "RitualMask_Description": "(หน้ากากพิธีกรรม) มันใหญ่ เกินกว่าที่จะสวมใส่",
  "Scarecrow_Name": "Scarecrow",
  "Scarecrow_Description": "(หุ่นไล่กา) ป้องกันผืชผล ไม่ให้ถูกอีกากิน (มีผลระยะ 8 \"ช่อง\")",
  "SeasonalDecor_Name": "Seasonal Decor",
  "SeasonalDecor_Description": "(ของตกแต่งตามฤดูกาล) การตกแต่งนี้เปลี่ยนไปตามฤดูกาล",
  "SeasonalPlant_Name": "Seasonal Plant",
  "SeasonalPlant_Description": "(ไม้ประดับตามฤดูกาล) ไม้ประดับที่เปลี่ยนแปลงตามฤดูกาล ไม่จำเป็นต้องรดน้ำ",
  "SeedMaker_Name": "Seed Maker",
  "SeedMaker_Description": "(เครื่องผลิตเมล็ดพันธุ์) ใส่พืชผล ที่ได้จากการเพาะปลูกลงไป เพื่อเปลี่ยนเป็นเมล็ดพันธุ์ เครื่องนี้ไม่สามารถใช้งาน กับพืชผลที่ได้จากต้นไม้ หรือเก็บมาจากข้างทางได้",
  "SewingMachine_Name": "Sewing Machine",
  "SewingMachine_Description": "(จักรเย็บผ้า) ใช้ตัดเย็บเสื้อผ้าจากที่บ้านของคุณ ได้อย่างสะดวกสบาย!",
  "SignOfTheVessel_Name": "Sign Of The Vessel",
  "SignOfTheVessel_Description": "(สัญลักษณ์แห่งร่างทรง) ชิ้นส่วนตกแต่งสำหรับฟาร์มของคุณ",
  "SingingStone_Name": "Singing Stone",
  "SingingStone_Description": "(ก้อนหินร้องเพลง) มันจะส่งเสียงดังสดใส ออกมาทุกครั้งที่เคาะ",
  "SkeletonModel_Name": "Skeleton Model",
  "SkeletonModel_Description": "(หุ่นโครงกระดูกจำลอง) หุ่นจำลองโครงกระดูก",
  "SkullBrazier_Name": "Skull Brazier",
  "SkullBrazier_Description": "(กระถางไฟหัวกะโหลก) ให้แสงสว่าง",
  "SlimeBall_Name": "Slime Ball",
  "SlimeBall_Description": "(ลูกบอลสไลม์) ลูกบอลที่เต็มไปด้วย เมือกของสไลม์",
  "SlimeEggPress_Name": "Slime Egg-Press",
  "SlimeEggPress_Description": "(เครื่องผลิตไข่สไลม์) บีบอัดชิ้นส่วนของไสลม์ 100 ชิ้น ให้กลายเป็นไข่สไลม์ มันคือความหัศจรรย์ ของวิทยาศาสตร์!",
  "SlimeIncubator_Name": "Slime Incubator",
  "SlimeIncubator_Description": "(เครื่องฟักไข่สไลม์) ฟักไข่สไลม์ ช่วยให้เลี้ยงสไลม์นอกบ้านได้",
  "SlothSkeletonL_Name": "Sloth Skeleton L",
  "SlothSkeletonL_Description": "(โครงกระดูกสลอธ) สลอธตัวนี้ เคยอาศัยอยู่ในป่าทึบ ในสมัยดึกดำบรรพ์ กรามอันแข็งแกร่งของมัน สามารถฉีกกระชากได้แม้กระทั่ง ลำต้นของต้นไม้ที่แข็งที่สุด",
  "SlothSkeletonM_Name": "Sloth Skeleton M",
  "SlothSkeletonM_Description": "(โครงกระดูกสลอธ) กระดูกของสลอธ สัตว์ที่เคยมีชีวิตอยู่ในช่วง ยุคก่อนประวัติศาสตร์",
  "SlothSkeletonR_Name": "Sloth Skeleton R",
  "SlothSkeletonR_Description": "(โครงกระดูกสลอธ) ขาหลัง และหางของสลอธ สัตว์ที่เคยมีชีวิตอยู่ในช่วง ยุคก่อนประวัติศาสตร์",
  "SodaMachine_Name": "Soda Machine",
  "SodaMachine_Description": "(ตู้กดน้ำอัดลม) มีแต่สิ่งดีๆ เมื่อกดออกมา",
  "SolarPanel_Name": "Solar Panel",
  "SolarPanel_Description": "(แผงเซลล์แสงอาทิตย์) สร้างแบตเตอรี่อย่างช้าๆ เมื่อทิ้งไว้กลางแดด",
  "SolidGoldLewis_Name": "Solid Gold Lewis",
  "SolidGoldLewis_Description": "(รูปปั้นทองคำเลวิส) โครงการลับของนายกเทศมนตรี",
  "Staircase_Name": "Staircase",
  "Staircase_Description": "(บันไดเหมือง) ใช้เดินทางลงไปใน ระดับชั้นล่างๆ ของเหมือง",
  "StandingGeode_Name": "Standing Geode",
  "StandingGeode_Description": "(แท่นวางแร่) ก้อนแร่ขนาดใหญ่ ที่วางอยู่บนแท่น มีผลึกสีม่วงแวววาวขนาดเล็ก นับร้อยประดับอยู่รอบๆ",
  "StardewHeroTrophy_Name": "Stardew Hero Trophy",
  "StardewHeroTrophy_Description": "(ถ้วยรางวัลวีรบุรุษ) รางวัลที่มีเกียรติที่สุด ที่ผู้อาศัยอยู่ในสตาร์ดิวแวลลีย์ จะสามารถได้รับ!",
  "StatueOfEndlessFortune_Name": "Statue Of Endless Fortune",
  "StatueOfEndlessFortune_Description": "(รูปปั้นของโชคชะตาที่ไม่รู้จบ) มันถูกสร้างจากทองทำ มันมีไว้ทำอะไร?",
  "StatueOfPerfection_Name": "Statue Of Perfection",
  "StatueOfPerfection_Description": "(รูปปั้นของความสมบูรณ์แบบ) มันถูกสร้างจากอิริเดียมบริสุทธิ์",
  "StatueOfTruePerfection_Name": "Statue Of True Perfection",
  "StatueOfTruePerfection_Description": "(รูปปั้นของความสมบูรณ์แบบที่แท้จริง) มันถูกสร้างจากอิริเดียมบริสุทธิ์",
  "StoneBrazier_Name": "Stone Brazier",
  "StoneBrazier_Description": "(กระถางไฟหิน) ให้แสงสว่าง",
  "StoneCairn_Name": "Stone Cairn",
  "StoneCairn_Description": "(กองหิน) ชิ้นส่วนตกแต่งสำหรับฟาร์มของคุณ",
  "StoneChest_Name": "Stone Chest",
  "StoneChest_Description": "(หีบหิน) ที่จัดเก็บสิ่งของของคุณ",
  "StoneFrog_Name": "Stone Frog",
  "StoneFrog_Description": "(กบหิน) สวนศิลปะสำหรับฟาร์มของคุณ",
  "StoneJunimo_Name": "Stone Junimo",
  "StoneJunimo_Description": "(จูนิโม่หิน) สวนศิลปะสำหรับฟาร์มของคุณ",
  "StoneOwl_Decorative_Name": "Stone Owl",
  "StoneOwl_Decorative_Description": "(นกฮูกหิน) สวนศิลปะสำหรับฟาร์มของคุณ",
  "StoneOwl_Secret_Name": "Stone Owl",
  "StoneOwl_Secret_Description": "(รูปปั้นนกฮูก) ไม่แน่ชัดว่า มันมาจากที่ไหน แต่มันดูดีมาก",
  "StoneParrot_Name": "Stone Parrot",
  "StoneParrot_Description": "(นกแก้วหิน) สวนศิลปะสำหรับฟาร์มของคุณ",
  "StoneSign_Name": "Stone Sign",
  "StoneSign_Description": "(ป้ายหิน) วางไอเทมบนป้ายเพื่อแสดงรูปไอเทมนั้น บนป้ายแต่ไอเทมจะไม่ลดจำนวนลง",
  "StrangeCapsule_Name": "Strange Capsule",
  "StrangeCapsule_Description": "(หลอดทดลองประหลาด) มันมีก้อนแปลกๆ ผลุบๆ โผล่ๆ อยู่ใต้ของเหลวในหลอดนี้",
  "StumpBrazier_Name": "Stump Brazier",
  "StumpBrazier_Description": "(กระถางไฟท่อนไม้) ให้แสงสว่าง",
  "SuitOfArmor_Name": "Suit Of Armor",
  "SuitOfArmor_Description": "(ชุดเกราะอัศวิน) ชิ้นส่วนตกแต่งสำหรับฟาร์มของคุณ",
  "TablePieceL_Name": "Table Piece L",
  "TablePieceL_Description": "(โต๊ะฝั่งซ้าย) ฝั่งซ้าย ของโต๊ะขนาดใหญ่",
  "TablePieceR_Name": "Table Piece R",
  "TablePieceR_Description": "(โต๊ะฝั่งขวา) ฝั่งขวา ของโต๊ะขนาดใหญ่",
  "TallTorch_Name": "Tall Torch",
  "TallTorch_Description": "(คบเพลิงทรงสูง) ก้านมันทำจากไม้ไผ่",
  "Tapper_Name": "Tapper",
  "Tapper_Description": "(เครื่องเจาะต้นไม้) ใช้เจาะติดกับต้นเมเปิ้ล ต้นโอ๊ก หรือต้นสน โดยจะมีถังรองอยู่ด้านล่าง เพื่อรองรับน้ำหวาน ยางไม้ หรือน้ำมันดิน",
  "TeddyTimer_Name": "Teddy Timer",
  "TeddyTimer_Description": "(นาฬิกาหมี) มันคือนาฬิกาเจ้าคุณปู่ ที่รูปร่างเป็นหมี",
  "Telephone_Name": "Telephone",
  "Telephone_Description": "(โทรศัพท์) ใช้เพื่อตรวจสอบ เวลาทำการของร้านค้า และคลังสินค้าได้",
  "TuboFlowers_Name": "Tub o' Flowers",
  "TuboFlowers_Description": "(ถังดอกไม้) ดอกไม้ที่ถูกปลูกในถังไม้โอ๊ก ออกดอกในฤดูใบไม้ผลิ และฤดูร้อน",
  "WickedStatue_Name": "Wicked Statue",
  "WickedStatue_Description": "(รูปปั้นชั่วร้าย) รูปปั้นนี่.. แค่มองก็ทำให้ รู้สึกไม่ดีเท่าไหร่",
  "WickedStatue_LitEyes_Name": "Wicked Statue",
  "WickedStatue_LitEyes_Description": "(รูปปั้นชั่วร้าย) มันมีบางอย่างแปลกๆ เกี่ยวกับรูปปั้นนี้",
  "WoodChair_Name": "Wood Chair",
  "WoodChair_Description": "(เก้าอี้ไม้) เก้าอี้ที่สามารถ หันหน้าได้ 4 ทิศทาง",
  "WoodChipper_Name": "Wood Chipper",
  "WoodChipper_Description": "(เครื่องย่อยไม้) ใส่ชิ้นส่วนของไม้เนื้อแข็ง (Hardwood) ลงไปเพื่อเปลี่ยน ให้เป็นไม้ธรรมดาหลายชิ้น",
  "WoodenBrazier_Name": "Wooden Brazier",
  "WoodenBrazier_Description": "(กระถางไฟไม้สามขา) ให้แสงสว่าง",
  "WoodLamppost_Name": "Wood Lamp-post",
  "WoodLamppost_Description": "(โคมไฟไม้) ให้แสงสว่าง",
  "WoodSign_Name": "Wood Sign",
  "WoodSign_Description": "(ป้ายไม้) วางไอเทมบนป้ายเพื่อแสดงรูปไอเทมนั้น บนป้ายแต่ไอเทมจะไม่ลดจำนวนลง",
  "Workbench_Name": "Workbench",
  "Workbench_Description": "(โต๊ะทำงานของช่าง) เมื่อสร้างไว้ คุณจะสามารถใช้ วัสดุในหีบที่อยู่ติดกัน ประดิษฐ์สิ่งของได้โดย ไม่ต้องพกวัสดุไว้ในกระเป๋า",
  "WormBin_Name": "Worm Bin",
  "WormBin_Description": "(เครื่องสร้างเหยื่อตกปลา) ผลิตเหยื่อสำหรับตกปลา",
  "TextSign_Name": "Text Sign",
  "TextSign_Description": "(ป้ายข้อความ) ป้ายเล็กๆ ที่สามารถเขียนข้อความไว้ได้",
  "MushroomLog_Name": "Mushroom Log",
  "MushroomLog_Description": "(ซุงเพาะเห็ด) มีเห็ดงอกออกมาบ่อยๆ ยิ่งอยู่ใกล้กับต้นไม้ป่า ยิ่งมีประสิทธิภาพดีขึ้น",
  "BaitMaker_Name": "Bait Maker",
  "BaitMaker_Description": "(เครื่องผลิตเหยื่อ) ใส่ปลาลงไปเพื่อทำเป็น เหยื่อแบบเจาะจง",
  "Dehydrator_Name": "Dehydrator",
  "Dehydrator_Description": "(เครื่องอบแห้ง) วางผลไม้ 5 ชิ้น หรือเห็ดที่กินได้ไว้ข้างใน เพื่ออบมันให้แห้ง",
  "HeavyFurnace_Name": "Heavy Furnace",
  "HeavyFurnace_Description": "(เตาหลอมหนัก) มีประสิทธิภาพเหนือกว่า เตาหลอมธรมมดา ต้องใช้แร่ 25 ก้อน และถ่าน 3 ก้อนต่อครั้ง",
  "StatueOfBlessings_Name": "Statue Of Blessings",
  "StatueOfBlessings_Description": "(รูปปั้นอำนวยพร) แตะที่รูปปั้น เพื่อรับพรพิเศษทุกวัน",
  "StatueOfTheDwarfKing_Name": "Statue Of The Dwarf King",
  "StatueOfTheDwarfKing_Description": "(รูปปั้นราชาคนแคระ) เลือกพลังพิเศษที่เกี่ยวข้อง กับการทำเหมืองได้ 2 อย่างต่อวัน",
  "Anvil_Name": "Anvil",
  "Anvil_Description": "(ทั่งตีเหล็ก) ให้คุณหลอมของล้ำค่า (trinkets) ได้ใหม่ สุ่มคุณสมบัติ ใช้แท่งอิริเดียม 3 ก้อนต่อครั้ง",
  "MiniForge_Name": "Mini-Forge",
  "MiniForge_Description": "(เตาหลอมจิ๋ว) ตอนนี้คุณสามารถใช้ เตาหลอมของคนแคระ ได้แบบสบายๆ แม้อยู่บ้าน"
}
