{
  "UnderConstruction": "อยู่ระหว่างการก่อสร้าง",
  "DismountBeforeEntering": "ลงจากหลังม้าก่อน",
  "PiecesOfHay": "ฟางที่เก็บไว้: {0}/{1}",
  "AddedHay": "เพิ่มฟางในยุ้งฉาง {0} ชิ้น",
  "MillFull": "ไม่มีพื้นที่ว่าง",
  "CantMill": "ไม่สามารถบดได้",
  "NeedSilo": "ต้องการยุ้งฉาง",
  "CantEnter": "ไม่สามารถเติมใด้ในตอนนี้",
  "WrongFishType": "{0} ของคุณ ไม่ต้องการ {1} ในนี้",
  "WrongFishTypeCoral": "{0} สามารถเลี้ยง {0} ได้เท่านั้น",
  "CantPutInPonds": "{0} พวกเราไม่มีความสุขในบ่อนี้เลย",
  "NoFish": "สามารถเลี้ยงปลาในบ่อนี้ได้",
  "PondFull": "บ่อนี้เต็มแล้ว",
  "Paint_Region_Building": "อาคาร",
  "Paint_Region_Roof": "หลังคา",
  "Paint_Region_Trim": "ขอบและประตู",
  "BuildingSkinMenu_ChooseAppearance": "เลือกรูปลักษณ์สำหรับ {0} ของคุณ",
  "Construction_ChooseLocation": "คุณต้องการจัดการสิ่งก่อสร้างที่ไหน?",
  "Barn_Name": "คอกขนาดเล็ก",
  "Barn_Description": "ใช้เลี้ยงสัตว์ขนาดใหญ่ เลี้ยงได้สูงสุด 4 ตัว",
  "BigBarn_Name": "คอกขนาดกลาง",
  "BigBarn_Description": "ใช้เลี้ยงสัตว์ขนาดใหญ่ เลี้ยงได้สูงสุด 8 ตัว สัตว์สามารถออกลูกได้ ใช้เลี้ยงแพะได้",
  "BigCoop_Name": "เล้าขนาดกลาง",
  "BigCoop_Description": "ใช้เลี้ยงสัตว์ขนาดเล็ก เลี้ยงได้สูงสุด 8 ตัว สร้างเสร็จจะมีเครื่องฟักไข่ให้ ใช้เลี้ยงเป็ดได้",
  "BigShed_Name": "โรงเก็บของขนาดใหญ่",
  "BigShed_Description": "เพิ่มขนาดโรงเก็บของ เป็นสองเท่า และยังสามารถ ตกแต่งภายในได้",
  "Cabin_Name": "กระท่อม",
  "Cabin_Description": "ที่พักสำหรับเพื่อน! เงินอุดหนุนจากกองทุนเกษตรเมือง",
  "Coop_Name": "เล้าขนาดเล็ก",
  "Coop_Description": "ใช้เลี้ยงสัตว์ขนาดเล็ก เลี้ยงได้สูงสุด 4 ตัว",
  "DeluxeBarn_Name": "คอกขนาดใหญ่",
  "DeluxeBarn_Description": "ใช้เลี้ยงสัตว์ขนาดใหญ่ เลี้ยงได้สูงสุด 12 ตัว มีระบบให้อาหารอัตโนมัติ ใช้เลี้ยงแกะ และหมูได้",
  "DeluxeCoop_Name": "เล้าขนาดใหญ่",
  "DeluxeCoop_Description": "ใช้เลี้ยงสัตว์ขนาดเล็ก เลี้ยงได้สูงสุด 12 ตัว มีระบบให้อาหารอัตโนมัติ ใช้เลี้ยงกระต่ายได้",
  "DesertObelisk_Name": "อนุสาวรีย์ทะเลทราย",
  "DesertObelisk_Description": "เคลื่อนย้ายคุณไปยังทะเลทราย",
  "EarthObelisk_Name": "อนุสาวรีย์ดิน",
  "EarthObelisk_Description": "เคลื่อนย้ายคุณไปยังภูเขา",
  "FishPond_Name": "บ่อเลี้ยงปลา",
  "FishPond_Description": "สามารถเก็บเกี่ยว ผลผลิตจากปลา จำนวนของปลา จะเพิ่มขึ้นเมื่อเวลาผ่านไป",
  "GoldClock_Name": "นาฬิกาทอง",
  "GoldClock_Description": "ป้องกันไม่ให้เศษซาก ปรากฏในฟาร์มของคุณ ป้องกันรั้วไม่ให้พังทลาย",
  "Greenhouse_Name": "เรือนกระจก",
  "Greenhouse_Description": "ใช้เพาะปลูกพืชได้ทุกฤดู ปลูกได้ทั้งปี!",
  "IslandObelisk_Name": "อนุสาวรีย์เกาะ",
  "IslandObelisk_Description": "เคลื่อนย้ายคุณไปยังหมู่เกาะขิง",
  "JunimoHut_Name": "กระท่อมจูนิโม่",
  "JunimoHut_Description": "จูนิโม่จะเก็บเกี่ยวพืชผลรอบๆ กระท่อมของเขาให้กับคุณ",
  "Mill_Name": "โรงสี",
  "Mill_Description": "ใช้สำหรับสีหรือบด ข้าว ข้าวสาลี และหัวบีท",
  "Shed_Name": "โรงเก็บของ",
  "Shed_Description": "ภายในอาคารว่างเปล่า สามารถวางอะไรก็ได้ ที่คุณต้องการ! สามารถตกแต่งภายในได้",
  "ShippingBin_Name": "ถังขนส่ง",
  "ShippingBin_Description": "โยนของไว้ข้างใน เพื่อขายในเวลาอันสั้น",
  "Silo_Name": "ยุ้งฉาง",
  "Silo_Description": "สามารถตัดหญ้า และเก็บหญ้าไว้เป็นอาหารสัตว์ได้",
  "SlimeHutch_Name": "โรงเพาะสไลม์",
  "SlimeHutch_Description": "เพาะเลี้ยงได้สูงสุด 20 ตัว คอยเติมน้ำให้พวกมัน แล้วพวกมันจะสร้าง ลูกบอลสไลม์ออกมา",
  "Stable_Name": "คอกม้า",
  "Stable_Description": "สามารถเลี้ยงม้า และขี่ม้าได้ สร้างเสร็จจะมีม้าให้",
  "WaterObelisk_Name": "อนุสาวรีย์น้ำ",
  "WaterObelisk_Description": "เคลื่อนย้ายคุณไปยังชายหาด",
  "Well_Name": "บ่อน้ำบาดาล",
  "Well_Description": "แหล่งน้ำเพื่อการอุปโภคบริโภค และเติมน้ำให้กับบัวรดน้ำ",
  "PetBowl_Name": "ชามอาหารสัตว์",
  "PetBowl_Description": "เพื่อให้เป็นบ้านให้แก่ สัตว์เลี้ยงหนึ่งตัว โดยเฉพาะ"
}
