{
  "Rare Crops": "พืชผลหายาก",
  "Fish Farmer's": "เจ้าของฟาร์มปลา",
  "Garden": "ชาวสวน",
  "Brewer's": "นักต้มหมัก",
  "Quality Fish": "ปลาได้คุณภาพ",
  "Master Fisher's": "ปรมาจารย์นักตกปลา",
  "Treasure Hunter's": "นักล่าสมบัติ",
  "Children's": "ของวัยซน",
  "Forager's": "นักเก็บของป่า",
  "Home Cook's": "เชฟจากทางบ้าน",
  "Wild Medicine": "ยาสมุนไพร",
  "Sticky": "เหนียวหนืด",
  "Engineer's": "นักก่อสร้าง",
  "Forest": "ป่าดงพงไพร",
  "Helper's": "ผู้ช่วยเหลือ",
  "Spirit's Eve": "คืนแห่งวิญญาณ",
  "Winter Star": "ดวงดาวฤดูหนาว",
  "Aquatic Jelly": "เยลลี่น้ำ",
  "Bookworm's": "หนอนหนังสือ"
}
