{
  "Relative_Dad": "พ่อ",
  "Relative_Mom": "แม่",
  "Relative_Mother": "แม่",
  "Relative_Husband": "สามี",
  "Relative_Wife": "ภรรยา",
  "Relative_HalfBrother": "พี่ชายต่างพ่อ",
  "Relative_HalfSister": "น้องสาวต่างพ่อ",
  "Relative_LittleBrother": "น้องชาย",
  "Relative_Sister": "พี่น้อง",
  "Relative_Daughter": "ลูกสาว",
  "Relative_EldestSon": "ลูกชายคนโต",
  "Relative_LittleBabyGirl": "ลูกสาว",
  "Relative_Son": "ลูกชาย",
  "Relative_YoungestBoy": "ลูกชายคนเล็ก",
  "Relative_YoungestSon": "ลูกชายคนเล็ก",
  "Relative_Aunt": "น้า",
  "Relative_Grandma": "ยาย",
  "Relative_Grandpa": "ตา",
  "Relative_Grandson": "หลานชาย",
  "Relative_Nephew": "หลานชาย",
  "Relative_Niece": "หลานสาว",
  "NameYourHorse": "ตั้งชื่อม้าของคุณ",
  "WipedMemory": "คุณคือชาวสวนที่เพิ่งมาใหม่ใช่ไหม?#$e#ฉันว่าคุณดูคุ้นๆ นะ... ไม่สิฉันมั่นใจว่าเราไม่เคยเจอกันมาก่อน",
  "DefaultHorseName": "โกรเวอร์",
  "JunimoTextAboveHead1": "จูนิโม่!",
  "JunimoTextAboveHead2": "ดวงดาว!",
  "JunimoThankYou1": "ขอบคุณ!",
  "JunimoThankYou2": "ของขวัญ!",
  "AbigailInMineFlute": "%อบิเกลกำลังเพลิดเพลินไปกับเพลงที่เธอฟัง...",
  "AbigailInMineFirst": "เฮ้! @ แปลกใจเหรอ? ...ในที่สุดฉันก็รวบรวบความกล้า เพื่อลงมาที่นี่ได้แล้ว#$b#ตอนแรกก็กลัวนะ แต่ก็ฝืนมาจนได้#$b#ฉันรู้สึกมั่นใจขึ้นมากเลย จริงๆ มันก็สนุกมากเลยล่ะ!$h",
  "AbigailInMine0": "เฮ้! ฉันมาได้ไกลอยู่ไม่ใช่เหรอ?$h",
  "AbigailInMine1": "ว้าย !$7#$b#ฮ่าฮ่า! คุณทำให้ฉันตกใจนะ! ไม่คิดว่าจะได้เจอคนอื่น ที่ข้างล่างนี่เลย!$h#$e#ขอโทษที ฉันตื่นเต้นจน เหงื่อท่วมไปหมด",
  "AbigailInMine2": "ไง @! ฉันมาถึงนี่ได้ โดยไม่ได้สู้ กับสัตว์ประหลาด สักตัวเลยนะ...",
  "AbigailInMine3": "เฮ้! ค่อยยังชั่วหน่อย ที่ได้เจอคุณข้างล่างนี่...$h#$e#เอ่อ... อย่าบอกพ่อฉันนะ เข้าใจไหม?$9",
  "AbigailInMine4": "เฮ้! สำรวจเหมือง ในวันที่ฝนตกเหรอ? ฉันก็เหมือนกัน!$h",
  "Henchman1": "หืมม ห้ะ!! มนุษย์เหรอ!#$b#...เจ้าต้องการ จะผ่านไปทางนี้สินะ? ต้องขอโทษที นี่เป็นที่ส่วนบุคคลนะ$s",
  "Henchman2": "ข้าขอโทษ แต่ข้าให้เจ้าผ่านไม่ได้จริงๆ ... ไม่งั้นข้าจะตกงานเอานะ",
  "Henchman3": "เจ้าจะให้สิ่งนั้นกับข้าหรือ? อืมมม... ไม่ล่ะ ขอบใจ$s",
  "Henchman4": "อืมมม นั่นมันก็ดูใช้ได้อยู่นะ แต่ไม่ล่ะ ขอบใจ... ทำไมเจ้าไม่เก็บเอาไว้เองล่ะ?",
  "Henchman5": "ฟุดฟิด ฟุดฟิด...#$b#กลิ่นนั่น..#$b#ข้าอดใจไม่ไหวแล้ว... เอามันมานี่!$h",
  "Henchman6": "ขอบใจ",
  "KrobusDarkTalisman": "อะไรนะ เจ้ากำลังตามหา ยันต์แห่งความมืด (Dark Talisman) อยู่เหรอ?#$b#...อืมม พอเจ้าพูดขึ้นมาก็นึกขึ้นได้ ข้าเคยครอบครองมันอยู่ เมื่อไม่นานมานี้#$b#แต่น่าเสียดายที่ข้า ทำมันตกระหว่างที่ สำรวจท่อตรงมุมโน้น#$b#แล้วสถานการณ์มันก็ แย่ลงเรื่อยๆ ข้าเลยรีบหนีออกมา แล้วปิดผนึกทางเข้าไว้#$b#เจ้าดูแข็งแรงใช้ได้... เพราะงั้น ข้าจะเปิดมันให้เจ้าเข้าไป ระวังตัวด้วย โอเคไหม?",
  "Divorced_bouquet": "นี่มัน... คุณจะทำให้ฉันต้อง เจ็บปวดไปถึงไหนกันนะ?$s",
  "Divorced_gift": "ฉันไม่ต้องการของขวัญอะไร จากคุณทั้งนั้น$a",
  "PetLovesYou": "{0} รักคุณ",
  "Saloon_goodEvent_0": "ได้แต้ม!!",
  "Saloon_goodEvent_1": "วู้วว!",
  "Saloon_goodEvent_2": "เล่นได้เจ๋ง!",
  "Saloon_goodEvent_3": "ใช่!",
  "Saloon_goodEvent_4": "ทำได้ดี!",
  "Saloon_badEvent_0": "อาาา!",
  "Saloon_badEvent_1": "ไม่นะ!",
  "Saloon_badEvent_2": "บูวว!",
  "Saloon_badEvent_3": "อึก",
  "Saloon_badEvent_4": "ไม่ดีเลย",
  "Saloon_neutralEvent_0": "เอาหน่อย...",
  "Saloon_neutralEvent_1": "ใกล้แล้ว!",
  "Saloon_neutralEvent_2": "ไปเลย!",
  "Saloon_neutralEvent_3": "ส่งบอล!",
  "Saloon_neutralEvent_4": "เอาให้ได้!",
  "KrobusDarkTalisman_elsewhere": "อะไรนะ เจ้ากำลังตามหา ยันต์แห่งความมืด (Dark Talisman) อยู่เหรอ?#$b#...อืมม พอเจ้าพูดขึ้นมาก็นึกได้ ข้าเคยครอบครองมันอยู่ เมื่อไม่นานมานี้#$b#แต่น่าเสียดายที่ข้า ทำมันตกระหว่างที่ สำรวจท่อน้ำทิ้ง#$b#แล้วสถานการณ์มันก็ แย่ลงเรื่อยๆ ข้าเลยรีบหนีออกมาแล้ว ปิดผนึกทางเข้าเอาไว้#$b#เจ้าดูแข็งแรงใช้ได้... เพราะงั้น ข้าจะเปิดมันให้เจ้าเข้าไป ระวังตัวด้วย โอเคไหม?",
  "MovieInvite_Festival": "โรงภาพยนตร์ปิด ทำการในวันที่มีเทศกาล!",
  "MovieInvite_Closed": "โรงภาพยนตร์ปิดทำ การแล้วสำหรับค่ำคืนนี้",
  "MovieInvite_AlreadyInvitedSomeone": "คุณมีนัดที่จะดูภาพยนตร์กับ {0} แล้ว วันนี้!",
  "MovieInvite_NoTheater": "{0} ดูงุนงง...",
  "MovieInvite_CantInvite": "คุณไม่สามารถเชิญ {0} ไปดูภาพยนตร์ด้วยได้",
  "MovieInvite_InvitedBySomeoneElse": "ขอโทษที ฉันมีนัดไปดูหนังแล้ววันนี้ แต่คุณจะไปด้วยกันก็ได้นะ",
  "MovieInvite_FarmerAlreadySeen": "ฉันยังไม่ค่อยอยาก จะไปดูหนังเรื่องนั้น อีกรอบเท่าไหร่น่ะ...",
  "MovieInvite_AlreadySeen": "ขอโทษที แต่อาทิตย์นี้ฉันดูหนังไปแล้ว...",
  "MovieInvite_Invited_Sandy": "โอ้ ฉันอยากไปด้วย คุณไปก่อนได้เลย เดี๋ยวฉันตามไป ที่รัก...ฉันต้องไปแต่งตัวก่อน!",
  "MovieInvite_Invited_Dwarf": "หนะ- อะไรนะ? อืม ฉันมั่นใจว่า ฉันต้องชอบมันแน่นอน! ฉันจะไปกับคุณ",
  "MovieInvite_Invited_Krobus": "โอ้ แต่ปกติ ข้าจะซ่อนตัวจากมนุษย์นะ...#$b#แต่...คิดอะไรออกแล้ว... เดี๋ยวไปเจอกัน ที่โรงหนังเลยนะ",
  "MovieInvite_Invited_Wizard": "ฮืมมม... ดีล่ะ ข้าจะไปกับเจ้าเพื่อดู... ภาพฉาย นั่น",
  "MovieInvite_Invited": "ดูหนังเหรอ? เอาสิ ไปเจอกันที่โรงหนังเลยนะ",
  "MovieInvite_Invited_Rude": "ดูหนังเรอะ? เออ ก็ได้ ฟังดูดีนี่ ไปเจอกันที่โรงหนังเลย...",
  "MovieInvite_Invited_Child": "ดูหนังเหรอ? เย้! เดี๋ยวไปเจอกัน ที่โรงหนังเลยนะ!",
  "MovieInvite_Reject_Child": "ไม่คิดว่าจะได้รับอนุญาตให้ไป...",
  "MovieInvite_Reject": "ขอโทษที แต่ชั้นไม่มีอารมณ์ จะไปดูหนังตอนนี้...",
  "MovieTheater_NoTicket": "คุณไม่สามารถเข้าชมภาพยนตร์ได้ หากไม่มีตั๋ว!",
  "MovieTheater_CurrentlyShowing": "ขณะนี้ภาพยนตร์กำลังฉายอยู่ กรุณากลับมาในภายหลัง",
  "MovieTheater_AlreadySeen": "คุณได้ชมภาพยนตร์ไปแล้วในอาทิตย์นี้",
  "MovieTheater_WatchAlonePrompt": "คุณต้องการที่จะใช้ตั๋วภาพยนตร์ใบนี้ เพื่อชมภาพยนตร์คนเดียว ใช่ไหม?",
  "MovieTheater_WatchWithFriendPrompt": "คุณต้องการที่จะใช้ตั๋วภาพยนตร์ใบนี้ เพื่อชมภาพยนตร์กับ {0} ใช่ไหม?",
  "MovieTheater_LeavePrompt": "คุณมั่นใจหรือที่จะออกจากโรงภาพยนตร์ โดยที่ยังไม่ได้ชมภาพยนตร์เลย?",
  "MovieTheater_ClosedFestival": "โรงภาพยนตร์ปิดทำการในวันที่มีเทศกาล",
  "MovieTheater_Closed": "โรงภาพยนตร์ปิดทำการแล้ว",
  "MovieTheater_BoxOfficeClosed": "ในตู้นั้น ไม่มีใครอยู่",
  "MovieTheater_Concession": "ยินดีต้อนรับสู่ร้านขนมขบเคี้ยว! คุณต้องการสั่งของทานเล่นให้เพื่อนของคุณไหม?",
  "MovieTheater_ConcessionAlone": "โอ้ ดูเหมือนว่าคุณจะมาคนเดียวสินะ คุณต้องมาดูที่นี่กับเพื่อนของคุณเท่านั้น คุณถึงจะสั่งของทานเล่นให้เพื่อนของคุณได้ ไว้มาลองใหม่นะ!",
  "MovieTheater_ConcessionPurchased": "คุณต้องการ {0} ใช่ไหม? เราจะนำไปส่งให้ที่นั่งของ {1} เมื่อภาพยนตร์เริ่มฉายนะ!",
  "MovieTheater_ConcessionAfterMovie": "ภาพยนตร์สนุกไหม ?",
  "MovieTheater_AfterMovieAlone": "{0} กำลังครุ่นคิดเงียบๆ เกี่ยวกับภาพยนตร์ที่เพิ่งดูไป",
  "MovieTheater_AfterMovie": "{0} กำลังพูดคุยกันอย่างสนุกสนาน เกี่ยวกับภาพยนตร์ที่เพิ่งดูไป",
  "MovieTheater_LoveMovie": "{0} กำลังปลาบปลื้มอย่างสุดซึ้ง...!",
  "MovieTheater_LikeMovie": "{0} ดูกำลังมีความสุขดี!",
  "MovieTheater_DislikeMovie": "{0} กำลังนั่งสัปหงก...",
  "MovieTheater_LoveConcession": "{0} กำลังเอร็ดอร่อยอย่างยิ่งกับ {1}!",
  "MovieTheater_LikeConcession": "{0} กำลังเอร็ดอร่อยกับ {1}",
  "MovieTheater_DislikeConcession": "{0} ไม่ได้แตะ {1} เลยสักนิด...",
  "MovieTheater_LoveConcession_Female": "{0} กำลังเอร็ดอร่อยอย่างยิ่งกับ {1} ของเธอ!",
  "MovieTheater_LikeConcession_Female": "{0} กำลังเอร็ดอร่อยกับ {1} ของเธอ",
  "MovieTheater_DislikeConcession_Female": "{0} ไม่ได้แตะ {1} ของเธอ เลยสักนิด...",
  "MovieTheater_LoveConcession_Male": "{0} กำลังเอร็ดอร่อยอย่างยิ่งกับ {1} ของเขา!",
  "MovieTheater_LikeConcession_Male": "{0} กำลังเอร็ดอร่อยกับ {1} ของเขา",
  "MovieTheater_DislikeConcession_Male": "{0} ไม่ได้แตะ {1} ของเขา เลยสักนิด...",
  "MovieInvite_Spouse_Abigail": "ไปดูหนังหรือ? ได้เลย ฟังดูน่าสนุกนะ! เดี๋ยวไปเจอกันที่ โรงหนังเลย$h#$e#หวังว่าจะเป็นเรื่องที่ตื่นเต้นๆ หน่อยนะ",
  "MovieInvite_Spouse_Penny": "ตั๋วหนังเหรอ? ฉันจะไปกับคุณนะคะ! เดี๋ยวไปเจอที่โรงหนังเลยนะ ที่รัก$h",
  "MovieInvite_Spouse_Haley": "โอ้ ไปเดทเหรอ? เดี๋ยวฉันขอ แต่งตัวสักหน่อยก่อน แล้วเราไปเจอกัน ที่โรงหนังเลยนะ$h",
  "MovieInvite_Spouse_Emily": "ตั๋วหนังเหรอ คุณรู้ไหมว่า ฉันคิดถึงแต่หนังเรื่องนี้ ทั้งวันเลย คุณอ่านใจฉันได้ใช่ไหมเนี่ย!$h#$e#เดี๋ยวไปเจอกัน ที่โรงหนังเลยนะ",
  "MovieInvite_Spouse_Leah": "โอ้ ดูหนังเหรอ? ได้เลย ฟังดูน่าสนุกดี.... เหมือนเรากลับไป ตอนที่เดทกันไง ฮี่ๆ$h#$e#เดี๋ยวไปเจอกัน ที่โรงหนังเลยนะ",
  "MovieInvite_Spouse_Maru": "โอ้ คุณคิดแผนเดท สำหรับเราเหรอ?$h#$b#ฉันอยากไปกับคุณอยู่แล้ว! เดี๋ยวไปเจอกัน ที่โรงหนังเลยนะ$h",
  "MovieInvite_Spouse_Alex": "เฮ้ ฟังดูน่าสนุกนะ! ผมอยากดูเรื่องนี้มานานแล้ว... ถ้าได้ดูกับคุณก็ยิ่งดี!#$b#เดี๋ยวไปเจอกัน ที่โรงหนังเลยนะ",
  "MovieInvite_Spouse_Sam": "เยี่ยม คุณซื้อตั๋วสำหรับ เราสองคนเหรอ? คุณเยี่ยมที่สุดเลย! เดี๋ยวไปเจอกันที่ โรงหนังเลยนะ$h",
  "MovieInvite_Spouse_Sebastian": "โอ้ คุณอยากไปดูหนังเหรอ ฟังดูดีนะ เดี๋ยวไปเจอกัน ที่โรงหนังเลยนะ$h",
  "MovieInvite_Spouse_Shane": "โอ้ คุณอยากไปดูหนังเหรอ? ต้องซื้อขนมให้ด้วย แล้วผมจะไป ตกลงไหม ฮี่ๆ...$h#$e#เดี๋ยวไปเจอกัน ที่โรงหนังเลยนะ",
  "MovieInvite_Spouse_Elliott": "ได้สิที่รัก ผมอยากดูหนังกับคุณอยู่แล้ว! เดี๋ยวไปเจอกัน ที่โรงหนังเลยนะ",
  "MovieInvite_Spouse_Harvey": "ตั๋วหนังเหรอ? เอ่อ ได้สิ ผมจะไปกับคุณนะ!$h#$e#ทำอะไรแบบนี้บ้างก็ดีนะ ผมไม่อยากให้ชีวิตคู่ของเรา เป็นเรื่องน่าเบื่อน่ะ!",
  "Phone_Robin_Workout": "หวัดดี นี่โรบิน วันนี้่ฉันไม่อยู่บ้าน ไปเข้าชมรมแอโรบิก ประจำสัปดาห์น่ะ... โทษทีนะ! *ตู้ด*",
  "Phone_Robin_Working_OneDay": "หวัดดี นี่โรบิน ฉันไม่อยู่บ้าน จนเสร็จงานพรุ่งนี้ *ตู้ด*",
  "Phone_Robin_Working": "หวัดดี นี่โรบิน ฉันจะยุ่งกับงานอีก 2-3 วัน *ตู้ด*",
  "Phone_Robin_Festival": "หวัดดี นี่โรบิน วันนี้ฉันหยุดงาน ขออภัยในความไม่สะดวก! *ตู้ด*",
  "Phone_Robin_Open": "สวัสดี? เฮ้! ใช่ ตอนนี้ร้านเปิดอยู่... ถ้าเธอต้องการอะไรล่ะก็ มาก่อน 5PM นะ! *กริ๊ก* $h",
  "Phone_Robin_Open_Rare": "สวัสดี? โอ้ หวัดดี @! *ตู้มมม*... อืม แปปนะ... (เสียงอู้อี้: ที่รัก คุณปิดประตูได้ไหม ฉันพยายามเจรจาธุรกิจอยู่นะ)... โทษที! ใช่ วันนี้ร้านเปิดถึง 5pm แล้วเจอกันนะ! *กริ๊ก* ",
  "Phone_Robin_Closed": "หวัดดี นี่โรบิน เวลาทำการคือ 9AM ถึง 5PM ถ้าต้องการอะไรก็แวะมานะ! *ตู้ด*",
  "Phone_Clint_Open": "หวัดดี? โอ้ว ไง @ ใช่ วันนี้ฉันเปิดร้านถึง 4PM น่ะ อ่า... ได้เลย ลาก่อน *วางสาย*",
  "Phone_Clint_Open_Rare": "หวัดดี? ใช่ ใช่ ฉันเปิดถึงสี่โมง ต้องไปละ *วางสาย*^หวัดดี? อ้อ... @... เสียงคุณฟังเพราะมากเลยผ่านโทรศัพท์ ... เอ่อ... โอเค เข้าใจละ ฉันเปิดถึงสี่โมง *กระแทกสาย*$4",
  "Phone_Clint_Closed": "บริการเสียงตอบรับอัตโนมัติ ของคลินท์ ตอนนี้ฉันไม่ว่าง... เวลาทำการร้านคือ 9AM - 4PM *ตู้ด*",
  "Phone_Clint_Festival": "ไง นี่คลินท์นะ วันนี้ฉันหยุดน่ะ *ตู้ด*",
  "Phone_Clint_Working_OneDay": "สวัสดี... เครื่องมือของคุณจะพร้อมให้รับพรุ่งนี้นะ ผมต้องกลับไปทำงานล่ะ *แกร๊ง* *แกร๊ง* *แกร๊ง*",
  "Phone_Clint_Working": "หวัดดี? ว่าไง? เครื่องมือของคุณยังต้องทำอีกหลายวันเลย ค่อยมาถามใหม่นะ *วางสาย*",
  "Phone_HangUp": "(วางสาย)",
  "Phone_CheckHouseCost": "สอบถามราคาอัปเกรดบ้าน",
  "Phone_CheckBuildingCost": "สอบถามราคาอัปเกรดสิ่งก่อสร้าง",
  "Phone_CheckToolCost": "สอบถามราคาอัปเกรดเครื่องมือ",
  "Phone_SelectNumber": "โปรดเลือกหมายเลข:",
  "Phone_SelectOption": "โปรดเลือก:",
  "Phone_Gus_Open": "สวัสดี? ไง @! ใช่แล้ว... วันนี้อาหารจานพิเศษคือ: '{0}'! เราเปิดอยู่นะตอนนี้ เพราะงั้นแวะเข้ามาชิมได้เลย *กริ๊ก*",
  "Phone_Gus_Open_Rare": "(คุณได้ยินเสียงซดและเสียงเคี้ยวมาจากปลายสาย...)#$b#*เอิ้กส์* ... เอ่อ.. โอ้ว! ไง สวัสดี! ฮ่าฮ่า... โทษที ฉันกำลังชิมอาหารจานพิเศษของวันนี้น่ะ มันคือ '{0}'มันรสชาติดีเลยล่ะ ใช่... ใช่ พวกเราเปิดอยู่ แวะมาแล้วกันถ้าอยากชิม! *กริ๊ก*",
  "Phone_Gus_Closed": "สวัสดี นี่กัสจากสตาร์ดรอปซาลูนนะ ตอนนี้พวกเราปิดอยู่ แต่ได้โปรดแวะมาภายหลังถ้าอยากลองชิม จานพิเศษประจำวันของเรา '{0}'! *ตู้ด*",
  "Phone_Gus_Festival": "สวัสดี นี่กัสจากสตาร์ดรอปซาลูนนะ วันนี้ร้านปิดทำการครับ *ตู้ด*",
  "Phone_Pierre_Open": "ร้านขายของชำของปิแอร์ครับ ! โอ้ สวัสดี @! ใช่ วันนี้ผมเปิดร้านจนถึง 5PM แวะมาเพื่อซื้อเมล็ดพืช และสินคาราคาพิเศษสิ! สวัสดี *กริ๊ก*",
  "Phone_Pierre_Open_Rare": "อบิเกล! มันหลุดออกมาอีกแล้วนะ! มาตรงนี้ *เดี๋ยวนี้* และเอาเจ้านี่ไป! $3#$b#โอ้! เอ่อ... สวัสดีครับ? ขอบคุณที่โทรมานะ ชะ...ใช่ครับ ร้านของเราเปิดถึง 5PM สวัสดีครับ *กริ๊ก*$4",
  "Phone_Pierre_Closed": "ขอบคุณที่โทรหา ร้านขายของชำของปิแอร์ นะครับ ตอนนี้ร้านของเราปิดอยู่ครับ แต่เราจะเปิดในเวลา 9AM ถึง 5PM แล้วเจอกันครับ! *ตู้ด*",
  "Phone_Pierre_Festival": "ขอบคุณที่โทรหา ร้านขายของชำของปิแอร์ นะครับ วันนี้ร้านของเราปิด เนื่องในวันเทศกาลครับ *ตู้ด*",
  "Phone_CheckSeedStock": "ตรวจสอบรายการสินค้า",
  "Phone_Gus_Open_NoDishOfTheDay": "ฮัลโหล? ไง @! ช่าย ตอนนี้พวกเราเปิดอยู่ หวังว่าจะได้เจอเร็วๆ นี้นะ! *กริ๊ก*$h",
  "Phone_Gus_Closed_NoDishOfTheDay": "สวัสดี นี่กัสจากสตาร์ดรอปซาลูนนะ ตอนนี้ร้านเราปิดทำการอยู่ ได้โปรดแวะมาใหม่ ในช่วงเที่ยงวันถึงเที่ยวคืน ถ้าอยากกินอาหาร และเครื่องดื่มเลิศรสของเรา *ตู้ด*",
  "Phone_Marnie_Open": "สวัสดีค่ะ? โอ้ สวัสดีจ้ะ @! ใช่แล้ว วันนี้ร้านของฉันเปิดถึง 4:00 PM หวังว่าจะได้เจอเธอนะ! *กริ๊ก*",
  "Phone_Marnie_Open_Rare": "เลวิ...? หวะ... หวัดดีจ้าาา! ใช่จ้ะ ตอนนี้ร้านเปิดอยู่ *แบ่ะะะ* เสียงนั้นเหรอ? โอ้ แพะของฉันเองค่ะ ถ้าต้องการอะไรก็แวะมานะ! *กริ๊ก* $4",
  "Phone_Marnie_Closed": "สวัสดี ที่นี่ฟาร์มของมานี เวลาทำการของที่นี่คือ 9AM ถึง 4PM มาในช่วงนั้นนะคะ *ตู้ด*",
  "Phone_Marnie_ClosedDay": "สวัสดี ที่นี่ฟาร์มของมานี วันนี้ร้านปิดค่ะ",
  "Phone_CheckAnimalPrices": "ตรวจสอบราคาปศุสัตว์",
  "Phone_Ring_Vincent": "สวัสดีครับ?#$b#อืม... เอ่อ... นี่วินเซนท์ครับ$3#$b#... $3#$b#อืม... ในฟาร์มของพี่มีน้องหมูบ้างไหม?$h#$b#...$3#$b#โอเค ผมต้องไปแล้ว! *กริ๊ก* $3",
  "Phone_Ring_RoboCaller": "คุณได้ยินเสียงหุ่นยนต์จากปลายสาย # ยินดีด้วย. . . คุณ มี ส่วนลด จาก โจจ้า รอ อยู่ 10,000g. . . โปรด ส่ง เลข บัตร เครดิต ของ คุณ มา ที่ เลขที่ 133 ถนน กันเกอร์ เหนือ เมือง ซูซู เพื่อ รับ ส่วนลด ของ คุณ. . . *กริ๊ก*",
  "Phone_Ring_Pierre": "เฮ้ @ นี่ผมเองนะ ปิแอร์#$b#คุณเป็นยังไงบ้าง? ดีนะ? นั่นเยี่ยมเลย#$b#คือ ผมแค่อยากจะบอกว่า ผมรู้สึกขอบคุณ ธุรกิจของคุณมากๆ และผมอยากจะย้ำ ให้คุณรู้ว่า ร้านขายของชำของปิแอร์ มีเมล็ดพืชและสินค้าที่ *ดีที่สุด*#$b#ผมหวังว่าจะได้เจอคุณในร้านเร็วๆ นี้นะ บาย! *กริ๊ก* ",
  "Phone_Ring_HatMouse": "คุณได้ยินเสียงจี๊ดๆ ที่ปลายสาย: # เฮ้โย่ ดีจ้า! ป๋มขายหมวกดีๆ มานะ เอาตังมาด้วยล่ะ ป๋มชอบเหรียญ *กริ๊ก*",
  "Phone_Ring_Foreign": "มันเป็นบันทึกเสียงในภาษาต่างประเทศ คุณไม่เข้าใจมันเลยแม้แต่น้อย",
  "Phone_Ring_Bear": "*ฟุดฟิด* *ฟุดฟิด*$2#$b#โฮ ร่ ว ว ว ว ว ว ว ว!$3#$b#... นั่นเจ้าเองเหรอ?#$b#*คำราม*... ข้ายังมี ซอสดีๆ นั่นอยู่เลยสหาย#$b#มันให้ข้า มีความสุข มากๆ มากๆ เลย *พ่นลมออกจมูก*$1#$b#แค่อยากขอบคุณน่ะ... บ๊ายบายนะ สหาย *กริ๊ก*",
  "Phone_Ring_Lewis": "เฮ้ @#$b#แค่อยากรู้น่ะ ว่าคุณและฟาร์ม %farm ไปได้ดีใช่ไหม#$b#$y 'เป็นยังไงบ้าง?_แจ่มว้าว! อยู่ที่นี่ก็เหมือนอยู่บ้านนั่นแหละ_ดีใจที่ได้ยินอย่างนั้นนะ *ฉันว่าฉันสามารถ พูดแทนทุกคนได้ว่า พวกเราทั้งหมดดีใจมาก ที่มีคุณอยู่ในชุมชนแห่งนี้*ปู่ของคุณจะต้องภูมิใจ ในสิ่งที่คุณได้ทำลงไป ทั้งหมดนั่นแน่ๆ*เอาล่ะ ผมไม่รบกวนคุณแล้ว กลับไปทำงานเถอะ บาย!_ดีอยู่นะ! ฟาร์มนี้มัน เจริญงอกงามดีมากเลย_ดีใจที่ได้ยินแบบนั้นนะ! *ฟาร์มของคุณ กระตุ้นเศรษฐกิจท้องถิ่น ได้เยี่ยมยอดมากจริงๆ ซึ่งมันเป็นผลดีต่อทุกๆ คน พวกเราทุกคนซาบซึ้งใจ ในงานที่คุณทุ่มเททำมากนะ! *ปู่ของคุณจะต้องภูมิใจ ในสิ่งที่คุณได้ทำลงไป ทั้งหมดนั่นแน่ๆ*เอาล่ะ ผมไม่รบกวนคุณแล้ว กลับไปทำงานเถอะ บาย!_ไม่ค่อยดีเท่าไหร่..._โอ้... เสียใจด้วยนะ$s*เอ่อ... พยายามเข้าล่ะ ฉันมันใจว่า ทุกอย่างต้องดีขึ้นแน่... *เอาล่ะ ผมไม่รบกวนคุณต่อแล้วกัน... โอเคนะ? ไว้จะมาคุยด้วยใหม่ทีหลังนะ บาย $s_เลวิส ฉันรู้ความลับของนาย_อะไร? ฉันคิดว่ามีคนตัดสายนะ... ฉันไม่ได้ยินอะไรเลย เอาล่ะ งั้นวางแล้วกัน บาย$3'",
  "Phone_Ring_Cursed": "คุณแนบหูฟังกับหู แล้วก็ได้ยินเสียงขลุกขลัก เสียงซ่าเสียดแก้วหู # แต่เดี๋ยวก่อนนะ... นอกจากเสียงนั่น คุณยังได้ยินเสียง อย่างอื่นเบาๆ ด้วย... เสียงที่ดูไม่ใช่มนุษย์... # 'เ จ้ า ท อ ด ทิ้ ง พ ว ก เ ร า'",
  "Leo_Memory": "เฮ้... ผมกำลังนึกถึงตอนนั้น ตอนที่ยังอยู่บนเกาะน่ะ... คุณยังจำได้ไหม?",
  "Leo_Memory_Answer_Yes": "ทำให้ฉันนึกขึ้นมาเลยแฮะ",
  "Leo_Memory_Answer_No": "ฉันยุ่งอยู่",
  "Leo_Memory_6497423": "ตอนที่เราพูดถึงบ้านของคุณน่ะเหรอ?",
  "Leo_Memory_6497421": "ตอนที่เราพูดถึงพวกนกน่ะเหรอ?",
  "Leo_Memory_6497428": "ตอนที่ผมตัดสินใจจะย้ายน่ะเหรอ?",
  "PierreStockListDialogue": "โอ้ ว้าว! นี่มันรายการสินค้าเก่าๆ ของผมนี่! ผมตามหาเจ้านี่ ไปทั่วทุกที่เลย$h#$b#ไหนดูซิ... ใช่แล้ว! มันยังอยู่ครบทั้งหมดเลย#$b#ด้วยรหัสสั่งซื้อพวกนี้ ผมสามารถเพิ่มสินค้า อย่างพวกเมล็ดพืชของทุกฤดู เข้ามาในคลังสินค้าได้!#$b#ขอบคุณมากนะ ที่เอาเจ้านี่กลับมาคืนผมน่ะ @$h",
  "Phone_Marlon_Open": "นี่มาร์ลอนพูด... นี่เจ้าทำของหายในเหมือง อีกแล้วงั้นเรอะ? ใช่ ใช่... ข้ายินดีจะไปเก็บมาให้... ถ้าค่าตอบแทนดีล่ะนะ",
  "Phone_Marlon_AlreadyRecovering": "สวัสดี?... ใช่ ข้ากำลังจะไป เก็บของของเจ้าคืนนี้ เจ้าสบายใจได้ เลิกโทรมาได้แล้ว! *กริ๊ก*",
  "Phone_Marlon_NoDeathItems": "อะไรนะ? เจ้าไม่ได้ทำอะไร หายในเหมืองเหรอ? อืมฮึ เหมือนเจ้าจะไม่ต้องการ ความช่วยเหลือของข้านะ ดูแลตัวเองล่ะ *กริ๊ก*"
}
