{
  "Starburst": "ระเบิดดวงดารา (Starburst)",
  "Artful": "ลูกเล่นแพรวพราว (Artful)",
  "Haymaker": "นักทำฟาง (Haymaker)",
  "Bug Killer": "นักฆ่าแมลง (Bug Killer)",
  "Vampiric": "จอมดูดเลือด (Vampiric)",
  "Crusader": "นักรบครูเสด (Crusader)",
  "Powerful": "ทรงพลัง (Powerful)",
  "Efficient": "ไม่กินแรง (Efficient)",
  "Swift": "ฉับไว (Swift)",
  "Expansive": "เหวี่ยงไกล (Reaching)",
  "Bottomless": "ก้นไร้หยั่ง (Bottomless)",
  "Shaving": "นักไสไม้ (Shaving)",
  "Archaeologist": "นักโบราณคดี (Archaeologist)",
  "Generous": "ของสองเท่า (Generous)",
  "Master": "ปรมาจารย์ (Master)",
  "Auto-Hook": "ติดเบ็ดทุกตัว (Auto-Hook)",
  "Preserving": "ทะนุถนอม (Preserving)",
  "Fisher": "ชาวประมง (Fisher)"
}
