{
  "BirthMessage_Adoption": "กลางดึกคืนนั้นเอง องค์กรรับเลี้ยงบุตรบุญธรรมได้นำบุตร{0} คนใหม่ของคุณมาส่ง",
  "BirthMessage_PlayerMother": "กลางดึกคืนนั้นเอง คุณได้ให้กำเนิดบุตร{0}",
  "BirthMessage_SpouseMother": "กลางดึกคืนนั้นเอง {1} ได้ให้กำเนิดบุตร{0}",
  "BirthMessage_SpouseNaming_Male": "{0} ได้ตั้งชื่อลูกชายตัวน้อยของคุณ",
  "BirthMessage_SpouseNaming_Female": "{0} ได้ตั้งชื่อลูกสาวตัวน้อยของคุณ",
  "BabyNamingTitle_Male": "เราตั้งชื่อเขาว่าอะไรดี?",
  "BabyNamingTitle_Female": "เราตั้งชื่อเธอว่าอะไรดี?",
  "HaveBabyQuestion": "นี่ {0} เรามามีลูกกันไหม?",
  "HaveBabyQuestion_Adoption": "นี่ {0} เรารับเด็กมาเลี้ยงกันดีไหม?",
  "HaveBabyAnswer_Yes": "เอาสิ",
  "HaveBabyAnswer_No": "รอก่อนนะ...",
  "HavePlayerBabyQuestion": "คุณอยากมีลูกกับ {0} หรือไม่?",
  "HavePlayerBabyQuestion_Adoption": "คุณอยากรับเลี้ยงบุตรบุญธรรมกับ {0} หรือไม่?",
  "AnimalBirth": "กลางดึกคืนนั้นเอง {0} ได้คลอด {1}",
  "AnimalNamingTitle": "ตั้งชื่อลูก {0} ใหม่ของคุณสิ:",
  "SoundInTheNight_UFO": "มีเสียงแปลกๆ ดังขึ้นในตอนกลางคืน...",
  "SoundInTheNight_Meteorite": "ได้ยินเสียงระเบิดดังขึ้น ในตอนกลางคืน...",
  "SoundInTheNight_Earthquake": "เกิดแผ่นดินไหวในตอนกลางคืน",
  "BeachNightMarket_NowOpen": "ตลาดนัดกลางคืนเปิดแล้วตอนนี้",
  "Maru_comet5": "ฉันดีใจเหลือเกินที่ได้ใช้ชีวิตบนโลกที่สว่างเจิดจ้าใบนี้กับคุณ!",
  "Maru_comet4": "ช่างว่างเปล่า ช่างเงียบเหงา...",
  "Maru_comet3": "ปรากฏขึ้นในชั่วขณะแสนสั้นในการเดินทางที่ไม่สิ้นสุดของมัน",
  "Maru_comet2": "ความน่าอัศจรรย์ใจอันหายากของจักรวาล...",
  "Maru_comet1": "สวยใช่ไหมล่ะ?",
  "ElliottBook_mystery": "ปราสาทสีคราม",
  "ElliottBook_romance": "สถานีคาร์มีเลีย",
  "ElliottBook_default": "กำเนิดและการล่มสลายแห่งดาวเคราะห์แยสโซ"
}
