{
  "DisplayType_Chicken_Blue": "ไก่สีฟ้า",
  "DisplayType_Chicken_Brown": "ไก่สีน้ำตาล",
  "DisplayType_Chicken_Golden": "ไก่ทองคำ",
  "DisplayType_Chicken_White": "ไก่สีขาว",
  "DisplayType_Chicken_Void": "ไก่สีดำ",
  "DisplayType_Cow_Brown": "วัวสีน้ำตาล",
  "DisplayType_Cow_White": "วัวสีขาว",
  "DisplayType_Dinosaur": "ไดโนเสาร์",
  "DisplayType_Duck": "เป็ด",
  "DisplayType_Goat": "แพะ",
  "DisplayType_Ostrich": "นกกระจอกเทศ",
  "DisplayType_Pig": "หมู",
  "DisplayType_Rabbit": "กระต่าย",
  "DisplayType_Sheep": "แกะ",
  "TryingToSleep": "{0} กำลังพยายามนอน",
  "MoodMessage_NewHome_Baby_Male": "{0} ยังคงเงอะงะเล็กน้อยจากการเกิด เขาอยากรู้เกี่ยวกับโลกใหม่ของเขา",
  "MoodMessage_NewHome_Baby_Female": "{0} ยังคงเงอะงะเล็กน้อยจากการเกิด เธออยากรู้เกี่ยวกับโลกใหม่ของเธอ",
  "MoodMessage_NewHome_Adult_Male_1": "{0} ดูเหมือนว่าจะอยากรู้อยากเห็น แต่ระมัดระวังเล็กน้อย เขาเริ่มชินกับบ้านใหม่",
  "MoodMessage_NewHome_Adult_Male_2": "{0} ดูเหมือนว่าจะอยากรู้อยากเห็น แต่ระมัดระวังเล็กน้อย มันเป็นโลกใหม่ที่แปลก",
  "MoodMessage_NewHome_Adult_Female_1": "{0} ดูเหมือนว่าจะอยากรู้อยากเห็น แต่ระมัดระวังเล็กน้อย เธอเริ่มชินกับบ้านใหม่",
  "MoodMessage_NewHome_Adult_Female_2": "{0} ดูเหมือนว่าจะอยากรู้อยากเห็น แต่ระมัดระวังเล็กน้อย มันเป็นโลกใหม่ที่แปลก",
  "MoodMessage_LeftOutsideAtNight_Male": "{0} ถูกทิ้งไว้ข้างนอกโดยที่ประตูปิดเมื่อคืนนี้... เขาไม่พอใจเลย",
  "MoodMessage_LeftOutsideAtNight_Female": "{0} ถูกทิ้งไว้ข้างนอกโดยที่ประตูปิดเมื่อคืนนี้... เธอไม่พอใจเลย",
  "MoodMessage_DisturbedByDog_Male": "{0} ดูเครียดและหวาดระแวงในวันนี้ ดูเหมือนว่าจะมีเรื่องไม่ดีเกิดขึ้นเมื่อคืนนี้",
  "MoodMessage_DisturbedByDog_Female": "{0} ดูเครียดและหวาดระแวงในวันนี้ ดูเหมือนว่าจะมีเรื่องไม่ดีเกิดขึ้นเมื่อคืนนี้",
  "MoodMessage_Hungry1": "{0} ดูไม่พอใจ",
  "MoodMessage_Hungry2": "{0} ดูผอมไปหน่อย",
  "MoodMessage_Sad": "{0} ดูเศร้าๆ",
  "MoodMessage_Fine": "{0} ดูสบายดี",
  "MoodMessage_Happy": "{0} วันนี้ดูมีความสุขจริงๆ!"
}
