{
  "RandomNegativeItemNoun": "ขยะ#มูลฝอย#เศษขยะ#โคลน#ขยะห่วยๆ",
  "RandomPositiveAdjective_Child": "เจ๋ง#สนุก#ปัง#ดี#เก๋#สุดยอด#เยี่ยม",
  "RandomPositiveAdjective_AdultMale": "น่าสนใจ#น่าตื่นเต้น#เรียบร้อย#สนุก#เยี่ยม#สุดยอด",
  "RandomPositiveAdjective_AdultFemale": "ดีงาม#สุดยอด#อบอุ่นหัวใจ#เหมือนมีเวทมนตร์#เหลือเชื่อ#น่ารัก#น่าเบิกบานใจ#น่าชื่นใจ",
  "RandomPositiveAdjective_PlaceOrEvent": "ดีงาม#ยอดเยี่ยม#อบอุ่นหัวใจ#มีมนต์ขลัง#สุดยอด#น่ารัก#น่าเบิกบานใจ#น่าชื่นใจ",
  "RandomDeliciousAdjective": "เอร็ดอร่อย#อร่อย#ดีงาม#น่าพึงพอใจ#เติมเต็ม#น่าปลื้มปิติ#น่ารับประทาน#น่าประทับใจ",
  "RandomDeliciousAdjective_Child": "อาหย่อย",
  "RandomNegativeFoodAdjective_Child": "ยี๋",
  "RandomNegativeFoodAdjective_Polite": "อะไรที่... น่าสนใจ#อะไรที่... แปลก#อะไรที่... แตกต่าง#อะไรที่... ไม่เหมือนที่เคยกินมาก่อนเลย",
  "RandomNegativeFoodAdjective": "ของแย่ๆ#ของน่าแหวะ#ของน่ารังเกียจ#ของน่าขยะแขยง#ของที่ปั่นป่วนท้อง#ของน่าคลื่นไส้#ของเลวร้าย#ของน่าสะอิดสะเอียน#ของน่าคลื่นเหียน#ของบูดๆ#ของน่าสยดสยอง#ของเน่า",
  "RandomSlightlyPositiveFoodAdjective": "ใช้ได้#ดี#พอกินได้",
  "ChildTerm_Male": "ชาย",
  "ChildTerm_Female": "หญิง",
  "Pronoun_Male": "เขา",
  "Pronoun_Female": "เธอ",
  "QuestionDialogue_Yes": "ใช่",
  "QuestionDialogue_No": "ไม่",
  "GenericPlayerTerm": "ชาวไร่",
  "Possessive_Pronoun_Male": "ของเขา",
  "Possessive_Pronoun_Female": "ของเธอ"
}
