{
  "AdventureGuild_KillList_Header": "------------------------------\n\t\t\t --เป้าหมาย กำจัดมอนสเตอร์--\n             \"เพื่อปกป้องหุบเขา ให้ปลอดภัย\"\n------------------------------",
  "AdventureGuild_KillList_LineFormat": "{0}/{1} {2}",
  "AdventureGuild_KillList_LineFormat_None": "{0}/{1} ????",
  "AdventureGuild_KillList_LineFormat_OverTarget": "{0} {2} *",
  "AdventureGuild_KillList_Slimes": "สไลม์",
  "AdventureGuild_KillList_VoidSpirits": "วิญญาณทมิฬ",
  "AdventureGuild_KillList_Bats": "ค้างคาว",
  "AdventureGuild_KillList_Skeletons": "โครงกระดูก",
  "AdventureGuild_KillList_CaveInsects": "แมลงในถ้ำ",
  "AdventureGuild_KillList_Duggies": "ดั๊กกี้",
  "AdventureGuild_KillList_DustSprites": "ภูตฝุ่นผง",
  "AdventureGuild_KillList_RockCrabs": "ปูหิน",
  "AdventureGuild_KillList_Mummies": "มัมมี่",
  "AdventureGuild_KillList_PepperRex": "เพพเพอร์ เรกซ์",
  "AdventureGuild_KillList_Serpent": "งูพิษ",
  "AdventureGuild_KillList_Footer": "\n  -ไปพบกิลเพื่อยืนยันสิทธิ์ รับรางวัลของคุณ",
  "AnimalHouse_Incubator_Hatch_VoidEgg": "ลูกเจี๊ยบตัวใหม่.... มันดูแปลกๆ นะ",
  "AnimalHouse_Incubator_Hatch_RegularEgg": "ในที่สุด ลูกเจี๊ยบน้อยก็ฟักออกมาแล้ว!",
  "AnimalHouse_Incubator_Hatch_DuckEgg": "ในที่สุด ลูกเป็ดน้อยก็ฟักออกมาแล้ว!",
  "AnimalHouse_Incubator_Hatch_DinosaurEgg": "ลูก....กิ่งก่าน้อย?...ฟักแล้ว",
  "BeachNightMarket_Closed": "เปิดเวลา 5 โมงเย็น",
  "BeachNightMarket_SubmarineInUse": "เรือดำน้ำกำลังถูกใช้งาน โปรดกลับมาภายหลัง",
  "BeachNightMarket_GiftGiverClosed": "แม่ค้า: ตลาดนัดกลางคืนเริ่ม 5 โมงเย็น... แวะมาดื่มกาแฟฟรีได้นะจ๊ะ!",
  "BeachNightMarket_GiftGiverQuestion": "แม่ค้า: ไง! สนใจกาแฟสักแก้วไหมจ๊ะ?",
  "BeachNightMarket_GiftGiverEnjoy": "แม่ค้า: อืมม...กลิ่นหอมใช้ได้เลยใช่ไหมจ๊ะ?",
  "BeachNightMarket_PainterClosed": "จิตรกรชื่อดังลูพินี่: กลับมาตอนตลาดเปิด ถ้าคุณสนใจซื้อชิ้นงาน ที่งดงามของฉัน",
  "BeachNightMarket_PainterQuestion": "จิตรกรชื่อดังลูพินี่: ฉันขายภาพนี้เพียง 1200g เท่านั้น สนใจไหม?",
  "BeachNightMarket_PainterSold": "จิตรกรชื่อดังลูพินี่: ขอโทษด้วยนะ... วันนี้ฉันไม่มีภาพ ที่จะขายเหลือแล้ว",
  "BeachNightMarket_WarperQuestion": "ร่างในผ้าพันตัว: ฉันสามารถส่งคุณกลับบ้านได้ แค่จ่าย 250g",
  "Beach_FixBridge_Question": "ใช้ไม้ 300 ชิ้น เพื่อซ่อมสะพานหรือไม่?",
  "Beach_FixBridge_Hint": "อืมม... ถ้าใช้ไม้ประมาณ 300 ชิ้นน่าจะซ่อมสะพานนี่ได้นะ",
  "Beach_GoneFishingMessage": "    ไปตกปลา\n\n   ฉันจะกลับพรุ่งนี้",
  "Beach_Mariner_Player_Male": "พ่อหนุ่ม",
  "Beach_Mariner_Player_Female": "แม่สาวน้อย",
  "Beach_Mariner_PlayerMarried": "ชาวประมงเฒ่า: ดีใจที่เครื่องรางนั่นมีประโยชน์กับเจ้านะ {0}",
  "Beach_Mariner_PlayerHasItem": "ชาวประมงเฒ่า: อย่ามัวแต่อายเลย เอาเครื่องรางนั่นไปแสดง ให้คนที่เจ้าปรารถนา จะแต่งงานด้วยดูเถิด",
  "Beach_Mariner_PlayerNotUpgradedHouse": "ชาวประมงเฒ่า: ข้าสามารถเห็นประกาย ในนัยน์ตาของเจ้า {0} เจ้าอยู่ลึกเหลือเกินในภวังค์แห่งรัก แต่ข้าเกรงว่า บ้านของเจ้าจะใหญ่ไม่พอ บ้านหลังใหญ่เป็นสิ่งสำคัญ ที่จะให้เจ้ามีชีวิตแต่งงาน ที่มีความสุข",
  "Beach_Mariner_PlayerBuyItem_Question": "ชาวประมงเฒ่า: อ่าห์ ข้าสามารถมองเห็น ในนัยน์ตาเจ้า... มีบางคนที่พิเศษ ในใจเจ้าแล้วสินะ ช่างบังเอิญ ข้ามี 'สร้อยคอนางเงือก (Mermaid's Pendant)' ขาย นำไปมอบให้คนพิเศษสิ คนๆนั้นจะรู้เองว่า เจ้าหมายความว่าอะไร",
  "Beach_Mariner_PlayerBuyItem_AnswerYes": "ซื้อ (5000g)",
  "Beach_Mariner_PlayerBuyItem_AnswerNo": "ไม่ใช่ตอนนี้...",
  "Beach_Mariner_PlayerNoRelationship": "ชาวประมงเฒ่า: ข้ามีเครื่องรางเก่าแก่ขาย... แต่บางสิ่งบอกข้าว่า เจ้ายังไม่พร้อมสำหรับมัน {0}",
  "MineCart_Destination_Mines": "เหมืองแร่",
  "MineCart_Destination_Town": "เมือง",
  "MineCart_Destination_BusStop": "ป้ายรถบัส",
  "MineCart_Destination_Quarry": "เหมืองหิน",
  "MineCart_Destination_Cancel": "ยกเลิก",
  "MineCart_ChooseDestination": "เลือกปลายทาง:",
  "MineCart_OutOfOrder": "ชำรุด",
  "MineCart_DestinationWithPrice": "{0} ({1}g)",
  "BusStop_BuyTicketToDesert": "ซื้อตั๋วไปทะเลทรายคาลิโก้ในราคา {0}g?",
  "BusStop_DesertOutOfService": "รถบัสไปยังทะเลทรายคาลิโก้ ยังไม่เปิดให้บริการ",
  "BusStop_NotEnoughMoneyForTicket": "คุณไม่มีเงินเพียงพอ",
  "BusStop_NoDriver": "โปรดกลับมาอีกครั้ง เมื่อคนขับรถบัสมาแล้ว",
  "BusStop_ReturnToHorse1": "{0} กำลังสงสัยว่าคุณไปอยู่ที่ไหนมา",
  "BusStop_ReturnToHorse2": "ม้าที่ซื่อสัตย์ของคุณ กำลังรอคุณกลับมาหาอย่างอดทน",
  "Club_Bouncer_TextAboveHead1": "ตอนนี้ฉันโกรธแล้วนะ!",
  "Club_Bouncer_TextAboveHead2": "ไอ้หนูจอมแสบ...",
  "CommunityCenter_AreaCompletion1": "เราคือเหล่าจูนิโม่... ผู้พิทักษ์ป่าแห่งนี้",
  "CommunityCenter_AreaCompletion2": "บ้านหลังนี้ว่างเปล่า มานานหลายปีแล้ว... เหล่าต้นไม้ย้ายเข้ามาอาศัย และพวกเราก็เช่นกัน",
  "CommunityCenter_AreaCompletion3": "พวกเรามีความสุข ที่ได้ช่วยเหลือ... อย่างไรมันก็ไม่ใช่บ้านของเรา",
  "CommunityCenter_AreaCompletion4": "บันเดิ้ลยอดเยี่ยม เต็มไปหมดเลย... ขอบคุณ! ขอบคุณ!",
  "CommunityCenter_AreaCompletion5": "เมื่อพวกเราหมดธุระที่นี่แล้ว เราก็จะกลับไปยังโลกอื่น",
  "CommunityCenter_AreaCompletion6": "บันเดิลอันสุดท้าย... ลาก่อน... {0}",
  "CommunityCenter_JunimosReturned": "เหล่าจูนิโม่ได้กลับ สู่โลกแห่งภูตแล้ว",
  "CommunityCenter_AreaName_BoilerRoom": "ห้องหลอม",
  "CommunityCenter_AreaName_BulletinBoard": "กระดานข่าว",
  "CommunityCenter_AreaName_CraftsRoom": "ห้องงานฝีมือ",
  "CommunityCenter_AreaName_FishTank": "ตู้ปลา",
  "CommunityCenter_AreaName_Pantry": "โกดัง",
  "CommunityCenter_AreaName_Vault": "ตู้นิรภัย",
  "CommunityCenter_AreaName_AbandonedJojaMart": "ร้านโจจ้าที่ถูกทิ้งร้าง",
  "Desert_Return_Question": "กลับไปยังสตาร์ดิวแวลลีย์?",
  "Desert_Return_Yes": "กลับเลย",
  "Desert_Return_No": "ยังก่อน",
  "Farm_1SlimeEscaped": "สไลม์ตัวหนึ่งเล็ดรอด ไปในเวลากลางคืน",
  "Farm_NSlimesEscaped": "เหล่าสไลม์ {0} ตัว หนีไปในเวลากลางคืน",
  "Farm_GrandpaNote": "{0}-\n\nจงรอการกลับมาของปู่ ในรุ่งอรุณของปีที่สาม\n\n-คุณปู่",
  "Farm_GrandpaShrine_PlaceDiamond": "คุณวางเพชร (Diamond) ไว้บนสุสานคุณปู่",
  "Farm_GrandpaShrine_DiamondSlot": "มีช่องรูปเพชร อยู่ในสุสาน... มันอยู่ตรงนั้นมาเสมอเลยหรือ?",
  "FarmHouse_SpouseAttacked1": "อะไรน่ะ...?",
  "FarmHouse_SpouseAttacked2": "อ้า!!",
  "FarmHouse_SpouseAttacked3": "#!*#%*!",
  "FarmHouse_SpouseAttacked4": "อุ๊ยตาย!",
  "FarmHouse_SpouseAttacked5": "ตายซะ!",
  "FarmHouse_SpouseAttacked6": "ออกไป!",
  "FarmHouse_SpouseAttacked7": "ฮี!",
  "FarmHouse_SpouseAttacked8": "รับไปซะ!",
  "FarmHouse_SpouseAttacked9": "ช่วยด้วย!",
  "FarmHouse_SpouseAttacked10": "ไปเอาดาบมา!",
  "FarmHouse_SpouseAttacked11": "อ๊าก!",
  "FarmHouse_SpouseAttacked12": "กาซซ!",
  "Forest_WizardTower_Locked": "มันถูกล็อก แต่คุณได้ยินเสียงใครบางคนข้างใน",
  "Forest_OpenedSewer": "คุณปลดล็อกท่อระบายน้ำ ด้วยกุญแจสนิมเขรอะ (Rusty Key)!",
  "Forest_HatMouseStore_Abandoned": "ดูเหมือนจะถูกทิ้งร้าง...",
  "DoorUnlock_NotFriend_Male": "คุณยังไม่สนิทกับ {0} มากพอที่จะเข้าไป ในห้องนอนของเขา",
  "DoorUnlock_NotFriend_Female": "คุณไม่สนิทกับ {0} มากพอที่จะเข้าไป ในห้องนอนของเธอ",
  "DoorUnlock_NotFriend_Couple": "คุณไม่สนิทกับ {0} และ {1} มากพอที่จะเข้าไป ในห้องนอนของพวกเขา",
  "FarmHouse_Bed_GoToSleep": "เข้านอนเลยใช่ไหมคืนนี้?",
  "MensLocker_WrongGender": "นั่นเป็นห้องเปลี่ยนเสื้อผ้าผู้ชาย... คุณเข้าไปไม่ได้นะ!",
  "WomensLocker_WrongGender": "นั่นเป็นห้องเปลี่ยนเสื้อผ้าผู้หญิง... คุณเข้าไปไม่ได้นะ!",
  "Saloon_ColaMachine_Question": "ซื้อน้ำโจจ้าโคล่า (Joja Cola) ในราคา 75g?",
  "IceCreamStand_ComeBackLater": "กลับมาใหม่นะเมื่อมีคนมาทำงาน",
  "IceCreamStand_NotSummer": "ปิดจนกว่าจะถึงฤดูร้อน",
  "WizardTower_WizardShrine": "           ศาลเจ้าแห่งภาพลวงตา\nเซ่น 500g เพื่อเปลี่ยนรูปลักษณ์ของคุณ?",
  "SeedShop_BuyBackpack_Response2000": "ซื้อ (2,000g)",
  "SeedShop_BuyBackpack_Response10000": "ซื้อ (10,000g)",
  "SeedShop_BuyBackpack_ResponseNo": "ไม่ใช่ตอนนี้",
  "SeedShop_BuyBackpack_Question24": "อัปเกรดกระเป๋า -- 24 ช่อง",
  "SeedShop_BuyBackpack_Question36": "อัปเกรดกระเป๋า -- 36 ช่อง",
  "Club_Buy100Coins": "ซื้อ 100 Qi Coins ในราคา 1,000g?",
  "Desert_SandDragon_Initial": "กระเพาะมันกระหาย ดวงอาทิตย์แห่งทะเลทราย แม้ในความตาย มันก็ปรารถนาจะลิ้มลอง",
  "Desert_SandDragon_ConsumeEssence": "คุณวางแสงวิญญาณ (essence) ลงในกระเพาะมังกร ทันใดนั้นเองคุณก็สังเกตเห็น โน๊ตที่ถูกซ่อนภายในเบ้าตา:",
  "Desert_SandDragon_MrQiNote": "'คุณได้พิสูจน์ตัวเองแล้ว เด็กน้อย ไปตรวจสอบกองฟืน ที่อยู่ข้างบ้านของคุณดูสิ -Mr. Qi'",
  "Railroad_Box_Initial": "มันเป็นกล่องเปล่า",
  "Railroad_Box_ConsumeShell": "คุณโยนเปลือกหอยลงไปในกล่อง ทันใดนั้น โน๊ตก็ร่วงลงมาจากคานค้ำหลังคา:",
  "Railroad_Box_MrQiNote": "'เยี่ยมมาก งานต่อไปของคุณ: ใส่บีท (beets) 10 ผล ในตู้เย็นท่านนายกเทศมนตรี -Mr. Qi'",
  "ManorHouse_LedgerBook_Singleplayer": "สมุดบัญชีแยกประเภท ของเมืองเพลิแกน... ดูเหมือนว่า ท่านนายกเทศมนตรี จะใช้หนังสือนี้เพื่อบันทึก เรื่องการเงินของเมืองนะ",
  "ManorHouse_LedgerBook_NoFarmhands": "หากลูกมือของคุณ เข้าร่วมในฟาร์มของคุณ คุณสามารถโอนเงินให้พวกเขาได้",
  "ManorHouse_LedgerBook_SharedWallets_Client": "สมุดบัญชีแยกประเภท ของเมืองเพลิแกน... เจ้าของฟาร์มสามารถ ร้องขอให้ท่านนายกเทศมนตรี แบ่งแยกเงินทุนให้กับ ลูกมือในฟาร์มได้",
  "ManorHouse_LedgerBook_SharedWallets_SeparateQuestion": "ต้องการแบ่งเงินทุน ให้กับชาวสวนแต่ละคนงั้นหรือ? ในคืนนี้ เงินทุนจะถูกแบ่งให้ แต่ละคนเท่าๆกัน ถ้าหากคุณเกิดเปลี่ยนใจขึ้นมาล่ะก็ จงกลับมาที่นี่ก่อนหมดคืนนี้ล่ะ",
  "ManorHouse_LedgerBook_SharedWallets_CancelQuestion": "ยกเลิกการแบ่งเงินทุน?",
  "ManorHouse_LedgerBook_SeparateWallets_HostQuestion": "มันคือสมุดบัญชีแยกประเภท ของท่านนายกเทศมนตรี คุณอยากทำอะไร?",
  "ManorHouse_LedgerBook_SendMoney": "ส่งเงิน",
  "ManorHouse_LedgerBook_MergeWallets": "รวมเงิน",
  "ManorHouse_LedgerBook_CancelMerge": "ยกเลิกการใช้เงินทุนร่วมกัน",
  "ManorHouse_LedgerBook_Leave": "ออก",
  "ManorHouse_LedgerBook_TransferCancel": "ยกเลิก",
  "ManorHouse_LedgerBook_SeparateWallets_MergeQuestion": "ต้องการรวมเงินทุกของทุกคนงั้นหรือ? ในคืนนี้ เงินของทุกๆคนจะถูกรวมเข้าด้วยกัน ถ้าหากคุณเกิดเปลี่ยนใจขึ้นมาล่ะก็ ให้กลับมาที่นี่ก่อนหมดคืนนี้",
  "ManorHouse_LedgerBook_SeparateWallets_CancelQuestion": "ยกเลิกการรวมเงินทุน?",
  "ManorHouse_LedgerBook_SeparateWallets_TransferQuestion": "คุณต้องการที่จะส่งเงินให้ใคร?",
  "ManorHouse_LedgerBook_SeparateWallets_HowMuchQuestion": "คุณต้องการที่จะส่งเงินจำนวนเท่าใด?",
  "ManorHouse_DivorceBook_NoSpouse": "บันทึกการแต่งงานชาวเมืองเพลิแกน... หลังแต่งงาน คุณสามารถยื่นเรื่องขอหย่าได้ที่นี่ หวังว่ามันคงไม่จำเป็นหรอกนะ!",
  "ManorHouse_DivorceBook_Question": "ยื่นเรื่องขอหย่างั้นหรือ? มีค่าใช้จ่าย 50,000g นะ",
  "ManorHouse_DivorceBook_CancelQuestion": "ยกเลิกการหย่า?",
  "ManorHouse_DivorceBook_Cancelled": "คำขอการหย่าของคุณถูกยกเลิก",
  "ManorHouse_DivorceBook_Filed": "ยื่นเอกสารการหย่าของคุณเรียบร้อยแล้ว แต่คู่สมรสของคุณ จะยังไม่ทราบจนกว่า จะถึงพรุ่งนี้เช้า ถ้าคุณเปลี่ยนใจ กลับมาที่นี่ก่อนหมดคืนนี้",
  "ManorHouse_MayorFridge_Initial": "นี่เป็นตู้เย็น ของนายกเทศมนตรี ส่วนใหญ่เต็มไปด้วย นมและชาเย็น",
  "ManorHouse_MayorFridge_ConsumeBeets": "คุณวางบีท (beets) ในตู้เย็นอย่างรวดเร็ว เดี๋ยวนะ...มีโน้ตติดอยู่กับนมด้วย มันจ่าหน้าถึงคุณ:",
  "ManorHouse_MayorFridge_MrQiNote": "'เยี่ยมมากเด็กน้อย งานสุดท้ายของคุณ: จงให้อาหารมื้อสุดท้ายแก่มังกรทราย -Mr. Qi'",
  "Tunnel_TunnelSafe_Initial": "เป็นกล่องใส่รหัส ที่ขับเคลื่อนด้วยแบตเตอรี่ แต่น่าเสียดาย ที่ไม่มีแบตเตอรี่อยู่ข้างใน",
  "Tunnel_TunnelSafe_ConsumeBattery": "มันได้ผล! ฝากล่องใส่รหัสกระเด้งเปิดออก ภายในมีโน้ตอยู่:",
  "Tunnel_TunnelSafe_MrQiNote": "'งานแรกของคุณ: นำเปลือกหอยสีรุ้ง (rainbow shell) ไปวางไว้ในกล่อง ที่อยู่บนชานชาลารถไฟ -Mr. Qi'",
  "SkullCave_SkullDoor_Locked": "ประตูถูกล็อก",
  "SkullCave_SkullDoor_Unlock": "คุณใส่กุญแจหัวกะโหลก (Skull Key) ลงในรูกุญแจ มันพอดีเลย!",
  "FarmHouse_Crib_NewbornSleeping": "{0} กำลังนอน",
  "Farm_GreenhouseRuins": "ไม่ว่าที่นี่จะเคยเป็นอะไร ตอนนี้มันอยู่ในสภาพ ซากปรักหักพังซะแล้ว",
  "Saloon_Arcade_Minecart_Menu": "= จูนิโม่คาร์ต =",
  "Saloon_Arcade_Minecart_ProgressMode": "โหมดเนื้อเรื่อง",
  "Saloon_Arcade_Minecart_EndlessMode": "โหมดคะแนนสูงสุด",
  "Saloon_Arcade_Minecart_Exit": "ออก",
  "Saloon_Arcade_PK_NewGame+": "กดปุ่มเพื่อเข้าสู่การผจญภัยที่ท้าทายยิ่งขึ้น...",
  "Saloon_Arcade_Minecart_Inactive": "มีรูกุญแจรูปกะโหลก...",
  "JoshHouse_Alex_Trash": "คุณคุ้ยเจอห่อโปรตีนแท่งกองหนึ่ง",
  "SamHouse_Sam_Trash": "ดูเหมือนแซมจะทำความสะอาดถังขยะของเขาเป็นประจำ",
  "SeedShop_Abigail_Drawers": "มันเต็มไปด้วยเสื้อผ้า...เดี๋ยวนะ มีดาบซ่อนอยู่ใต้เสื้อผ้าด้วย",
  "Submarine_SubmergeQuestion": "กัปตัน: *ตะโกน* อะฮอย คนตรงนั้นน่ะ! อยากทัศนาการตกปลา ใต้ทะเลลึกไหมล่ะ? คิดแค่ 1,000g เบาๆ",
  "Submarine_AscendQuestion": "กัปตัน: ให้ฉันพาเราขึ้นฝั่งเลยไหม?",
  "Submarine_Done": "กัปตัน: เรากลับถึงแล้ว! อย่าทิ้งปลาไว้ในนี้ล่ะ",
  "Mines_MineElevator_NotWorking": "ดูเหมือนจะไม่ทำงาน...",
  "Mines_LeaveMine": "ออกจากเหมือง",
  "Mines_GoUp": "ขึ้นไปหนึ่งชั้น",
  "Mines_DoNothing": "ไม่ทำอะไร",
  "Mines_ResetMine": "รีเช็ตความคืบหน้า ในเหมืองแร่?\n(คุณจะกลับไปที่เหมืองชั้นที่ 1)",
  "Club_CalicoJack_HS": "โต๊ะนี้สำหรับขาใหญ่ วางเงินเดิมพัน 1000 coin",
  "Club_CalicoJack": "อยากเล่นคาลิโก้แจ๊คไหม? โต๊ะนี้วางแค่ 100 coin เท่านั้น",
  "Club_CalicoJack_Play": "เอาสักหน่อย",
  "Club_CalicoJack_Leave": "เลิกดีกว่า",
  "Club_CalicoJack_Rules": "กติกาการเล่น",
  "Club_QiCoins": "ท่านมี {0} Club Coins",
  "Club_QiCoins_BuyStarter": "ท่านมี 0 เหรียญคาสิโน สนใจซื้อแพ็คเกจมือใหม่ในราคา 1000g หรือไม่?",
  "Club_ClubSeller": "นี่ๆ...ฉันมี 'รูปปั้นแห่งโชคลาภกัลปาวสาน (Statue of Endless Fortune)' ขาย.... 1,000,000g เท่านั้น สนเปล่า?",
  "Club_ClubSeller_Yes": "ตกลง จัดมาเลย",
  "Club_ClubSeller_No": "ไม่มีทาง!",
  "Club_ClubSeller_NotEnoughMoney": "เฮ้ ฉันบอกว่า 1,000,000g ไง! จ่ายสด งดเชื่อ เบื่อทวง",
  "Secret_Note_Name": "บันทึกลับ",
  "Town_DwarfGrave_Translated": "     คุณแปลภาษาคนแคระ:\n\nจงหยัดยืนระหว่างสามเสาหิน \nด้วยของขวัญ ที่มีค่ามหาศาลดุจท้องฟ้า:\nนำสายรุ้งจากแผ่นดิน มิใช่ท้องทะเล \nแล้วห้วงกาแล็กซี่ จะสดับฟังเสียงร้องของเจ้า\n",
  "Town_mgThiefMessage": "มนุษย์เงา: ว๊ากกก! แกจับฉันได้! ฉันขอโทษ! เอาคืนไป! เอาคืนไป! มันดูมีค่าจนฉันอดไม่ได้...",
  "Town_SpecialCharmQuestion": "คนขับรถ: สวัสดีเด็กน้อย... ฉันต้องการโชคช่วย... ทำไมคุณไม่หา 'ตีนกระต่าย (rabbit's foot)' มาให้ฉันล่ะ? ฉันจะตอบแทนคุณอย่างคุ้มค่าเลย",
  "Town_specialCharmNoFoot": "คนขับรถ: กลับมาเมื่อเธอเจอ 'ตีนกระต่าย (rabbit's foot)' นะเด็กน้อย",
  "SeedShop_Yoba": "แท่นบูชาโยบะ",
  "ElliottHouse_ElliottBook_Blank": "หนังสือที่ว่างเปล่า",
  "ElliottHouse_ElliottBook_Filled": "'{0}' โดยเอลเลียต ... แด่ {1}",
  "FestivalDay_DoorLocked": "มันถูกล็อก...",
  "SeedShop_LockedWed": "ปิดทำการในวันพุธ",
  "LockedDoor": "มันถูกล็อก...",
  "LockedDoor_OpenRange": "มันถูกล็อก... (เปิด {0} - {1})",
  "LockedDoor_FriendsOnly": "มันถูกล็อก... เฉพาะเพื่อนของ {0} เท่านั้น ที่สามารถเข้าได้โดยไม่ต้องมีคำเชิญ",
  "ScienceHouse_CarpenterMenu": "ฉันสามารถทำอะไรให้คุณได้บ้าง?",
  "ScienceHouse_CarpenterMenu_Shop": "ซื้อของ",
  "ScienceHouse_CarpenterMenu_UpgradeHouse": "อัปเกรดบ้าน",
  "ScienceHouse_CarpenterMenu_CommunityUpgrade": "ยกระดับชุมชน",
  "ScienceHouse_CarpenterMenu_Construct": "สร้างสิ่งก่อสร้างในฟาร์ม",
  "ScienceHouse_CarpenterMenu_Leave": "ออก",
  "ScienceHouse_RobinAbsent": "ขออภัย! วันนี้ร้านปิด... ฉันไปเต้นแอโรบิกที่บ้านแคโรไลน์\n\n-โรบิน",
  "Blacksmith_Clint_Shop": "ซื้อของ",
  "Blacksmith_Clint_Upgrade": "อัปเกรดอุปกรณ์",
  "Blacksmith_Clint_Leave": "ออก",
  "Blacksmith_Clint_Geodes": "เปิดผลึก (geodes)",
  "AnimalShop_Marnie_Supplies": "ซื้ออุปกรณ์และอาหารสัตว์",
  "AnimalShop_Marnie_Animals": "ซื้อสัตว์ในฟาร์ม",
  "AnimalShop_Marnie_Leave": "ออก",
  "AnimalShop_Marnie_Absent": "ปิดทำการ ในวันนี้\n\n-มานี",
  "ArchaeologyHouse_Gunther_Donate": "บริจาคของเข้าพิพิธภันฑ์",
  "ArchaeologyHouse_Gunther_Collect": "รับรางวัล",
  "ArchaeologyHouse_Gunther_Leave": "ออก",
  "ArchaeologyHouse_Rearrange": "คุณอยากจะจัดเรียงของที่จัดแสดงในพิพิธภัณฑ์หรือไม่?",
  "HaleyHouse_EmilyRoomObject": "มีม้วนเทปอยู่ภายใน:'จังหวะเต้นไร้กฎเกณฑ์'",
  "Club_Bouncer_PlayerClubMember": "เข้ามาได้",
  "Club_CalicoJack_Rules1": "เป้าหมายคือ ทำแต้มให้ใกล้กับ 21 มากที่สุดเท่าที่จะทำได้ การ์ดมีตั้งแต่ 1 ถึง 9 ยกเว้นการ์ดใบแรก ที่มีแต้มสูงถึง 11 ผู้เล่นแต่ละคนจะเริ่มต้นด้วย การ์ดสองใบ แต่การ์ดใบแรกของเจ้ามือจะยังคงถูกซ่อนไว้ แต่ละตา คุณสามารถเลือกที่จะจั่วการ์ดหนึ่งใบ ที่จะมีแต้มสุ่มระหว่าง 1 ถึง 9 หรือ ผ่าน",
  "Club_CalicoJack_Rules2": "เมื่อคุณเลือกที่จะผ่าน การ์ดของเจ้ามือที่ถูกซ่อนไว้ จะถูกเปิด เธอจะต้องจั่วจนกว่าแต้มรวม ของการ์ดจะมีค่ามากกว่า 18 หากผู้เล่นคนใดคนหนึ่งได้แต้มเกิน 21 แต้มในตาของตนเอง จะถือว่าแพ้ หากเจ้ามือผ่าน การ์ดทั้งหมดจะถูกเปิด และผู้เล่นที่มีแต้มสูงสุดจะเป็นผู้ชนะ",
  "Club_CalicoJackHS_NotEnoughCoins": "คุณต้องมีอย่างน้อย 1000 coins เพื่อเล่นที่นี่",
  "Club_CalicoJack_NotEnoughCoins": "สวัสดี เงินเดิมพันเริ่มต้นที่ 100 coins คุณมีเหรียญไม่พอ ไปซื้อเพิ่มจากตู้ซะ ถ้าต้องการจะเล่น",
  "ScienceHouse_Carpenter_UpgradeHouse1": "ฉันสามารถขยายบ้าน และเพิ่มห้องครัวให้คุณได้ แต่มีค่าก่อสร้าง 10,000g และคุณต้องหาไม้ให้ฉัน 450 ท่อน คุณสนใจจะจ้างเลยไหม?",
  "ScienceHouse_Carpenter_UpgradeHouse2": "ฉันสามารถขยายบ้านเพิ่ม และสร้างห้องนอนเด็กให้คุณได้ แต่มีค่าก่อสร้าง {0}g และคุณต้องหาไม้เนื้อแข็งให้ฉัน (hardwood) {1} ท่อน คุณสนใจจะจ้างเลยไหม?",
  "ScienceHouse_Carpenter_UpgradeHouse3": "ฉันสามารถสร้างห้องใต้ดิน ใต้บ้านคุณได้นะ ห้องใต้ดินจะสามารถ ใช้เพิ่มอายุให้สินค้าบางประเภท เช่น ไวน์ (wine) และชีส (cheese) ได้ ฉันคิดค่าก่อสร้าง 100,000g คุณสนใจจะจ้างเลยไหม?",
  "ScienceHouse_Carpenter_CommunityUpgrade1": "...อะไรนะ? คุณอยากสร้างบ้านให้แพมเหรอ? เป็นความคิดที่เยี่ยมมาก!^ฉันแค่ต้องใช้ไม้ 950 ท่อน และ เงินประมาณ 500,000g...",
  "ScienceHouse_Carpenter_NotEnoughWood1": "ขอโทษด้วย... คุณมีเงินครบแล้ว แต่ฉันยังต้องใช้ไม้อีก 450 ท่อน",
  "ScienceHouse_Carpenter_NotEnoughWood2": "ขอโทษด้วย... คุณมีเงินครบแล้ว แต่ฉันยังต้องใช้ไม้เนื้อแข็ง (Hardwood) อีก {0} ท่อน",
  "ScienceHouse_Carpenter_NotEnoughWood3": "ขอโทษด้วย... คุณมีเงินครบแล้ว แต่ฉันยังต้องใช้ไม้อีก 950 ท่อน",
  "Farm_WeedsDestruction": "วัชพืชที่กำลังแพร่พันธุ์ ได้สร้างความเสียหาย ให้ฟาร์มของคุณแล้ว",
  "JojaMart_SignUp": "ถ้าคุณเป็นสมาชิกโจจ้า ศูนย์ชุมชนจะถูกปรับ ให้กลายเป็นโกดังของโจจ้า และคุณจะไม่สามารถ บูรณะมันใหม่ได้อีก อย่างไรก็ตามโจจ้า จะเสนอวิธีอื่นๆ เพื่อพัฒนาเมือง คุณแน่ใจหรือไม่ว่าจะเข้าร่วม?",
  "Mines_Infested": "พื้นที่นี้เกิดเชื้อระบาด...",
  "Mines_Overrun": "พื้นที่นี้ถูกยึดครอง โดยพวกมอนสเตอร์",
  "Mines_Fallen": "คุณร่วงลงไป {0} ชั้น",
  "Mines_FallenFar": "โอ้ย! คุณร่วงลงไป {0} ชั้น!",
  "Mines_ShaftJumpIn": "กระโดดลงไป",
  "Mines_Shaft": "มีปล่องเหมืองลงไป",
  "Mountain_AdventurersGuildNote": "      * สมาคมนักผจญภัย *\n\n    สำหรับนักผจญภัยผู้พิสูจน์ตัวแล้วเท่านั้น",
  "Railroad_TrainComing": "รถไฟกำลังแล่นผ่าน สตาร์ดิวแวลลีย์",
  "Town_SeedShopSign": "- ร้านขายของทั่วไปของปิแอร์ -\nเปิดแล้วทุกวัน เวลา 9 AM - 5 PM!",
  "Town_JojaSign_Destroyed": "ปิดกิจการ",
  "Town_PickupTruck": "มันก็แค่ด้านหลัง รถกระบะเก่าๆ ของเทศมนตรีเลวิส...",
  "Sewer_DogStatue": "-รูปปั้นแห่งความลังเลใจ- ^รูปปั้นนี้สามารถ ช่วยเปลี่ยนทักษะอาชีพ ของคุณได้^เซ่นด้วยเงิน 10,000g หรือไม่?",
  "Sewer_DogStatueCancel": "ไม่ล่ะ ฉันเปลี่ยนใจแล้ว...",
  "Sewer_DogStatueQuestion": "ทักษะอาชีพใดหรือ ที่คุณต้องการเปลี่ยน?",
  "Sewer_DogStatueAlready": "ทักษะนี้กำลังจะ เกิดการเปลี่ยนแปลง อยู่แล้วในคืนนี้ กลับมาใหม่อีกครั้งพรุ่งนี้...",
  "Sewer_DogStatueFinished": "*โฮ่ง* *โฮ่ง* (เรียบร้อยแล้ว...ตอนนี้ก็ถึงเวลานอน...)",
  "WitchHut_EvilShrineLeft": "-ศาลมืดแห่งความเห็นแก่ตัว-^ลูกของคุณ จะกลายเป็นนกพิราบ และบินจากไป...^สังเวยสะเก็ดแก้วปริซึม (Prismatic Shard) หรือไม่?",
  "WitchHut_EvilShrineLeftInactive": "-ศาลมืดแห่งความเห็นแก่ตัว-^รูปปั้นมองเข้าไปลึกในจิตใจคุณ...",
  "WitchHut_EvilShrineCenter": "-ศาลมืดแห่งความทรงจำ-^ความสัมพันธ์ระหว่าง คุณกับอดีตคู่แต่งงาน จะถูกลบออกจากความทรงจำ ประหนึ่งว่าคุณ ไม่เคยพบกันมาก่อน^เซ่นด้วยเงิน 30,000g?",
  "WitchHut_Goodbye": "ลาก่อน {0}",
  "WitchHut_EvilShrineCenterInactive": "-ศาลมืดแห่งความทรงจำ- ^รูปปั้นมองเข้าไปลึกในจิตใจคุณ...",
  "WitchHut_EvilShrineRightActivate": "-ศาลมืดแห่งความสะพรึงยามราตรี- ^เวทมนตร์โบราณ ที่ถูกผนึกจะถูกปลด เพื่อทำให้มอนสเตอร์ ปรากฏที่ฟาร์มของคุณ ในเวลากลางคืน^หากคุณพร้อมแล้ว จงวาง ขนมปังก้อนหน้าตาประหลาด (Strange Bun) ชะ!",
  "WitchHut_EvilShrineRightDeActivate": "\n        -ศาลมืดแห่งความสะพรึงยามราตรี- ^เวทมนตร์โบราณที่ปกป้องฟาร์ม จะถูกคลายลง ทำให้เหล่ามอนสเตอร์ ปรากฏตัวในฟาร์มของคุณ ยามรัตติกาลได้^เซ่นไหว้ด้วย ขนมปังก้อนหน้าตาประหลาด (Strange Bun) หรือไม่!\n      ",
  "WitchHut_NoOffering": "คุณไม่มีเครื่องเซ่นที่เหมาะสม",
  "Sewer_MagicSeal": "มีสนามพลังบางประเภท ปิดกั้นเส้นทางของคุณไว้",
  "Woods_Statue": "--อาจารย์ชราแคนโนลี่--\n...ยังคงตามหารสที่หอมหวานที่สุด...",
  "ScienceHouse_CarpenterMenu_UpgradeCabin": "อัปเกรดบ้าน",
  "AdventureGuild_ItemRecovery": "บริการกู้คืนของหาย",
  "AdventureGuild_Greeting": "ต้องการอะไรรึ?",
  "ManorHouse_DivorceBook_Question_Krobus": "ไล่ {0} ออกจากบ้านหรือไม่?",
  "ManorHouse_DivorceBook_CancelQuestion_Krobus": "ยกเลิกการไล่ออกจากบ้าน?",
  "ManorHouse_DivorceBook_Cancelled_Krobus": "คุณเปลี่ยนใจที่จะไล่ {0} ออกจากบ้านแล้ว",
  "ManorHouse_DivorceBook_Filed_Krobus": "คุณตัดสินใจที่จะไล่ {0} ออกจากบ้านแล้ว ถ้าคุณเปลี่ยนใจ กลับมาที่นี่ก่อนสิ้นคืน",
  "Theater_Poster_0": "ที่ฉายอยู่ตอนนี้: \"{0}\"",
  "Theater_Poster_1": "\"{0}\"",
  "Theater_Poster_Coming_Soon": "เร็วๆ นี้: \"{0}\"",
  "Theater_MovieEnd": "ภาพยนตร์จบลงแล้ว พวกเราหวังว่าคุณจะเพลิดเพลินไปกับภาพยนตร์ในคืนนี้!",
  "Theater_MovieEndReEntry": "ภาพยนตร์จบลงแล้ว",
  "HaleyHouse_SewingMachine": "มันคือจักรเย็บผ้า... แต่ฉันไม่แน่ใจว่ามันใช้ยังไง",
  "HaleyHouse_DyePot": "สีย้อมมากมายหลายเฉดสีเรียงรายกัน",
  "Caroline_Sunroom_Door": "แคโรไลน์ให้เฉพาะเพื่อนๆ ของเธอเข้าเท่านั้น...",
  "Caroline_Tea_Event1": "เมื่อฉันอยู่คนเดียว และผ่อนคลายไปกับชา...",
  "Caroline_Tea_Event2": "ภายในใจของฉัน ว่างเปล่าและเป็นอิสระ...",
  "Caroline_Tea_Event3": "ใครจะรู้ว่าจะมีอะไร ปรากฏออกมาบ้าง?",
  "Desert_Trader_Closed": "ปิดจนถึงวันที่ 18 เพื่อจัดงานตลาดนัดกลางคืนแห่งเมืองเพลิแกน",
  "Farm_OtherPlayerMailbox": "นั่นไม่ใช่ กล่องจดหมายของคุณ",
  "BuyTicket": "ซื้อตั๋วในราคา {0}g?",
  "IslandNorth_CaveHelp_0": "ช่วยด้วย!",
  "IslandNorth_CaveHelp_1": "มีใครอยู่ข้างนอกไหม?",
  "IslandNorth_CaveHelp_2": "ฉันติดอยู่ในนี้!",
  "IslandNorth_CaveHelp_3": "อยู่ตรงนี้!",
  "IslandNorth_CaveTool_0": "มันไม่ได้ผลแน่",
  "IslandNorth_CaveTool_1": "มันอ่อนไป",
  "IslandNorth_CaveTool_2": "หืมม...",
  "IslandNorth_CaveTool_3": "ลองอย่างอื่นดูสิ",
  "IslandNorth_Event_SafariManAppear": "tropical_island_day_ambient/-1000 -100/farmer 20 48 1/skippable/pause 1000/viewport 21 47 true/pause 1000/playSound thudStep/addTemporaryActor SafariGuy 16 32 22 45 2 true ???/move SafariGuy 0 3 3/pause 1000/speak SafariGuy \"ขอบคุณนะ! นึกว่าฉันจะไม่รอดแล้ว... $h#$b#ฉันติดอยู่ในถ้ำนี้ มาเป็นเดือนแล้ว!\"/pause 500/faceDirection SafariGuy 2/pause 300/showFrame SafariGuy 16/pause 600/emote SafariGuy 28/speak SafariGuy \"...ถ้าต้องกินสลัดเห็ดถ้ำ อีกสักคำ ฉันคงกู่ไม่กลับแน่... *ตัวสั่น* ...มันดึ๋ยมากเลย...$s\"/pause 500/showFrame SafariGuy 0/pause 500/faceDirection SafariGuy 3/pause 500/translateName SafariGuy Strings\\NPCNames:ProfessorSnail/speak SafariGuy \"ว่าแต่... ฉันชื่อ ศาสตราจารย์หอยทาก#$b#ฉันกำลังสำรวจ เรื่องพืชพรรณดอกไม้ ของเกาะนี้มาได้ปีนึงแล้วล่ะ เป็นที่ที่พิเศษจริงๆ!\"/pause 400/faceDirection SafariGuy 2/pause 250/faceDirection SafariGuy 3/speak SafariGuy \"เอาล่ะ ฉันจะกลับเต้นท์ ไปล้างหน้าล้างตาเสียหน่อย เกรงว่าตัวฉัน คงจะมีแต่กลิ่นเห็ด...$s#$b#เฮ้... ว่างๆ แวะมาเต้นท์ฉันได้นะ! คนคล่องแคล่วอย่างเธอ จะต้องมีค่ามาก สำหรับโครงการของฉัน แน่นอน... ฮี่ ฮี่! ลาก่อนล่ะ$h\"/pause 200/showFrame SafariGuy 17/pause 800/showFrame SafariGuy 12/pause 200/advancedMove SafariGuy true 1 0 0 4/pause 250/end position 20 48",
  "IslandFieldOffice_Welcome_0": "ทักทาย!",
  "IslandFieldOffice_Welcome_1": "สวัสดี!",
  "IslandFieldOffice_Welcome_2": "เฮ้!",
  "IslandFieldOffice_Welcome_3": "ยินดีต้อนรับ!",
  "IslandFieldOffice_Survey_Yes": "พร้อมรายงาน",
  "IslandFieldOffice_Survey_Notyet": "ยังไม่พร้อม",
  "IslandFieldOffice_Survey_Prompt_LeftPlant": "แบบสำรวจเกาะ -- โปรดแจ้งจำนวนดอกไม้สีม่วงที่อยู่บนเกาะแห่งนี้",
  "IslandFieldOffice_Survey_PurpleFlower_Question": "มีดอกไม้สีม่วงอยู่บนเกาะนี้กี่ดอก?",
  "IslandFieldOffice_Survey_PurpleFlower_Wrong": "อืม... ตัวเลขนั่นไม่เข้ากับแบบร่างของฉันสักนิด... บางทีเธอควรจะมาลองตอบใหม่พรุ่งนี้นะ$s",
  "IslandFieldOffice_Survey_PurpleFlower_Correct": "ใช่แล้ว ใช่... นั่นฟังดูถูกเผงนะ ขอบคุณ!$h",
  "IslandFieldOffice_Survey_Prompt_RightPlant": "แบบสำรวจเกาะ -- โปรดแจ้งจำนวนปลาดาวสีม่วงที่อยู่บนเกาะแห่งนี้",
  "IslandFieldOffice_Survey_PurpleStarfish_Question": "มีปลาดาวสีม่วงอยู่บนเกาะนี้กี่ตัว?",
  "IslandFieldOffice_Survey_Failed": "อืม... ฉันว่าเธอควรจะพักเสียหน่อย แล้วค่อยลองสำรวจใหม่พรุ่งนี้นะ...",
  "IslandFieldOffice_Intro_Event": "fieldofficeTentMusic/-1000 -1000/farmer 4 10 0/skippable/addTemporaryActor SafariGuy 16 32 5 4 0 true character/translateName SafariGuy Strings\\NPCNames:ProfessorSnail/viewport 4 6 true/move farmer 0 -2 0/pause 1000/faceDirection SafariGuy 1 true/pause 50/faceDirection SafariGuy 2 true/pause 500/speak SafariGuy \"อ้าว... เข้ามาสิ!\"/move farmer 2 0 0/move farmer 0 -4 3/faceDirection SafariGuy 1/pause 500/speak SafariGuy \"ยินดีต้อนรับสู่ ห้องทำงานภาคสนามของฉัน\"/faceDirection SafariGuy 2/faceDirection farmer 2/showFrame SafariGuy 16/emote SafariGuy 28/pause 500/speak SafariGuy \"อย่างที่เห็น... มันค่อนข้างจะโล่ง$s#$b#ติดถ้ำตอนนั้น ทำเอาโครงการฉันล่าช้าไปโข$s\"/pause 50/showFrame SafariGuy 0/pause 200/faceDirection SafariGuy 1/pause 100/speak SafariGuy \"แต่นั่นแหละคือ บทบาทของเธอไงล่ะ! ฮี่ ฮี่...$h\"/faceDirection farmer 3/emote farmer 8/speak SafariGuy \"ฉันกำลังศึกษา เรื่องกระดูกอยู่น่ะ...#$b#กระดูกโบราณ ถ้าจะให้เจาะจงน่ะนะ... แล้วพวกมันก็ มีอยู่เต็มเลยบนเกาะนี้#$b#เพราะฉะนั้น ถ้าเธอบังเอิญไปเจอกระดูก หรือฟอสซิล หรือตัวอย่างที่แข็งเป็นหิน ที่ไหนบนเกาะนี้ละก็ เอามาวางไว้ที่โต๊ะฉันนะ ตกลงไหม? ฉันจะไม่ให้เธอ เสียเวลาเปล่าแน่นอน!$h\"/pause 200/faceDirection SafariGuy 1/end",
  "ScienceHouse_CarpenterMenu_RenovateHouse": "ต่อเติมบ้าน",
  "ScienceHouse_CarpenterMenu_RenovateCabin": "ต่อเติมบ้านพัก",
  "ScienceHouse_Renovation_RemoveCrib": "เอาเตียงเด็กออก/เอาเตียงเด็กออกไปจากบ้านของคุณ/เลือกเตียงเด็กที่ต้องการเอาออก",
  "ScienceHouse_Renovation_BuildCrib": "สร้างเตียงเด็ก/สร้างเตียงเด็กในบ้านของคุณ/เลือกที่วางเตียงเด็ก",
  "ScienceHouse_Renovation_OpenBedroom": "เปิดห้องนอน/เอากำแพงที่กั้นห้องนอนและห้องโถงออก/เลือกตำแหน่งในการปรับปรุงบ้าน",
  "ScienceHouse_Renovation_CloseBedroom": "ปิดห้องนอน/สร้างกำแพงกั้นห้องนอนและห้องโถง/เลือกตำแหน่งในการปรับปรุงบ้าน",
  "ScienceHouse_Renovation_AddSouthernRoom": "ต่อเติมห้องทิศใต้/ต่อเติมห้องทางทิศใต้ของห้องนอนคุณ/เลือกตำแหน่งในการปรับปรุงบ้าน",
  "ScienceHouse_Renovation_RemoveSouthernRoom": "ทำลายห้องทิศใต้/ทำลายห้องทางทิศใต้ของห้องนอนคุณ/เลือกตำแหน่งในการปรับปรุงบ้าน",
  "ScienceHouse_Renovation_AddCornerRoom": "ต่อเติมห้องมุม/ต่อเติมห้องทางตะวันออกเฉียงเหนือของบ้าน/เลือกตำแหน่งในการปรับปรุงบ้าน",
  "ScienceHouse_Renovation_RemoveCornerRoom": "ทำลายห้องมุม/ทำลายห้องทางตะวันออกเฉียงเหนือของบ้าน/เลือกตำแหน่งในการปรับปรุงบ้าน",
  "Journal_Name": "เศษนิตยสาร",
  "Gourmand_Intro": "*กระอ๊บ*... ใครหน้าไหนที่มันกล้า เข้ามาในรังของข้า?|อ้อ... ชาวไร่ต้อยต่ำ ที่เข้ามาเพาะปลูก อยู่ในดินแดนของข้า... โชคช่วยซะจริง!|โอ้ สายฝนเป็นใจอะไร กับข้าอย่างนี้นะ!",
  "Gourmand_RequestIntro": "*อ่บ*... คืออย่างนี้... ครั้งหนึ่งผืนดินของข้า เคยเต็มไปด้วยผัก และผลไม้สดใหม่...|แต่เมื่อข้าแก่ชราขึ้น ไร้ซึ่งพลังแห่งความเยาว์วัย ผืนดินของข้าก็แปรเปลี่ยน เป็นฝุ่นผงไร้ค่า...|*ถอนหายใจ*... ข้าควรทำอะไร เพื่อให้นัยตาของข้า ได้จ้องมองความสมบูรณ์ พูลสุขนั้นได้อีกครั้ง...|และนั่นก็เป็นตอนที่เจ้าเข้ามา",
  "Gourmand_RequestQuestion": "อ้อ... เจ้ามีอะไรอยากจะให้ข้าดูงั้นรึ?",
  "Gourmand_RequestFailed": "*กระอ๊บ*... นี่มันหมายความว่าอะไรกัน?! เจ้าไม่ได้ปลูกในสิ่งที่ข้า ตามหาเลยสักนิด... ไปซะ!",
  "Gourmand_Request_0": "เจ้าจะต้องปลูกให้ข้า... เจ้าสิ่งที่ให้เบิกบานใจ สิ่งที่มีสีชมพูและชุ่มฉ่ำ...|ไม่ต้องเก็บมันขึ้นมาจากพื้นดินล่ะ! ข้าปรารถนาที่จะไปชื่นชมมัน ในสภาพตามธรรมชาติ...",
  "Gourmand_Request_0_Success": "*อ่บ*... ใช่แล้ว... นี่ไงล่ะ!|...มันทำให้ข้าหวนนึกถึงวันเก่าๆ ... วันที่แดดจ้า ตอนที่เจ้าสิ่งเหล่านี้ หวานฉ่ำขึ้นอีก...|*เลียปาก*... โอ้ ข้าสามารถกัดมันคำโตๆ ได้เลย...|...แต่ข้าจะไม่ทำ",
  "Gourmand_Request_1": "ข้าปรารถนาที่จะเห็น เจ้าสิ่งยาวๆ สีเหลือง ที่ชวนให้จั๊กจี้ผิว และพริ้วไหวไปตามสายลม",
  "Gourmand_Request_1_Success": "*อ่บ*... ใช่แล้ว... นี่ไงล่ะ!|หึๆ... ชวนให้ข้าคิดถึงคนรักเก่าซะนี่... *กลืนน้ำลาย*...|ดูสิ... ข้าจะจั๊กจี้เจ้าด้วยสิ่งนี้ก็ได้!|...แต่ข้าจะไม่ทำ",
  "Gourmand_Request_2": "ข้าปรารถนาที่จะเห็น ผลไม้รสซ่าของผืนดิน เจ้าสิ่งที่ทำให้ลมหายใจ ส่งกลิ่นเหม็น...",
  "Gourmand_Request_2_Success": "*อ่บ*... ใช่แล้ว... ข้าเคยกินสิ่งนี้ เมื่อนานมาแล้ว มันทำให้ตัวข้า มีกลิ่นฉุนไปทั้งวัน...|...ทำให้ข้านึกถึงท่านพ่อ ตอนที่ข้ายังเป็นเพียงลูกอ๊อด...|หึหึ... ข้าสามารถกินมัน และทำให้กลิ่นฉุนนั้น กลับมาอีกครั้งได้...|...แต่ข้าจะไม่ทำ",
  "Gourmand_Reward": "*กระอ๊บ*... ใช่แล้ว... ข้าประทับใจมาก|รับไปสิ... สิ่งนี้สำหรับเจ้า",
  "Gourmand_LastReward": "*กระอ๊บ*... ใช่แล้ว... เจ้าทำสิ่งที่ข้าขอเป็นอย่างดี เจ้าทำให้กบแก่ๆ หวนนึกถึงความทรงจำดีๆ เป็นครั้งสุดท้าย...|นี่เป็นรางวัลชิ้นสุดท้ายสำหรับเจ้า สหาย",
  "Gourmand_Finished": "*กระอ๊บ*... ดีใจที่ได้เจอเจ้าอีกครั้ง สหายข้า|เจ้าจะได้พรจากข้า เพื่อเพาะปลูกพืชพรรณ ในดินแดนนี้ ขอให้สายฝนสถิตย์อยู่กับเจ้า!",
  "Gourmand_InProgress": "อา... ข้าเห็นเจ้ากำลังปลูก เจ้าสิ่งที่ข้าตามหา แต่อย่างไรก็ตาม มันยังเป็นเพียงต้นกล้า ไว้กลับมาใหม่ ตอนที่มันเติบโตเต็มที่...",
  "Saloon_Arcade_Cowboy_Menu": "= ราชาทุ่งหญ้าผจญภัย =",
  "Saloon_Arcade_Cowboy_Continue": "เดินทางต่อ",
  "Saloon_Arcade_Cowboy_NewGame": "เริ่มการเดินทางครั้งใหม่",
  "IslandHut_Event_ParrotBoyIntro": "continue/-1000 -1000/farmer 7 7 3/skippable/specificTemporarySprite removeSprite 777/addTemporaryActor ParrotBoy 16 32 5 2 2 true ???/pause 2000/viewport 5 7 true/pause 2000/emote ParrotBoy 8/pause 1500/message \"เด็กชายคนนั้นมองคุณด้วย แววตาที่เต็มไปด้วย ความสนใจใคร่รู้...\"/pause 1500/animate ParrotBoy false true 500 17 0/playSound parrot_squawk/pause 1000/playSound parrot_squawk/pause 800/stopAnimation ParrotBoy/specificTemporarySprite parrotHutSquawk/pause 800/move farmer -2 0 0/pause 500/emote farmer 8/pause 1000/message \"ดูเหมือนว่าเขาจะ ผูกพันอย่างแน่นแฟ้น กับพวกนกแก้ว\"/pause 500/message \"แต่เขาอายเกินกว่าจะเดินมาหาคุณในตอนนี้\"/pause 1400/faceDirection farmer 1/pause 500/message \"บางทีการเป็นเพื่อนกับนกแก้ว น่าจะทำให้เขาเชื่อใจได้นะ?\"/pause 1000/end position 5 7",
  "IslandSecret_Event_BirdieIntro": "tropical_island_day_ambient/-1000 -1000/farmer 20 58 3/skippable/addTemporaryActor Birdie 32 32 17 58 3 true ???/animate Birdie false true 1000 8 9/pause 1000/viewport 18 58 clamp true/pause 1000/emote Birdie 8/pause 1000/speak Birdie \"โอ้... ผู้เยี่ยมเยือน?#$b#เด็กน้อย เข้ามาใกล้กว่านี้สิ\"/pause 400/move farmer -1 0 3/pause 300/emote Birdie 40/speak Birdie \"ไม่มีใครมาหาฉันนานแล้ว...$s#$b#ฉันเกือบจะ ลืมไปแล้วว่าคนอื่นๆ หน้าตาเป็นยังไง!\"/pause 1000/speak Birdie \"เอาล่ะ ไหนๆ เธอก็อยู่ที่นี่แล้ว ฉันขอให้เธอ ช่วยอะไรหน่อยก็แล้วกัน\"/pause 500/textAboveHead Birdie \"เข้ามาสิ...\"/pause 500/playFramesAhead 3/stopAnimation Birdie/extendSourceRect Birdie reset/warp Birdie 18 58/viewport move 1 0 2000/move Birdie 0 -1 2/move Birdie 2 0 1/move farmer 1 0 1/pause 500/speak Birdie \"เธอเห็นเรืออัปปาง ที่ชายฝั่งทิศใต้นั่นไหม?#$b#สามีของฉันเคยเป็นกัปตันเรือ เขาเคยเป็นโจรสลัด#$b#วันหนึ่ง เขาออกไปล่องเรือ และไม่กลับมาอีกเลย ฉันใช้เวลาสามปี ในการล่องเรือฝ่าคลื่นสูง เพื่อตามหาสิ่งที่เหลืออยู่ ของเขา$s\"/emote Birdie 28/speak Birdie \"*เห้อ*...$s#$b#เด็กน้อย ฉันอยู่ที่นี่มานับแต่นั้น$s#$b#...ปกป้องกระดูกของเขา...\"/faceDirection farmer 2 true/playSound batScreech/animate farmer false true 100 94/jump farmer/pause 1500/stopAnimation farmer/faceDirection farmer 0/faceDirection Birdie 2/speak Birdie \"เด็กน้อยของฉัน... ถ้าหากฉันเจอ ของดูต่างหน้าของเขาล่ะก็ มันคงจะ นำพาความสงบมาให้ฉัน$s\"/pause 400/textAboveHead Birdie \"รอตรงนี้นะ...\"/move Birdie -1 0 0/move Birdie 0 -1 3/warp Birdie -100 -100/playSound doorClose/faceDirection farmer 0/faceDirection Birdie 2/pause 1000/playSound Ship/pause 1000/playSound Ship/playSound crafting/pause 1000/playSound doorClose/warp Birdie 20 56/move Birdie 0 1 2/speak Birdie \"เอานี่ รับนี่ไปสิ มันคือรูปเก่าๆ ที่ถูกคลื่นซัดมาที่ชายฝั่งน่ะ#$b#มันคือทั้งหมดที่ฉันจะมอบให้... ยังไงก็ตาม ฉันคิดว่ามันจะช่วยให้ เธอเจออะไรที่ฉันตามหา\"/pause 500/unskippable/playSound coin/awardFestivalPrize memento true/pause 10/addQuest 130/pause 1700/end",
  "IslandSecret_Event_BirdieFinished": "tropical_island_day_ambient/-1000 -1000/farmer 20 58 3/removeQuest 130/skippable/addTemporaryActor Birdie 32 32 17 58 3 true/animate Birdie false true 1000 8 9/pause 1000/viewport 18 58 clamp true/pause 2300/playMusic none/animate farmer true true 100 35/addObject 19 58 870/playSound sandyStep/pause 800/stopAnimation farmer/playFramesAhead 3/stopAnimation Birdie/extendSourceRect Birdie reset/warp Birdie 18 58/move Birdie 0 -1 2/move Birdie 1 0 2/pause 500/jump Birdie/pause 500/playMusic desolate/speak Birdie \"นี่มัน ...ของเขา $s\"/emote Birdie 20/pause 1200/playSound coin/removeObject 19 58/showFrame Birdie 20/pause 2500/speak Birdie \"เห... มันยังมีกลิ่นของเขาอยู่เลย ทั้งๆ ที่ผ่านมาหลายปีแล้วแท้ๆ...#$b#...กลิ่นเหม็นเน่าที่คุ้นเคย...$h\"/pause 300/faceDirection farmer 2 true/playSound croak/animate farmer false false 350 104 105 104 105 104 105/pause 1000/faceDirection farmer 3/speak Birdie \"เธอรู้ใช่ไหม... ชีวิตที่นี่มันเหงาหงอยน่ะ เด็กน้อย... แต่ฉันไม่เสียใจเลยสักนิด#$b#ฉันทำสิ่งที่ถูกต้อง ให้ตาแก่ของฉัน... แล้วสักวันหนึ่ง พวกเราจะได้ กลับไปอยู่ด้วยกันอีกครั้ง... ฮิฮิ\"/pause 500/stopAnimation Birdie/move Birdie 0 1 3/playMusic tropical_island_day_ambient/faceDirection Birdie 1/quickQuestion #สิ่งที่คุณทำมันมีเกียรติมาก#เขาจากไปแล้ว คุณควรมีชีวิตเป็นของตัวเอง(break)speak Birdie \"เธอเฉลียวฉลาดมากนะ เด็กน้อย#$b#เธอนำความสงบสุขอันยิ่งใหญ่ มาให้ฉัน... ล็อกเกตอันนี้ จะทำให้คืนวันที่เหลือของฉัน ไม่ยากลำบากอีกต่อไป$h\"(break)emote Birdie 28\\speak Birdie \"ยายแก่อย่างฉันน่ะเหรอ? ฉันคิดว่ามันช้าเกินไปแล้วล่ะ ที่รัก...$s#$b#นอกจากนี้... ฉันชอบที่นี่นะ! มันสวยงามและผ่อนคลาย แล้วฉันก็มีปลาสดๆ กับเนื้อลิงให้กินได้ไม่อั้นด้วย ฮิๆๆ$h#$b#...เรื่องเนื้อลิง ฉันล้อเล่นนะ\"/pause 1000/speak Birdie \"ทีนี้... ฉันจะตอบแทนเธอ สำหรับสิ่งนี้ยังไงดี?\"/jump Birdie/pause 500/speak Birdie \"โอ้... ฉันสอนสูตรลับให้กับเธอดีไหม... บางอย่างที่ฉันค้นพบ จากการอยู่ที่นี่มาหลายปี\"/pause 1000/playSound reward/addCraftingRecipe Fairy Dust/message \"เรียนรู้วิธีการสร้าง 'ละอองนางฟ้า(Fairy Dust)'\"/pause 1000/fork gotBirdieReward Strings\\\\Locations:alreadyGotNuts true/speak Birdie \"เธอเอา เจ้าพวกนี้ไปด้วยก็ได้นะ...\"/awardFestivalPrize birdieReward true/pause 1000/speak Birdie \"แม้ว่าเธอจะเป็นคนแปลกหน้า แต่เธอก็ลำบาก มาช่วยยายแก่อย่างฉัน#$b#เธอช่างมีจิตใจที่ดีงาม!$h\"/emote Birdie 20/emote farmer 32/pause 1000/end",
  "alreadyGotNuts": "pause 50/pause 50/pause 1000/speak Birdie \"แม้ว่าเธอจะเป็นคนแปลกหน้า แต่เธอก็ลำบาก มาช่วยยายแก่อย่างฉัน#$b#เธอช่างมีจิตใจที่ดีงาม!$h\"/emote Birdie 20/emote farmer 32/pause 1000/end",
  "qiNutDoor": "คุณได้ยินเสียงประหลาดจากหลังประตู...#'มีเพียงนักล่าวอลนัทผู้ยิ่งใหญ่เท่านั้น ที่จะเข้าไปในนี้ได้'^    จำนวนวอลนัททองคำตอนนี้: {0}/100",
  "BoatTunnel_DonateBatteries": "บริจาคแบตเตอรี่ (battery packs) 5 ก้อน เพื่อซ่อมเครื่องขายตั๋ว?",
  "BoatTunnel_DonateHardwood": "บริจาคไม้เนื้อแข็ง (hardwood) 200 ท่อน เพื่อซ่อมตัวเรือ?",
  "BoatTunnel_DonateIridium": "บริจาคแท่งอิริเดียม (iridium bars) 5 แท่ง เพื่อซ่อมสมอ?",
  "BoatTunnel_DonateBatteriesHint": "แบตเตอรี่ (battery packs) 5 ก้อน น่าจะซ่อมเจ้าเครื่องนี่ได้",
  "BoatTunnel_DonateHardwoodHint": "ไม้เนื้อแข็ง (hardwood) 200 ท่อน น่าจะซ่อมตัวเรือได้",
  "BoatTunnel_DonateIridiumHint": "แท่งอิริเดียม (iridium bars) 5 แท่ง น่าจะซ่อมสมอได้",
  "BoatTunnel_boatcomplete": "เจอวัสดุทั้งหมดแล้ว!#เรือจะถูกซ่อมในชั่วข้ามคืน",
  "BoatTunnel_willyText_firstRide": "เธอดูสวยเหมือนใหม่เลย!",
  "BoatTunnel_willyText_random0": "ขอโทษนะ ถ้าฉันกลิ่นเหมือนปลา แหะๆ!",
  "BoatTunnel_willyText_random1": "อฮ๊อย!",
  "AnimalHouse_Incubator_Hatch_Ostrich": "ลูกนกกระจอกเทศตัวใหม่ฟักออกมาแล้ว... ตัวใหญ่เชียว!",
  "FieldOfficeFinale": "distantBanjo/-1000 -1000/farmer 4 8 0/addCraftingRecipe Ostrich Incubator/addMailReceived fieldOfficeFinale/skippable/addTemporaryActor SafariGuy 16 32 3 8 0 true character/translateName SafariGuy Strings\\NPCNames:ProfessorSnail/pause 1000/viewport 4 6 true/pause 4000/speak SafariGuy \"ว้าว...#$b#ดูสิว่าเรามาไกลแค่ไหน!$h\"/faceDirection SafariGuy 1/speak SafariGuy \"ทั้งชุดนี่มันมันดูไร้ที่ติ ต้องขอบคุณเธอนะ @\"/emote farmer 32/speak SafariGuy \"เอานี่ เพื่อเป็นการ 'ขอบคุณ' ฉันอยากจะสอนอะไรบางอย่าง ให้กับเธอ\"/faceDirection farmer 3/pause 700/playSound reward/message \"เรียนรู้วิธีการสร้าง 'เครื่องฟักไข่นกกระจอกเทศ'\"/pause 400/speak SafariGuy \"อุปกรณ์ชิ้นนี้ จะทำให้เธอสามารถ เลี้ยงนกกระจอกเทศ ที่บ้านของเธอได้ เพียงแค่วางเครื่องฟักไข่ ไว้ในคอกสัตว์ (barn) วางไข่นกกระจอกเทศ ไว้ข้างในแล้วก็รอ...\"/faceDirection SafariGuy 0/speak SafariGuy \"การหันมาสนใจ ไข่นกกระจอกเทศน่ะ เป็นหนังคนละม้วน กับที่ผ่านมาเลย ถึงอย่างนั้น... ฉันก็ขอฝากมันไว้ ในมือของเธอแล้วกันนะ!\"/pause 400/faceDirection farmer 0/pause 500/speak SafariGuy \"ฮี่ๆ... เอาล่ะ... ทีนี้งานที่แท้จริงก็เริ่มขึ้นแล้ว#$b#ฉันจะศึกษากระดูกพวกนี้ ไปอีกหลายปีเลยแหละ!\"/faceDirection SafariGuy 1/faceDirection farmer 3/speak SafariGuy \"ลาก่อนนะ @!\"/pause 600/end",
  "NutHint_Squawk": "*แกว๊กก*",
  "NutHint_VolcanoLava": "ภูเขาไฟ... แม่น้ำไฟที่ซ่อนอยู่...",
  "NutHint_BuriedArch": "ฝังอยู่ใกล้กระดูก...",
  "NutHint_Arch": "ช่วยเหลือชายในเต็นท์...",
  "NutHint_NorthBuried": "{0} ถูกฝังอยู่ทางเหนือ...",
  "NutHint_WestBuried": "{0} ถูกฝังอยู่ทางตะวันตก...",
  "NutHint_NorthHidden": "{0} ถูกซ่อนอยู่ทางเหนือ...",
  "NutHint_HutTree": "รอยกลบอยู่ใกล้มากๆ...",
  "NutHint_TigerSlime": "สไลม์ลายริ้วไปทางตะวันตก...",
  "NutHint_MusselStone": "{0} ติดอยู่ในเปลือกหินที่ชายฝั่ง...",
  "NutHint_IslandFarming": "{0} เติบโตในฟาร์มทางตะวันตก...",
  "NutHint_WestHidden": "{0} ซ่อนอยู่ทางตะวันตก...",
  "NutHint_IslandFishing": "{0} อยู่ในน้ำลึก...",
  "NutHint_VolcanoTreasure": "{0} ซ่อนอยู่ในกล่องสมบัติบนภูเขาไฟ...",
  "NutHint_VolcanoBarrel": "{0} ถูกห่อหุ้มอยู่ในอุปกรณ์บนภูเขาไฟ...",
  "NutHint_VolcanoMining": "{0} หินที่คล้ายถั่วบนภูเขาไฟ...",
  "NutHint_VolcanoMonsters": "{0} ถูกสัตว์ประหลาดบนภูเขาไฟเอาไป...",
  "NutHint_Journal": "ซ่อนอยู่ในหน้ากระดาษของนิตยสาร...",
  "NutHint_SouthEastBuried": "{0} ถูกฝัง... อ่าวโจรสลัด...",
  "NutHint_StardropPool": "จมอยู่ ณ ใจกลางของดวงดาว...",
  "NutHint_Caldera": "จุดสุดยอดของภูเขาไป...",
  "NutHint_Gourmand": "อ๊บอ๊บ... เอิ๊บบบ...",
  "NutHint_IslandShrine": "ศาลเจ้าลับในป่าฝน...",
  "NutHint_GoldenCoconut": "ข้างในของแข็งสีทอง...",
  "IslandSouth_ResortOpenSign": "รีสอร์ทริมหาดเปิดแล้ว พรุ่งนี้จะปิดชั่วคราวไหมนะ?",
  "IslandSouth_ResortOpenWillCloseSign": "รีสอร์ทริมหาด จะปิดชั่วคราวในวันพรุ่งนี้ จะเปิดไว้ไหม?",
  "IslandSouth_ResortClosedSign": "รีสอร์ทริมหาดปิดชั่วคราว จะกลับมาเปิดในวันพรุ่งนี้ไหม?",
  "IslandSouth_ResortClosedWillOpenSign": "รีสอร์ทริมหาด จะกลับมาเปิดในวันพรุ่งนี้ จะปิดไว้ไหม?",
  "IslandSouth_ResortWillOpenSign": "รีสอร์ทริมหาด จะเปิดในวันพรุ่งนี้",
  "IslandSouth_ResortWillCloseSign": "รีสอร์ทริมหาด จะปิดในวันพรุ่งนี้",
  "ManorHouse_LAF_Check": "กล่อง 'ของหายได้คืน' ของเมือง",
  "ManorHouse_LAF_Check_OrdersUnlocked": "กล่อง 'ของหายได้คืน' ของเมือง คุณสามารถเก็บของ ที่ส่งไม่สำเร็จ จากคำสั่งซื้อพิเศษ ได้จากที่นี่",
  "ManorHouse_LAF_DonationItems": "เก็บของที่หายและส่งไม่สำเร็จ",
  "ManorHouse_LAF_FarmhandItems": "เรียกคืนสิ่งของจากชาวไร่ที่ไม่อยู่",
  "ManorHouse_LAF_FarmhandItemsQuestion": "คุณจะเรียกของคืนจากชาวไร่คนไหน",
  "FieldOfficeDonated_0": "อา... นี่สิ ชิ้นส่วนประวัติศาสตร์ของแท้ ที่ชวนให้หลงไหล! ขอบคุณนะ",
  "FieldOfficeDonated_1": "สวยเหลือเกิน! กระดูกพวกนี้มัน คือสิ่งที่ฉันตามหาอยู่ ทีนี้ ให้ฉันทำความสะอาด แว่นขยายหน่อยนะ...",
  "FieldOfficeDonated_2": "คุณทำได้ดีกว่าที่คิดซะอีก @ นี่คือหนึ่งในตัวอย่างที่ เก่าแก่ที่สุด เท่าที่ฉันเคยเห็นมาเลย ขอบคุณมาก!$h",
  "FieldOfficeDonated_3": "ลองคิดดู... ยุคสมัยมาแล้วก็ไป ในขณะที่กระดูกเล็กๆ พวกนี้ถูกซ่อนอยู่ใต้พื้นดิน ตอนนี้มันเป็นของฉันแล้ว!",
  "FieldOfficeDonated_Reward": "ดูสิ! ด้วยของชิ้นนี้ เราก็สะสมครบ ไปอีกหนึ่งชุดแล้ว$h#$b#ฉันมีอะไรบางอย่าง ที่รอจะให้เธอด้วย มันอยู่หลังเคาเตอร์แน่ะ จะให้เมื่อ เธอพร้อมสำหรับมันนะ!",
  "Volcano_ShortcutOut": "ใช้ทางลัดออกจากภูเขาไฟ?",
  "SeedShop_MoneyBox": "ผมกำลังใช้วันหยุด อยู่บนเกาะ กรุณาวางเงินไว้ในกล่อง อย่าโกงล่ะ!^     -ปิแอร์",
  "AnimalShop_MoneyBox": "วันนี้ฉันไปที่เกาะ ถ้าคุณต้องการซื้ออะไรล่ะก็ วางเงินทิ้งไว้ในกล่องนี้นะ!^     -มานี",
  "Saloon_MoneyBox": "วันนี้ผมไปเปิดบาร์ อยู่บนเกาะขิง แต่ผมจะไม่ทำให้มันหยุดคุณ จากการซื้อของหรอก!^     -กัส",
  "ScienceHouse_MoneyBox": "วันนี้ฉันอยู่บนเกาะ แต่เธอยังซื้อของได้อยู่นะ ด้วยระบบการรักษาเกียรติ ของตัวเองยังไงล่ะ!^     -โรบิน",
  "ChallengeShrine_NotYetHard": "         --ศาลเจ้าแห่งการท้าทาย--^สลายมนต์ของยันต์พิทักษ์โบราณ และปลดปล่อยสัตว์ประหลาด ที่แข็งแกร่งออกมาจากส่วนลึก?",
  "ChallengeShrine_AlreadyHard": "         --ศาลเจ้าแห่งการท้าทาย--^อัญเชิญยันต์พิทักษ์โบราณ ทำให้เหมืองกลับสู่ภาวะปกติ?",
  "ChallengeShrine_Activated": "คำขอของคุณ จะเป็นจริงในคืนนี้",
  "ChallengeShrine_AlreadyActive": "คุณส่งคำขอไปแล้ว",
  "ChallengeShrine_OnQiChallenge": "มีโน้ตจาก Mr. Qi: ^ ฉันปิดศาลเจ้านี่ชั่วคราวนะ กลับมาใหม่พรุ่งนี้แล้วกัน!",
  "Gil_Telephone": "ไง ภูตแม็กม่า 150 ตัวงั้นรึ? ฉันประทับใจจริงๆ#$b#เอางี้... ฉันจะให้เบอร์ติดต่อมาร์ลอน กับเธอไว้ละกัน เขาไม่ชอบให้ฉันแจกเบอร์ ให้กับใครไปทั่วหรอก แต่ฉันว่าเธอควรได้นะ#$b#ถ้าเธออยากใช้บริการกู้คืนของ แต่ไม่อยากเดินทางมาถึงนี่... ก็โทรมาแล้วกันนะ ดีไหม?",
  "AdventureGuild_KillList_MagmaSprite": "ภูตแม็กม่า",
  "AnimalHouse_Incubator_HouseFull": "ไข่พร้อมจะฟักแล้ว แต่คอกเต็ม",
  "ScienceHouse_Carpenter_CommunityUpgrade2": "...อะไรนะ? เธออยากให้ฉันทำทางเดินลัดรอบๆ หุบเขาเหรอ? ได้สิ ฉันทำได้!^ฉันแค่ต้องใช้เงิน 300,000g ...",
  "AnimalHouse_Incubator_Hatch_GoldenEgg": "ลูกเจี๊ยบที่เปล่งประกายสีทองฟักออกมาแล้ว!",
  "SummitBoulder": "มันไม่น่าจะขยับได้...",
  "Hint": "คำใบ้",
  "Backwoods_MonsterGrave": "อบิเกลสละชีวิตเพื่อช่วยฉัน...#ฉันจะไม่มีวันลืมเรื่องนั้น"
}
