{
  "BraveLittleSapling_Title": "ต้นกล้าน้อยผู้กล้าหาญ",
  "BraveLittleSapling_Description": "ภาพยนตร์การ์ตูนสำหรับครอบครัว ที่เกี่ยวกับต้นกล้าน้อยกับการผจญภัยมหัศจรรย์ เพื่อจะเป็นต้นไม้เต็มตัว!",
  "BraveLittleSapling_Scene1": "ต้นกล้าน้อยจอมกล้าหาญ",
  "BraveLittleSapling_Scene2": "ต้นกล้าตัวน้อยที่กล้าหาญ กำลังออกจากบ้านของเขา เขาลังเลอยู่ครู่หนึ่งแล้วหันไปมองรอบๆ เพื่อจดจำบรรยากาศที่จะไม่ได้กลับมา สัมผัสเป็นอีกเวลานาน...",
  "BraveLittleSapling_Scene3": "ต้นกล้าต้นอื่นรวมตัวกันแล้ว โบกมือลาอย่างตื่นเต้น...!",
  "BraveLittleSapling_Scene4": "ไม่นะ! ฝนเริ่มที่จะตกแล้ว...! ต้นอ่อนตัวเล็กๆ เริ่มวิ่งหนีในขณะที่เสียง ฟ้าร้องดังขึ้นอยู่เหนือหัว...",
  "BraveLittleSapling_Scene5": "ความกลัวในจิตใจ และความวิตกกังวล จากเหตุการณ์ต่างๆ ทำให้เจ้าต้นกล้าน้อย เริ่มหมดความหวังขึ้นเรื่อยๆ...",
  "BraveLittleSapling_Scene6": "...แต่นี่มันคืออะไรกันน่ะ...? ทำไมต้นกล้าตัวน้อย ถึงรู้สึกแปลกๆ บนหัวของตัวเอง...",
  "BraveLittleSapling_Scene7": "บางครั้งฝนปริมาณเพียงเล็กน้อย ก็อาจจะเป็นสัญญาณที่ดี ในการเริ่มการผจญภัยครั้งใหม่!",
  "BraveLittleSapling_Scene8": "โชคดี, เจ้าตัวน้อย!",
  "Mysterium_Title": "สิงสู่",
  "Mysterium_Description": "มันจะปรากฏตัวขึ้นมา กลางราตรีอันเงียบสงัด... และจะทำให้คุณได้รับ ประสบการณ์ที่จะลืมไม่ลง!",
  "Mysterium_Scene1": "'สิงสู่'",
  "Mysterium_Scene2": "เงาจางๆ ของบางสิ่งปรากฏขึ้น ในสถานที่อันมืดมิดแห่งหนึ่ง...",
  "Mysterium_Scene5": "มันคือพื้นที่รกร้าง ที่ไม่เคยปรากฏ หรือถูกค้นพบที่ไหนมาก่อน... และความน่าสะพรึงกลัว ที่นับไม่ถ้วนกำลังจับจ้อง มาอย่างไม่ละสายตา",
  "Mysterium_Scene8": "ฉากสยองขวัญ ที่ไม่ซ้ำกันค่อยๆ ปรากฏฉายขึ้นมา...",
  "Mysterium_Scene10": "'เจ้าจะต้องชวน เพื่อนของเจ้ามาพบกับสิ่งๆ นั้นในคืนนี้ ให้จงได้...'",
  "Mysterium_Scene11": "'...เพราะไม่เช่นนั้น ข้าจะไปหาเจ้าในความฝันแทน!'",
  "JourneyOfThePrairieKing_Title": "บันทึกการผจญภัยของ ราชาทุ่งหญ้า : เดอะมูฟวี่",
  "JourneyOfThePrairieKing_Description": "วิดีโอเกมชื่อดัง ที่ได้มาโลดแล่นอยู่บนจอภาพยนตร์!",
  "JourneyOfThePrairieKing_Scene1": "'บันทึกการผจญภัยของ ราชาทุ่งหญ้า : เดอะมูฟวี่'",
  "JourneyOfThePrairieKing_Scene2": "บนถนนเส้นเก่า ที่เต็มไปด้วยฝุ่นมากมาย... ได้มี ราชาทุ่งหญ้า ที่กำลังเฝ้าระวังรถม้า ที่เต็มไปด้วยสมบัติอันล้ำค่า มากมาย",
  "JourneyOfThePrairieKing_Scene3": "แต่... ราชาผู้มากความสามารถ ของเรานั้น เหมือนจะไม่รู้ว่ายังมีโจร ผู้ชั่วร้ายกำลังเฝ้าดูเขา จากหน้าผาใกล้เคียง...",
  "JourneyOfThePrairieKing_Scene4": "'ในที่สุด... ข้าจะต้องกำจัดเจ้านายอำเภอ ที่คิดว่าตัวเองสูงส่ง และฮุบเอาสมบัติพวกนั้ นมาให้ได้... ที่จริงข้าสมควรจะได้มันมา!'",
  "JourneyOfThePrairieKing_Scene5": "'อ๊ะ! ดูเหมือนว่าหินพวกนี้ กำลังจะมุ่งตรงไป ที่ขบวนเกวียนรถม้านะ'",
  "JourneyOfThePrairieKing_Scene6": "ราชาทุ่งหญ้า ได้ยินเสียงบางอย่าง มาจากใกล้ๆ นี้... ดูนั่น!",
  "JourneyOfThePrairieKing_Scene7": "ทันได้นั้นเอง เขาก็หยิบปืน ขึ้นมายิงไปที่จุดๆ หนึ่ง",
  "JourneyOfThePrairieKing_Scene8": "นี่มันอะไรกัน? ทำไมถึงมีน้ำกระจายออกมา เต็มไปหมด!",
  "JourneyOfThePrairieKing_Scene9": "เขาทำได้! โคลนหนาๆ พวกนั้นทำให้หินชะลอตัว และหยุดพวกหินถล่มได้ในที่สุด",
  "JourneyOfThePrairieKing_Scene10": "เกวียนบรรทุกสมบัติ ปลอดภัยดี",
  "JourneyOfThePrairieKing_Scene11": "จบ",
  "Wumbus_Title": "วัมบัส",
  "Wumbus_Description": "หนังแนวไซไฟไร้สาระ ที่เกี่ยวกับชีวิตและเวลาเอื่อยๆ ของผู้ชายอ้วนๆ จากดาวดวงอื่นอันไกลโพ้น",
  "Wumbus_Scene1": "'วัมบัส'",
  "Wumbus_Scene2": "วัมบัส, มักจะทำตัวสบายๆ ยืดตัวนอนและเพลิดเพลิน ไปกับความอบอุ่นของดวงอาทิตย์ บนดาวของเขา",
  "Wumbus_Scene3": "ฟู้ดบอท คนรับใช้ที่แสนซื่อสัตย์ของเขา เป็นจุดเสิร์ฟอาหารที่ดี อย่างกลูเตนทอด และ 'ซอสแดง'",
  "Wumbus_Scene4": "วัมบัส พยายามที่จะทำให้ หลานชายของเขา 'รัสเซล' สนใจในวัฒนธรรม และเรื่องราวของระบบดวงดาว แต่รัสเซลก็ไม่ได้สนใจมันเลย",
  "Wumbus_Scene5": "'อ๊ากกก!'",
  "Wumbus_Scene6": "ภาพยนตร์เรื่องนี้ ได้ทำให้เห็นชีวิตตลกๆ ของวัมบัส ในโลกที่เทคโนโลยี และสังคมมีความก้าวหน้า ไปอย่างมาก",
  "Wumbus_Scene7": "หลายฉาก พยายามที่จะหาซีนตลกๆ ลงไปในความไร้สาระ ของชีวิตที่ทันสมัย",
  "Wumbus_Scene8": "อย่างไรก็ตามแม้จะมี อะไรสนุกๆ ให้เลือกทำเยอะแยะ แต่วัมบัสและเพื่อนๆ ของเขาก็ยังชอบ ที่จะได้กินพิซซาอร่อยๆ ด้วยกัน (จากส่วนผสมของกลูเตน 100%)",
  "ZuzuCityExpress_Title": "ขบวนรักพักใจ",
  "ZuzuCityExpress_Description": "ภาพยนตร์คลาสสิกอันเป็นตำนาน ที่ได้รับการสร้างขึ้นใหม่ สำหรับโรงภาพยนตร์สมัยใหม่",
  "ZuzuCityExpress_Scene1": "'ขบวนรักพักใจ'",
  "ZuzuCityExpress_Scene2": "ขบวนรถด่วน ซูซู ซิตี้ ขบวนสุดท้ายที่ได้เริ่มเดินทาง จากชายฝั่งน้ำแข็งทางทิศใต้... โดยในวันนี้นับเป็นวันที่สาม ตั้งแต่เริ่มเดินทางในวันแรก!",
  "ZuzuCityExpress_Scene3": "หญิงสาวมองออกไป นอกหน้าต่างด้วยหัวใจที่ เต็มไปด้วยความเศร้า",
  "ZuzuCityExpress_Scene6": "ภาพยนตร์อันเป็นอมตะ... ที่มีทั้งการใช้อารมณ์ และเหตุผลของตัวละคร เป็นตัวดึงอารมณ์ของผู้ชม",
  "ZuzuCityExpress_Scene7": "เธอจะทำตามเส้นทาง ที่เธอคิดว่าควรจะทำ หรือทำตามความปรารถนา จากใจของเธอดี?",
  "ZuzuCityExpress_Scene8": "และภาพยนตร์ ก็จบลงก่อนที่เราจะได้รู้...",
  "MiracleAtColdstarRanch_Title": "โคลด์สตาร์ และคำสัญญาต่อ ดวงดาวเหมันต์",
  "MiracleAtColdstarRanch_Description": "แม้จะลำบากเพียงใด แต่ครอบครัวโคลด์สตาร์ จะช่วยให้จิตวิญญาณ แห่งฤดูหนาวดาวยังคงอยู่...",
  "MiracleAtColdstarRanch_Scene1": "'โคลด์สตาร์ และคำสัญญาต่อ ดวงดาวเหมันต์'",
  "MiracleAtColdstarRanch_Scene2": "มันคือช่วงเวลาก่อน วันหยุดเทศกาลดวงดาวเหมันต์ และหิมะก็มีทีท่าจะตกลงมา ติดต่อกันไปอีก 3 สัปดาห์",
  "MiracleAtColdstarRanch_Scene3": "ครอบครัวโคลด์สตาร์ติดแหงก... เป็นไปไม่ได้เลยที่จะเข้าไปในเมือง แต่โชคยังดีที่วัวมีหญ้าแห้งพอ ที่จะกินไปอีกยาว",
  "MiracleAtColdstarRanch_Scene5": "...และอาหารสำหรับทุกๆ คนในครอบครัวก็หมด",
  "MiracleAtColdstarRanch_Scene7": "อย่างไรก็ตามคุณพ่อได้ให้คำสัญญา และความประสงค์ที่จะตัดต้นไม้ ต่อดวงดาวเหมันต์...",
  "MiracleAtColdstarRanch_Scene9": "แม้จะหิวโหยเพียงใด แต่ครอบครัวก็ได้ประดับต้นไม้ เพื่อรักษาสัญญาที่ได้ให้ไว้แก่ ดวงดาวเหมันต์ เป็นอย่างดี",
  "MiracleAtColdstarRanch_Scene11": "คืนนั้นเอง ได้มีสิ่งผิดปกติเกิดขึ้น...",
  "MiracleAtColdstarRanch_Scene12": "ในวันต่อมา, ผู้เป็นแม่รู้สึก ประหลาดใจเป็นอย่างมาก ที่ได้เจอกับต้นไม้ที่ประดับ ด้วยผลไม้ผลใหญ่",
  "MiracleAtColdstarRanch_Scene12_2": "'พวกเราเชื่อใน เรื่องของดวงดาวเหมันต์ มาโดยตลอดและไม่เคย ที่จะลืมเลือนไปแม้แต่น้อย!'",
  "MiracleAtColdstarRanch_Scene13": "พวกเขาได้รับผลไม้สตาร์ดรอป ถึงแม้ว่ามันจะมีขนาดเล็ก แต่มันก็เป็นสิ่งที่อร่อยที่สุด ที่พวกเขาเคยได้รับมาก่อน",
  "MiracleAtColdstarRanch_Scene14": "ครอบครัวโคลด์สตาร์ รอดปลอดภัยดี และจิตวิญญาณแห่งความหวังก็ยังคงอยู่ สัญญาของดวงดาวเหมันต์ ก็ได้เป็นจริงอีกครั้ง...",
  "NaturalWonders_Title": "อัศจรรย์แห่งธรรมชาติ : สำรวจโลกอันสดใส",
  "NaturalWonders_Description": "ท่องเที่ยวผ่านสาธารณรัฐเฟิร์นกิลล์... จากหมู่เกาะเฟิร์นไปยังเมืองซูซู โลกนี้เต็มไปด้วยสิ่งอัศจรรย์!",
  "NaturalWonders_Scene1": "'อัศจรรย์แห่งธรรมชาติ : สำรวจโลกอันสดใส'",
  "NaturalWonders_Scene2": "หมู่เกาะเฟิร์นสวรรค์เขตร้อน ตั้งอยู่ทาง 80 ไมล์นอกชายฝั่งทางตอนใต้ เกาะนี้เกิดขึ้นเนื่องจากการระเบิด ของภูเขาไฟในบริเวณเกาะ และยังคงเติบโตอยู่จนถึงปัจจุบัน...",
  "NaturalWonders_Scene3": "สภาพภูมิอากาศที่อบอุ่น ของทะเลทางตอนใต้ ช่วยให้ความหลากหลาย ทางชีวภาพมีความหลากหลาย... เพียงระยะสั้นๆ เกาะก็เต็มไปด้วยสิ่งมีชีวิตมากมาย!",
  "NaturalWonders_Scene4": "ตอนนี้เรากำลังมุ่งหน้า ขึ้นไปทางทิศเหนือ สู่ความวุ่นวายของเมืองซูซุ ดินแดนแห่งความศรีวิไล ส่องสว่างเรืองรอง ด้วยแสงจากในตัวเมือง",
  "NaturalWonders_Scene5": "ถึงจะดูเป็นไปได้ยาก แต่ถึงกระนั้นเราก็ยังมีโอกาสพบสิ่งมีชีวิที่สวยงาม ในเมืองนี้...",
  "NaturalWonders_Scene6": "ไกลออกไป ทางชายฝั่งทิศตะวันตก ทะเลมรกตอันกว้างใหญ่ ซึ่งเต็มไปด้วยทุ่งหญ้ากว้าง โดยได้ชื่อว่าเป็นที่อยู่อาศัย และแหล่งกำเนิดของ สิ่งมีชีวิตต่างๆ ที่หลากหลาย",
  "NaturalWonders_Scene7": "เกาะนี้เป็นที่รู้จักกันดี ในฐานะเกาะที่เต็มไปด้วยแรคคูน!",
  "NaturalWonders_Scene8": "และสุดท้ายเรากลับไปยัง แผ่นดินใหญ่เพื่อที่จะเยี่ยมชมหนึ่งใน พื้นที่ที่สวยงามที่สุดของทวีป... สตาร์ดิวแวลลีย์",
  "NaturalWonders_Scene9": "สภาพอากาศที่อบอุ่นของหุบเขา เปรียบเสมือนบ้านที่สมบูรณ์แบบ สำหรับความหลากหลายของสิ่งมีชีวิตในป่า ช่างเป็นสถานที่ที่สวยงามอะไรเช่นนี้!",
  "ItHowlsInTheRain_Title": "มันมากับฝน",
  "ItHowlsInTheRain_Description": "เรื่องราวของกลุ่มวัยรุ่น ที่เริ่มหาต้นตอของเสียงอันลึกลับ (ผู้ปกครองควรให้คำแนะนำ)",
  "ItHowlsInTheRain_Scene1": "มันมากับฝน",
  "ItHowlsInTheRain_Scene2": "'วิดีโอต่อไปนี้ได้รับการเก็บกู้ มาจากกล้องวิดีโอที่ถูกทิ้งไว้ 30 ไมล์ทางตอนใต้ของ แกรมพ์เลทัน'",
  "ItHowlsInTheRain_Scene3": "'เธอได้ยินไหม..? ฉันคิดว่ามันดังมาจากในป่า... ไปดูกันเถอะ...'",
  "ItHowlsInTheRain_Scene4": "'(เสียงหอบ)... ดูนั่นสิ!'",
  "ItHowlsInTheRain_Scene5": "(มุมกล้องค่อยๆ ขยับเข้าลึกไปในป่า)",
  "ItHowlsInTheRain_Scene6": "'โธ่..นั่นนายเองเหรอแกรี่... *แฮ่ก* *แฮ่ก*... หยุดเกาะแขนของฉันสักที!'",
  "ItHowlsInTheRain_Scene6_2": "อ๊าก!",
  "ItHowlsInTheRain_Scene7": "'ดูสิ! มันอยู่ในพุ่มไม้นั่น...'",
  "ItHowlsInTheRain_Scene8": "อ๊ากก!",
  "ItHowlsInTheRain_Scene8_2": "โอ้...",
  "ItHowlsInTheRain_Scene9": "(เสียงร้องแปลกๆ และเสียงลากเท้าไปมาดังออกมา)",
  "ItHowlsInTheRain_Scene10": "มันยังอยู่ที่นั่น..."
}
