{
  "AppleSlices_Name": "Apple Slices",
  "AppleSlices_Description": "(แอปเปิลหั่นชิ้น) แอปเปิลหั่นเป็นชิ้นเล็กๆ ที่ทั้งหวานและกรุบกรอบ",
  "BlackLicorice_Name": "Black Licorice",
  "BlackLicorice_Description": "(ลูกอมรสชะเอมเทศดำ) ลูกอบเคี้ยวหนึบ รสชาติเข้มข้นและมีกลิ่นฉุน",
  "CappuccinoMousseCake_Name": "Cappuccino Mousse Cake",
  "CappuccinoMousseCake_Description": "(คาปูชิโน่มูสเค้ก) เค้กช็อกโกแลตก้อนเล็กที่เคลือบด้วยมูสคาปูชิโน่",
  "ChocolatePopcorn_Name": "Chocolate Popcorn",
  "ChocolatePopcorn_Description": "(ป๊อปคอร์นรสช็อกโกแลต) มันก็คือป๊อปคอร์นธรรมดา... แต่ถูกเคลือบด้วยช็อกโกแลต",
  "CottonCandy_Name": "Cotton Candy",
  "CottonCandy_Description": "(สายไหม) ก้อนเมฆสีชมพูกลุ่มใหญ่ทำจากน้ำตาลปั่น",
  "Fries_Name": "Fries",
  "Fries_Description": "(มันฝรั่งทอด) มันฝรั่งฝานบางๆ ทอดกรอบแล้วโรยเกลือเล็กน้อย",
  "HummusSnackPack_Name": "Hummus Snack Pack",
  "HummusSnackPack_Description": "(เซตอาหารว่างฮัมมัส) มันกรุบกรอบและดีต่อสุขภาพ",
  "IceCreamSandwich_Name": "Ice Cream Sandwich",
  "IceCreamSandwich_Description": "(ไอศกรีมแซนด์วิช) ไอศกรีมวานิลลาที่ถูกประกบด้วยคุกกี้ช็อกโกแลตสองชิ้น",
  "JasmineTea_Name": "Jasmine Tea",
  "JasmineTea_Description": "(ชามะลิ) ชาเขียวที่มีกลิ่นหอมของมะลิ",
  "Jawbreaker_Name": "Jawbreaker",
  "Jawbreaker_Description": "(นักทำลายขากรรไกร) ลูกอมที่ทั้งใหญ่และแข็ง ดูหนังจบหนึ่งเรื่องแล้วก็ยังละลายไม่หมด!",
  "JojaCola_Name": "Joja Cola",
  "JojaCola_Description": "(โจจ้าโคล่า) น้ำอัดลมโจจ้าแก้วใหญ่พิเศษ",
  "JojaCorn_Name": "JojaCorn",
  "JojaCorn_Description": "(ข้าวโพดโจจ้า) ข้าวโพดสูตรเฉพาะของโจจ้า ทา \"ซอสเนยไม่อั้น\"",
  "KaleSmoothie_Name": "Kale Smoothie",
  "KaleSmoothie_Description": "(เคลปั่น) มันอุดมไปด้วยเส้นใยและวิตามิน",
  "Nachos_Name": "Nachos",
  "Nachos_Description": "(นาโช่ส์) แผ่นแป้งตอร์ติยาทอดสดใหม่ราดด้วยชีสที่เหนียวหนืดรสเผ็ด",
  "PanzanellaSalad_Name": "Panzanella Salad",
  "PanzanellaSalad_Description": "(สลัดแพนนาเซลลา) สลัดแห่งฤดูร้อน ประกอบไปด้วยขนมปังและมะเขือเทศ",
  "PersonalPizza_Name": "Personal Pizza",
  "PersonalPizza_Description": "(พิซซ่าสำหรับทานคนเดียว) พิซซ่าที่มีขนาดเล็กจนสามารถรับประทานเป็นอาหารว่างได้",
  "Popcorn_Name": "Popcorn",
  "Popcorn_Description": "(ป๊อปคอร์น) เมล็ดข้าวโพดที่ถูกคั่วจนพอง เพิ่มรสชาติด้วยเนยและโรยเกลือนิดหน่อย",
  "RockCandy_Name": "Rock Candy",
  "RockCandy_Description": "(ลูกอมหิน) ผลึกน้ำตาลแต่งรสเสียบไม้พร้อมรับประทาน",
  "SalmonBurger_Name": "Salmon Burger",
  "SalmonBurger_Description": "(เบอร์เกอร์แซลม่อน) แซลม่อนชิ้นหนาบนขนมปังงาที่ถูกปิ้งจนเกรียมเล็กน้อย",
  "SaltedPeanuts_Name": "Salted Peanuts",
  "SaltedPeanuts_Description": "(ถั่วโรยเกลือ) ขนมรสเค็มสุดคลาสสสิก",
  "SourSlimes_Name": "Sour Slimes",
  "SourSlimes_Description": "(สไลม์เปรี้ยว) เยลลี่เคี้ยวหนึบรูปสไลม์หลากสี พวกมันถูกโรยด้วยผงที่มีรสเปรี้ยวสุดๆ",
  "StarCookie_Name": "Star Cookie",
  "StarCookie_Description": "(คุกกี้ดวงดาว) คุกกี้ชอร์ทเบรดรูปดาวที่โรยด้วยน้ำตาลสีรุ้ง",
  "StardropSorbet_Name": "Stardrop Sorbet",
  "StardropSorbet_Description": "(ไอศกรีมซอร์เบทรสสตาร์ดรอป) สารสกัดสตาร์ดรอป 1 หยด เปลี่ยนซอร์เบทนี้ให้กลายเป็นของหวานที่ไม่ธรรมดา",
  "TrufflePopcorn_Name": "Truffle Popcorn",
  "TrufflePopcorn_Description": "(ป๊อปคอร์นรสเห็ดทรัฟเฟิล) ป๊อปคอร์นสูตรโบราณที่โรยด้วยเกลือเห็ดทรัฟเฟิล"
}
