{
  "Penny_*_BeforeMovie": "ดูหนังกับแม่งั้นเหรอ เอาสิน่าสนุกจัง!",
  "Penny_*_DuringMovie": "(แพมและเพนนี กำลังดูอย่างตั้งใจ!)",
  "Penny_*_AfterMovie": "ฉันว่ามันคือเรื่องที่ดีนะ ที่ได้ทำอะไรกับครอบครัว อีกรอบ!",
  "Penny_spring_movie_0_BeforeMovie": "ฉันตั้งตารอ แจสและวินเซนท์ เอาแต่พูดถึงมัน",
  "Penny_spring_movie_0_DuringMovie": "ว้าว..มันคงยากมากแน่ๆ ที่จะอยู่ห่างจากครอบครัว เหมือนกับเขา...",
  "Penny_spring_movie_0_DuringMovie_2": "ดูเหมือนเพนนีกำลัง กลั้นน้ำตาเอาไว้...",
  "Penny_spring_movie_0_AfterMovie": "ขอบคุณที่ชวนฉันมาที่นี่นะ ฉันแทบรอไม่ไหวที่จะบอกเด็กๆ ว่ามันดีแค่ไหน!",
  "Penny_family_BeforeMovie": "โอ้... '{0}'! มันดูดีต่อสุขภาพ และน่าสนใจ!",
  "Penny_family_DuringMovie": "(เพนนีกำลังยิ้ม)",
  "Penny_family_AfterMovie": "ฉันว่าฉันควรพาเด็กๆ มาดูหนังเรื่องนี้นะ!",
  "Penny_comedy_BeforeMovie": "ฉันตื่นเต้นจังเลย ฉันกลั้นขำเอาไว้ ไม่ไหวแล้ว!",
  "Penny_comedy_DuringMovie": "นี่พวกเค้าพึ่ง...?! ฮ่าาาาา!",
  "Penny_comedy_AfterMovie": "ว้าว... ฉันหัวเราะจน หายใจไม่ทันเลย ฮ่าฮ่าฮ่า...!",
  "Penny_horror_BeforeMovie": "ฉันรู้สึกกังวลนิดหน่อย ปกติแล้วฉันไม่ดู หนังสยองขวัญหรอก$s",
  "Penny_horror_DuringMovie": "ฉันไม่อยากดูเลย...$s",
  "Penny_horror_AfterMovie": "ฉันหวังว่า ฉันจะไม่ฝันร้ายนะคืนนี้!$s",
  "Penny_love_BeforeMovie": "โอ้... ฉันอยากจะดูเรื่องนี้ อยู่พอดีเลย!",
  "Penny_love_AfterMovie": "ประทับใจจัง! ฉันหวังว่าหนังจะมีภาคต่อนะ!",
  "Penny_like_BeforeMovie": "เฮ้... ฉันได้ยินว่าเรื่องนี้ มันดีมากเลยละนะ!",
  "Penny_like_AfterMovie": "หนังดีมากเลย! ขอบคุณที่ชวนฉันมานะ!",
  "Penny_dislike_BeforeMovie": "ฉันว่าหนังเรื่องนี้ ไม่ใช่แนวฉันนะ แต่ว่าฉันจะลองดูละกัน...",
  "Penny_dislike_DuringMovie": "...",
  "Penny_dislike_AfterMovie": "ขอโทษทีนะที่ฉันทำ ให้เธอดูหนังไม่สนุกน่ะ มันไม่ใช่แนวหนัง ที่ฉันชอบน่ะ...",
  "Penny_seen_love_BeforeMovie": "โอ้ '{0}'! ฉันเคยดูหนังเรื่องนี้กับ {2} แล้วล่ะ!",
  "Penny_seen_like_BeforeMovie": "ฉันเคยดูเรื่องนี้กับ {2} แล้วล่ะมันสนุกดีนะ!",
  "Penny_seen_dislike_BeforeMovie": "อืม ฉันจำได้ว่า {2} เคยพาฉันมาดูเรื่องนี้แล้ว...",
  "Pam_*_BeforeMovie": "เฮ้เจ้าหนู ขอบคุณที่ชวนฉันมาดูนะ",
  "Pam_*_AfterMovie": "เฮ้ หนังมันก็สนุกดีนะ!",
  "Krobus_fall_movie_0_BeforeMovie": "ชู่วววววว เฮ้ นี่ฉันเอง โครบัส นายจำฉันได้ไหม?$8#$b#ถ้ามีใครเข้าใกล้เรา นายก็เตือนฉันนะ?$8",
  "Krobus_fall_movie_0_DuringMovie": "พวกเงาก็ไม่ได้เป็นแบบนั้น กันทั้งหมดนะ!$8",
  "Krobus_fall_movie_0_DuringMovie_2": "โครบัส กำลังบ่น...",
  "Krobus_fall_movie_0_AfterMovie": "ฉันไม่ค่อยชินกับการใส่เสื้อผ้า... มันอึดอัดมาก!$8",
  "Krobus_*_BeforeMovie": "*อ่ะแฮ่ม*... สวัสดี! ฉันตื่นเต้นมากที่ได้มาอยู่ที่ ศูนย์รวมความบันเทิง ทางสายตาและกินป๊อปคอร์น... เช่นเดียวกับพวกคุณ!$8#$b#*กระซิบ*... ฉันเป็นยังไงบ้าง?$8",
  "Krobus_*_AfterMovie": "สายพันธุ์ของคุณสนุกกับ การจ้องมองไฟกะพริบ เป็นเวลาหลายชั่วโมงจนจบ น่าสนใจมาก...$8",
  "Wizard_fall_movie_0_BeforeMovie": "ข้าสัมผัสได้ถึงพลังลึกลับ ที่แทรกแซงอาคารคืนนี้...",
  "Wizard_fall_movie_0_DuringMovie": "และลองนึกดูสิ... พวกคนธรรมดา ไม่อาจรู้ได้เลยว่า ภาพเคลื่อนไหวพวกนี้ มันเป็นของจริง ถ่ายสดๆ เลยน่ะ!",
  "Wizard_fall_movie_0_DuringMovie_2": "ดวงตาของพ่อมดเป็นประกาย...",
  "Wizard_fall_movie_0_AfterMovie": "สำหรับผู้ที่ตระหนัก ถึงความลึกลับ ที่ไม่ค่อยมีใครรู้น่ะนะ นั่นมันมีคุณค่าลึกซึ้งเลย...",
  "Wizard_*_BeforeMovie": "...",
  "Wizard_*_AfterMovie": "เจ้าลากข้าออกจาก ห้องทำงานเพื่อ *สิ่งนี้* น่ะนะ?",
  "George_love_BeforeMovie": "หนังสือพิมพ์ ให้หนังเรื่องนี้ '5 ดาว' อย่างนั้นฉันก็เต็มใจจะ ลองดูน่ะนะ",
  "George_love_AfterMovie": "เฮ้! หนังนั่นมันเยี่ยมมาก ขอบคุณที่เชิญฉันมา",
  "George_like_BeforeMovie": "ฮึ่ม... โรงหนังไม่เหมือนที่เคยเป็น.. แต่มันอาจดีนะ",
  "George_like_AfterMovie": "เฮ้ เมื่อเทียบกับหนังส่วนใหญ่ เรื่องนี้มันก็ไม่ได้เลวร้ายนะ$h",
  "George_dislike_BeforeMovie": "ฮึ่ม... ตอนนี้ฉันจะงีบสักหน่อย",
  "George_dislike_AfterMovie": "น่าอับอาย! ทุกวันนี้เหมือนพวกเขา ทำหนังห่วยๆมาให้ดูเลย... ",
  "Alex_summer_movie_1_BeforeMovie": "มันน่าจะสนุกมาก ผมจะตั้งตารอมัน",
  "Alex_summer_movie_1_AfterMovie": "เฮ้! ผมชอบมันจริงๆ แต่ผมไม่รู้ว่า ผมจะสามารถอยู่รอดได้ เหมือนในหนังรึเปล่า",
  "Alex_love_BeforeMovie": "ผมอยากดูเรื่องนี้ มานานแล้ว ขอบคุณที่เชิญผมนะ @!",
  "Alex_love_AfterMovie": "หนังมันเร้าใจมากเลย! ผมยังไม่หาย ขนลุกเลยนะเนี่ย",
  "Alex_like_BeforeMovie": "เฮ้ ผมตื่นเต้นมากที่ได้ดูหนัง! แต่กินขนมไปด้วย ดูหนังไปด้วย ผมว่ามันคงจะดีนะ...",
  "Alex_like_AfterMovie": "เฮ้ หนังเรื่องนี้สนุกมากเลยนะ ขอบคุณที่เชิญผมมา @",
  "Alex_dislike_BeforeMovie": "หนังเรื่องนี้ดูน่าเบื่อนะผมว่า แต่ผมจะลองดูละกัน",
  "Alex_dislike_AfterMovie": "ผมบอกไม่ได้ว่า หนังมันน่าเบื่อรึเปล่า หรือผมฉลาดไม่พอ ที่เข้าใจหนังกันนะ...$s",
  "Evelyn_love_BeforeMovie": "ก่อนที่เมืองนี้จะมีโรงหนัง ยายก็ไม่ได้ดูหนังมา จะยี่สิบปีแล้ว!$h",
  "Evelyn_love_AfterMovie": "ยายชอบมันนะ... ตอนนี้เธอรู้แล้วว่าทำไม '{0}' ถึงเป็นที่ยอมรับว่า เป็นหนังคลาสสิก",
  "Evelyn_like_BeforeMovie": "เธอใจดีมากเลยนะ ที่ชวนหญิงชราอย่างยาย มาดูหนังเนี่ย$h",
  "Evelyn_like_AfterMovie": "ยายดีใจที่พวกเขายังคง ทำหนังดีๆออกมา... ยายสนุกมาก!",
  "Evelyn_dislike_BeforeMovie": "ยายไม่เคยชอบ หนังสยองขวัญเลย แต่ยายจะพยายาม เปิดใจดูละกัน",
  "Evelyn_dislike_DuringMovie": "หนัง..จบแล้วหรือยัง?$s",
  "Evelyn_dislike_DuringMovie_2": "เอวาลินกำลังปิดตาอยู่!",
  "Evelyn_dislike_AfterMovie": "ยายไม่ได้ดูหนังเลย ทั้งเรื่องยายเอาแต่ ปิดตาอย่างเดียว...$s",
  "Pierre_love_BeforeMovie": "ฉันดูหนัง ไซ-ไฟ มาตั้งแต่เด็กๆอะนะ ฉันเลยตื่นเต้น ที่จะดูหนังเรื่องนี้ จนจะทนไม่ไหวแล้ว",
  "Pierre_love_AfterMovie": "อาห้ะ! มันไม่ได้จบเหมือนกับ ที่ฉันคิดเอาไว้ แต่ว่าตอนจบ มันโดนใจฉันมากเลยล่ะ! ฉันชอบหนังเรื่องนี้จริงๆ$h",
  "Pierre_like_BeforeMovie": "ฉันทำงานมาตลอด เลยไม่ค่อยมีเวลา ฉันว่ามันดีนะ ที่ได้มาพักผ่อนสักหน่อย หลังจากทำงานมานาน",
  "Pierre_like_AfterMovie": "ไม่เลวเลย! ฉันอยากรู้จังว่าที่นี่มีของ ให้ฉันเอาไปขายได้รึเปล่า...",
  "Abigail_summer_movie_0_BeforeMovie": "ฉันไม่อยากจะเชื่อเลย เค้าทำหนังของเกม บันทึกการผจญภัย เจ้าชายแห่งทะเลทราย... มันต้องดีแน่ๆ เลย!",
  "Abigail_summer_movie_0_DuringMovie": "ฟังสิ... ฉันจำเสียงเพลงนั้นได้$h",
  "Abigail_summer_movie_0_AfterMovie": "บางทีในฉากมันก็แปลกๆ นะ โดยรวมมันก็สนุกแหละนะ$h",
  "Abigail_spring_movie_1_BeforeMovie": "ฉันตื่นเต้นจังที่จะไป 'สำรวจโลก'... ใช่ไหม?$h",
  "Abigail_spring_movie_1_DuringMovie": "ก็ฉันไม่รู้นี่นา!",
  "Abigail_spring_movie_1_AfterMovie": "มันก็น่าสนใจดีนะ ฉันชอบแร็คคูนที่สุดแล้ว... พวกมันน่ารักอะ!$h",
  "Abigail_love_BeforeMovie": "ฉันชอบหนังสยองขวัญนะ... ฉันหวังว่ามันจะน่ากลัว!$h",
  "Abigail_love_DuringMovie": "ฮ่าฮ่า! มันไม่ค่อยน่ากลัวเลย แต่ฉันชอบนะ$h",
  "Abigail_love_DuringMovie_2": "อบิเกลกำลังหัวเราะ!",
  "Abigail_love_AfterMovie": "ถึงหนังเรื่องนี้ มันจะดูเชยก็เถอะ แต่ฉันก็ชอบมันนะ$h",
  "Abigail_like_BeforeMovie": "เฮ้! ขอบคุณที่ชวนฉันนะ ฉันชอบไปดูหนังที่สุดเลย$h",
  "Abigail_like_AfterMovie": "มันน่าสนใจมากเลยนะ หนังเนี่ย... ถ้าฉันไปอยู่ใน สถานการณ์แบบในหนัง ฉันจะทำแบบไหนกันะ?",
  "Abigail_dislike_BeforeMovie": "ดูจากตัวอย่างหนังแล้วนะ มันน่านอนหลับคาโรงจริงๆ ถ้าได้ดู...$6",
  "Abigail_dislike_DuringMovie": "ปลุกฉันด้วยนะ ถ้าหนังมันมีอะไรน่าสนใจ$6",
  "Abigail_dislike_AfterMovie": "*หาว*... มันน่าเบื่อมากๆ เลยนะ ว่าไหม?$6",
  "Caroline_summer_movie_0_BeforeMovie": "ฉันเป็นแฟนหนังแนวคาวบอย ฉันตื่นเต้นจังเลย ที่จะได้ดูหนังเรื่องนี้!",
  "Caroline_summer_movie_0_AfterMovie": "หนังสุดยอดมากเลย! เค้าทำเหมือนในยุคนั้นจริงๆ ทั้งชุดที่พวกเค้าใส่ และก็หลายอย่างด้วย",
  "Caroline_love_BeforeMovie": "หนังเรื่องนี้ดูออกแนวน่ารักๆ นะ ฉันหวังมาตลอดว่าจะมีใคร มาชวนฉันมาดูเรื่องนี้!",
  "Caroline_love_DuringMovie": "ฉันหวังว่าเจ้าหนูนั้น จะไม่เป็นอะไรนะ...$s",
  "Caroline_love_AfterMovie": "ขอบคุณนะ ที่ชวนฉันมาดูหนัง ฉันสนุกมากเลย!",
  "Caroline_like_BeforeMovie": "'{0}'... ฉันไม่ได้ดูตัวอย่าง หนังเรื่องนี้มาก่อนเลย! หวังว่า จะไม่มีฉากทำร้ายกันนะ",
  "Caroline_like_AfterMovie": "ไม่เลวเลย! ฉันต้องรีบกลับบ้านไปคุย เรื่องหนังกับอบิเกลซะแล้ว เธอต้องดูเรื่องนี้แล้วแน่ๆ$h",
  "Caroline_dislike_BeforeMovie": "ฉันรู้สึกว่า เรื่องนี้จะต้องไม่สนุกแน่ๆ... แต่ฉันจะลองดูละกัน",
  "Caroline_dislike_AfterMovie": "ทำไมมันจบแบบนั้นล่ะ!... ฉันว่าปิแอร์ต้องชอบ หนังแนวนี้แน่นอน$s",
  "Harvey_spring_movie_1_BeforeMovie": "ฉันไม่ค่อยอยากเข้าไปดูเลย... *อึก*",
  "Harvey_spring_movie_1_DuringMovie": "ฉันกลัว!$8",
  "Harvey_spring_movie_1_DuringMovie_2": "ฮาร์วีย์กำลังตัวสั่น!",
  "Harvey_spring_movie_1_AfterMovie": "ฉันกลัวความสูงน่ะ ฉากในหนังมันก็ เข้าจุดฉันเลยล่ะ... แต่ฉันก็สนุกนะ$h",
  "Harvey_love_BeforeMovie": "ฉันเคยอ่านรีวิวหนังเรื่องนี้ใน Zuzu City Times...",
  "Harvey_love_DuringMovie": "คุณคิดอะไรกับเรื่องนี้ไหม?",
  "Harvey_love_AfterMovie": "นั้นดีมากเลยนะ ผมดีใจนะที่ @ ชวนผมมาดูหนัง$h",
  "Harvey_like_BeforeMovie": "ปกติฉันไม่ค่อยชอบดูหนัง แต่เรื่องนี้มันสมควรดู ถูกไหม?",
  "Harvey_like_AfterMovie": "หนังมันติดตามากเลย! ฉันว่าฉันคงคิดถึง {0} นานเลยละ",
  "Harvey_dislike_BeforeMovie": "เรื่องนี้มันดูไม่ใช่แนวฉันน่ะ...$s",
  "Harvey_dislike_DuringMovie": "ฉันรู้สึกไม่ค่อยดี...$8",
  "Harvey_dislike_DuringMovie_2": "ความดันของฮาร์วีย์เริ่มสูงขึ้น!",
  "Harvey_dislike_AfterMovie": "ฉันขนลุกไปหมดเลย...$s",
  "Gus_summer_movie_1_BeforeMovie": "ฉันเคยเห็น ตัวอย่างหนังเรื่องนี้ ในโทรทัศน์มันดูน่าสนุกนะ!",
  "Gus_summer_movie_1_AfterMovie": "จากการที่ เป็นพ่อครัวมานาน การทำอาหารแบบนั้น มันก็ดูมีระดับนะ$h",
  "Gus_winter_movie_0_BeforeMovie": "ตอนที่ฉันได้ดูหนังเรื่อง '{0}' ก็เหมือนเป็นวันหยุด ไปเลย!",
  "Gus_winter_movie_0_AfterMovie": "อบอุ่นหัวใจจัง... แต่ฉันอยากจะ ลองชิมผลไม้นั่นสักครั้งนะ",
  "Gus_fall_movie_0_BeforeMovie": "เค้าบอกกันว่าหนังเรื่องนี้มัน 'แหวกแนว'... มันหมายความว่ามันแย่เหรอ?$s",
  "Gus_fall_movie_0_AfterMovie": "เรื่องนี้จะสื่ออะไรเนี่ย? ดูไม่ค่อยรู้เรื่องเลย บางทีฉันอาจแก่เกิน หนังเรื่องนี้แล้วก็ได้$s",
  "Gus_like_BeforeMovie": "*ฟุด* *ฟิด* ... ฉันได้กลิ่นความอร่อย...",
  "Gus_like_AfterMovie": "ไม่เลวเลย ฉันโชคดีที่ได้มาดูหนังเรื่องนี้!",
  "Lewis_summer_movie_0_BeforeMovie": "ฉันเคยดูหนังคาวบอย ตอนฉันเป็นเด็ก... ฉันดีใจที่หนังยังคง เป็นเหมือนเมื่อก่อน!",
  "Lewis_summer_movie_0_DuringMovie": "(ฉันล่ะอยากจะรู้จริงๆ ว่าเขาใช้ขี้ผึ้ง สำหรับแต่งทรงหนวด ยี่ห้ออะไร?)",
  "Lewis_summer_movie_0_DuringMovie_2": "ดูเหมือนนายกเทศมนตรีเลวิส กำลังจมอยู่ในความคิด...",
  "Lewis_summer_movie_0_AfterMovie": "เฮ้ นั่นมันเยี่ยมไปเลย! ทำให้ฉันนึกถึงอดีตขึ้นมาจริงๆ เลยล่ะ...$h",
  "Lewis_spring_movie_1_BeforeMovie": "ท่านผู้ว่าการรัฐ แนะนำภาพยนตร์เรื่องนี้ ให้กับผมด้วย ตัวท่านเองเลยนะ!",
  "Lewis_spring_movie_1_AfterMovie": "มหัศจรรย์มาก! พวกเขาทำให้สตาร์ดิวแวลลีย์ ดูสวยงามมากจริงๆ ใช่ไหมล่ะ? คงจะดีถ้าเขาทำให้ เมืองเพลิแกน เด่นขึ้นมาอีกนิด...$h",
  "Lewis_like_BeforeMovie": "ในฐานะที่ผมเป็นนายกเทศมนตรี ผมจำเป็นจะต้องทราบว่า ภาพยนตร์ประเภทไหน ที่กำลังเข้าฉายอยู่ใน ชุมชนของพวกเรา พวกเรามีจิตใจที่ใสสะอาด ของชนรุ่นหลังที่ต้อง คำนึงถึง!",
  "Lewis_like_AfterMovie": "ฮ่าห์! มันไม่เลวเลย... ผมจะพูดว่าภาพยนตร์เรื่องนี้ 'ผ่านการรับรอง โดยนายกเทศมนตรี' แล้ว$h",
  "Lewis_dislike_BeforeMovie": "อืม... ผมรู้สึกว่ามันน่าสนใจที่ได้เห็นว่า ทุกวันนี้คนหนุ่มสาว ดูภาพยนตร์แบบไหน...",
  "Lewis_dislike_AfterMovie": "เหอ... ผมสงสัยจังว่าข้อความที่ ภาพยนตร์เรื่องนี้สื่อออกมา มันดีต่อชุมชนของเรารึเปล่า?",
  "Jodi_love_BeforeMovie": "ฉันเคยดูเรื่องนี้ มาแล้วครั้งหนึ่ง เมื่อนานมาแล้ว มันโรแมนติกมาก!",
  "Jodi_love_AfterMovie": "นั่นมันดีมากเลย... แก่นของภาพยนตร์เรื่องนี้ มันสอดคล้องกับชีวิตของฉัน ขอบคุณที่พาฉันมาดูนะ!",
  "Jodi_like_BeforeMovie": "ฉันหวังว่าเก้าอี้จะนั่งสบายนะ วันนี้ฉันยืนมาตลอดทั้งวันเลย!",
  "Jodi_like_AfterMovie": "ฉันไม่ใช่พวก คลั่งภาพยนตร์หรอกนะ... แต่ฉันก็ได้มีช่วงเวลาที่ดีมาก! ขอบใจนะ @",
  "Sam_summer_movie_1_BeforeMovie": "โอ้ววว ฉันล่ะตื่นเต้นกับเจ้านี่จริงๆ! ฉันได้ยินมาว่ามันมีดนตรี ประกอบภาพยนตร์ที่เยี่ยมยอด",
  "Sam_summer_movie_1_DuringMovie": "ภาพยนตร์เรื่องนี้ มันตลกมาก! เขาเอาไอเดียพวกนี้ มาจากไหนกันนะ?$h",
  "Sam_summer_movie_1_DuringMovie_2": "แซมกลั้นขำเอาไว้ไม่อยู่แล้ว!",
  "Sam_summer_movie_1_AfterMovie": "*ชู่ววว*... อย่าไปบอกใครนะ ว่าผมใส่ถุงเท้า แบบเดียวกันกับวัมบัสเลย",
  "Sam_horror_BeforeMovie": "คุณชอบหนังสยองขวัญเหรอ? ผมรู้สึกประหลาดใจนิดหน่อย!",
  "Sam_horror_AfterMovie": "นั่นมันค่อนข้างจะ เยี่ยมเลยแหละ! โดยปกติแล้วภาพยนตร์ ทำให้ผมรู้สึกกลัว ไม่ได้หรอกนะ แต่เรื่องนี้ทำให้ผม รู้สึกได้นิดหน่อย... ผมไม่คิดว่าจะพา วินเซนท์มาดูหรอกนะ",
  "Sam_like_BeforeMovie": "เฮ้ ขอบคุณที่เชิญผมมานะ @... มันเยี่ยมจริงๆที่ตอนนี้ เมืองของเรามีโรงหนังแล้ว",
  "Sam_like_AfterMovie": "นั่นมันไม่เลวเลย! ผมน่าจะพาวินเซนท์มาดู",
  "Sam_dislike_BeforeMovie": "มันเป็นหนังเก่าๆ ที่มีแต่บทสนทนา เต็มไปหมด ใช่ไหม? อืม...$s",
  "Sam_dislike_DuringMovie": "หื้ม? โอ้! ใช่... ภาพยนตร์... น่าสนใจดี...$10",
  "Sam_dislike_DuringMovie_2": "แซมกำลังเล่นเครื่องเล่น วิดีโอเกมแบบพกพา ของเขาอยู่",
  "Sam_dislike_AfterMovie": "ช่ายย... เอ้อ... ตัวละครตัวนั้นน่าสนใจดี... และ อืม... เฮ่...$10",
  "Vincent_love_BeforeMovie": "ผมตื่นเต้นสุดๆ ไปเลย! แม่อนุญาตให้ผม อมลูกอมได้ด้วย!$h",
  "Vincent_love_DuringMovie": "วินเซนท์ กำลังมีความสุขสุดๆ !",
  "Vincent_love_AfterMovie": "หนังสนุกมากเลยล่ะ ฉันจะต้องดูมันอีกแน่นอน!$h",
  "Vincent_dislike_BeforeMovie": "ต... แต่... หนังเรื่องนี้ เป็นหนังสำหรับ คนที่โตแล้วไม่ใช่เหรอ?$s",
  "Vincent_dislike_DuringMovie": "วินเซนท์กำลังหงุดหงิด อยู่บนที่นั่งของเขา",
  "Vincent_dislike_AfterMovie": "นั่นมันน่าเบื่อจัง... ผมไม่เข้าใจอะไรเลย$s",
  "Kent_like_BeforeMovie": "ขอบคุณที่เชิญผมมาดูหนังนะ @ มันไม่ง่ายเลยที่จะ ปรับตัวกลับมาใช้ ชีวิตแบบคนในเมืองได้ แต่คุณช่วยให้ผมรู้สึกว่า ผมเป็นที่ต้อนรับจริงๆ",
  "Kent_like_DuringMovie": "นี่มันเยี่ยมไปเลย... มันทำให้ผมนึกถึง ช่วงเวลาที่เรียบง่าย...$h",
  "Kent_like_DuringMovie_2": "รอยยิ้มที่หาได้ยากของเคนท์ ปรากฏขึ้นบนใบหน้าของเข",
  "Kent_like_AfterMovie": "นั่นมันสนุกดีนะ เมื่อคุณจดจ่ออยู่กับหนัง ทุกความกังวลในใจ มันหายไปหมดเลย",
  "Kent_dislike_BeforeMovie": "ผมไม่ค่อยแน่ใจ เกี่ยวกับหนังเรื่องนี้นะ...",
  "Kent_dislike_DuringMovie": "เหงื่อเย็นๆ ไหลซึมออกมา จากตัวของเคนท์...",
  "Kent_dislike_AfterMovie": "นั่นมันคือ ความท้าทายสำหรับผม แต่ผมก็ยังรู้สึกซาบซึ้ง ที่คุณเชิญผมมาอยู่ดี",
  "Clint_winter_movie_1_BeforeMovie": "หนังเรื่องนี้ มันควรจะโรแมนติก ใช่ไหม? *ถอนหายใจ*$s",
  "Clint_winter_movie_1_DuringMovie": "ทำไมเธอถึงชอบ ผู้ชายคนนั้น? ถ้าคุณถามผม ผมคิดว่าคนแบบนั้น ไม่มีทางมีอยู่จริงหรอก...$3",
  "Clint_winter_movie_1_DuringMovie_2": "คลินท์กำลังทำหน้าบึ้ง",
  "Clint_winter_movie_1_AfterMovie": "หนังเรื่องนี้ทำให้ผมผิดหวัง...$s",
  "Clint_like_BeforeMovie": "ผมคิดว่ามันคือ 'ค่ำคืนของหนุ่มๆ' ใช่ไหม? นั่นมันหมายความว่า ผมต้องซื้อของกินเล่นเอง รึเปล่า?^โอ้... นี่... นี่พวกเรากำลังเดตกันเหรอ?$4",
  "Clint_like_DuringMovie": "มันก็แค่... *อึ๊ก*... โจจ้าโคล่า$h^*กระซิบ*...ถ้าคุณ อืม... รู้สึกเหนื่อย... คุณสามารถวางศีรษะลงบน... ลงบนไหล่ของผมก็ได้นะ แหะๆ... หรือจะไม่ก็ได้!$4",
  "Clint_like_DuringMovie_2": "คลินท์กำลังจิบเครื่องดื่ม จากขวดแก้ว ที่ไม่ได้ระบุไว้ว่า บรรจุอะไรไว้ข้างใน",
  "Clint_like_AfterMovie": "เฮ้... นั่นมันก็สนุกอยู่นะ... ใช่ไหม?$h",
  "Emily_spring_movie_1_BeforeMovie": "ฉันเตรียมตัวสำหรับ หนังเรื่องนี้ด้วยการ กินถั่วไปหนึ่งกำมือ... เป็นอาหารสมองยังไงล่ะ!",
  "Emily_spring_movie_1_AfterMovie": "ฉันรู้สึกว่าตัวเองฉลาดกว่า ก่อนหน้านี้นิดหน่อย... คุณก็รู้สึกใช่ไหม?",
  "Emily_love_BeforeMovie": "ตอนที่ฉันเห็นโปสเตอร์ ของหนังเรื่องนี้ ฉันรู้สึกได้ถึงพลังงานบวก ในหัวของฉันเลยล่ะ$h",
  "Emily_love_AfterMovie": "หนังเรื่องนั้นมันดู มีจิตวิญญาณมากๆเลย คุณเห็นด้วยรึเปล่า? ฉันรักมัน!$h",
  "Emily_like_BeforeMovie": "ฉันมีความสุข ที่ได้ดูหนังกับคุณ! ฉันเกือบจะสนุกไปกับหนัง จนไม่รู้สึกถึงสิ่งรอบตัวแล้ว",
  "Emily_like_AfterMovie": "ฉันรู้สึกดีกับหนังเรื่องนี้นะ.. หมายถึงว่ามันเป็นหนังที่ดี!$h",
  "Emily_dislike_BeforeMovie": "ปกติแล้วฉันจะดูหนัง ที่ทำให้รู้สึก ถึงพลังบวก มากกว่านี้น่ะนะ หนังเรื่องนี้ก็เลยน่าสนใจ",
  "Emily_dislike_DuringMovie": "โยบะ ได้โปรดคุ้มครองฉัน จากพลังงานด้านลบ ของหนังเรื่องนี้ด้วย$7",
  "Emily_dislike_DuringMovie_2": "เอมิลี่กระซิบกับตัวเอง...",
  "Emily_dislike_AfterMovie": "ระดับพลังงานของฉัน เหลือน้อยมาก หลังจากที่ดูหนังเรื่องนี้...$3",
  "Haley_winter_movie_1_BeforeMovie": "อืม... ที่นี่ทั้งสวยงามและอบอุ่น ฤดูหนาวเป็นช่วงที่ฉันชอบไป ดูหนังมากที่สุด$h",
  "Haley_winter_movie_1_AfterMovie": "มันโรแมนติกมากๆ เลยล่ะ",
  "Haley_winter_movie_0_BeforeMovie": "อืม... ที่นี่ทั้งสวยงามและอบอุ่น ฤดูหนาวเป็นช่วงที่ฉันชอบไป ดูหนังมากที่สุด$h",
  "Haley_winter_movie_0_AfterMovie": "ฉันดีใจที่มันมีตอนจบที่ดี!",
  "Haley_dislike_BeforeMovie": "โอ้ นี่ก็คือหนึ่งในหนัง 'แฟนตาซี' พวกนั้นเหรอ?$7",
  "Haley_dislike_AfterMovie": "*หาว*... อะไร? โอ้... ขอถามอีกที หนังเรื่องนี้มันเกี่ยวกับ อะไรนะ?$7",
  "Haley_like_BeforeMovie": "ทุกคนพูดถึงหนังเรื่องนี้ ฉันก็เลยตั้งตารอ ที่จะมาดูบ้าง",
  "Haley_like_AfterMovie": "ฉากสุดท้ายนั่น... มันหมายถึงอะไรอ่ะ?",
  "Maru_spring_movie_1_BeforeMovie": "เฮ้ @! ฉันตั้งตาคอยที่จะ ดูเรื่องนี้เลยแหละ... ฉันหวังว่าเราจะได้เรียนรู้ อะไรหลายๆ อย่าง จากภาพยนตร์เรื่องนี้นะ!$h",
  "Maru_spring_movie_1_DuringMovie": "อา ฉันเข้าใจล่ะ... นั่นมันน่าสนใจมากเลย!",
  "Maru_spring_movie_1_DuringMovie_2": "มารุกำลังจดโน้ตของเธออยู่!",
  "Maru_spring_movie_1_AfterMovie": "นั่นมันน่าสนใจมากเลย! ฉันไม่เคยคิดมาก่อนเลยว่า จะมีคนอาศัยอยู่ในเมืองใหญ่ มากขนาดนั้น",
  "Maru_summer_movie_1_BeforeMovie": "มันเป็นภาพยนตร์ แนวไซ-ไฟใช่ไหม? อย่างนึงที่ฉันชอบ เกี่ยวกับภาพยนตร์ไซ-ไฟ ก็คือการได้เห็นเทคโนโลยี ที่แปลกประหลาด",
  "Maru_summer_movie_1_AfterMovie": "เอาล่ะ ฉันไม่เคยเห็นอะไร *อย่างนั้น* ผ่านกล้องโทรทรรศน์ ของฉันมาก่อนเลย... แต่นั่นมันเยี่ยมมาก!$h",
  "Maru_like_BeforeMovie": "ฉันชอบไปโรงภาพยนตร์ มากเลยล่ะ ถึงแม้ว่า ภาพยนตร์จะแย่ก็ตาม!$h",
  "Maru_like_AfterMovie": "นั่นเป็นตัวเลือกที่น่าสนใจมาก สำหรับฉากสุดท้าย เธอคิดว่าฉากนั้น มันหมายความว่ายังไง?",
  "Sebastian_love_BeforeMovie": "เฮ้ ฉันได้ยินมาว่าหนังเรื่องนี้ ค่อนข้างที่จะแจ๋วเลย... ฉันตั้งตาคอยที่จะไปดูมันนะ$h",
  "Sebastian_love_DuringMovie": "ศิลปะการถ่ายทำ ภาพยนตร์เรื่องนี้ มันเป็นอีกระดับนึงเลย",
  "Sebastian_love_DuringMovie_2": "เซบาสเตียนกำลังยิ้มจนเห็นฟัน",
  "Sebastian_love_AfterMovie": "หนังที่ดีที่สุดที่ฉันดูในช่วงนี้... ฉันสงสัยจังว่าพวกเขาทำ เทคนิคพิเศษพวกนั้นยังไงs?$h",
  "Sebastian_like_BeforeMovie": "*ยักไหล่*... โปสเตอร์หนังดูเจ๋งดี เพราะงั้นฉันก็เลย มาดูด้วย",
  "Sebastian_like_AfterMovie": "มันไม่ใช่หนังที่ดีที่สุด แต่ฉันก็มีช่วงเวลาที่ดีเลยล่ะ ขอบคุณที่ชวนมานะ",
  "Sebastian_dislike_BeforeMovie": "ฉันหวังว่าหนังจะจบเร็วๆ นี้นะ...",
  "Sebastian_dislike_AfterMovie": "มันเป็นหนังที่ดีสำหรับผู้ชม ที่เป็นกลุ่มเป้าหมายนะ แต่ไม่ใช่สำหรับผม",
  "Robin_love_BeforeMovie": "ช่วงนี้ฉันรู้สึกเบื่อๆ ดังนั้นหนังที่เต็มไปด้วย การเคลื่อนไหว ก็เลยเป็นอะไรที่ ตรงกับความต้องการ ของฉันสุดๆ เลยล่ะ",
  "Robin_love_AfterMovie": "ตอนนี้ฉันรู้สึกมีไฟสุดๆ ไปเลย! นั่นมันเยี่ยมจริงๆ$h",
  "Robin_like_BeforeMovie": "ฉันไม่ค่อยแน่ใจว่า หนังเรื่องนี้มันเกี่ยวกับอะไร แต่ฉันก็ไม่ค่อยจะ ใส่ใจเท่าไหร่! ฉันก็แค่รู้สึกดี ที่ได้ออกมานอกบ้าน",
  "Robin_like_AfterMovie": "นั่นมันสนุกมากเลย @ ฉันดีใจที่พวกเรา มาดูหนังกันนะ",
  "Demetrius_winter_movie_1_BeforeMovie": "การเดินท่ามกลางหิมะ ในระยะเวลาสั้นๆ ทำให้เหลือดไหลเวียน ได้ดีจริงๆ",
  "Demetrius_winter_movie_1_DuringMovie": "ความปราถนาของหัวใจ...? โอ้! คุณหมายถึง 'การเพิ่มขึ้นของระดับ ออกซิโทซินในระบบลิมบิก'",
  "Demetrius_winter_movie_1_DuringMovie_2": "ดิมีเทรียสกำลังขมวดคิ้ว",
  "Demetrius_winter_movie_1_AfterMovie": "ศิลปะของภาพยนตร์เรื่องนี้ ก้าวหน้าไปมาก ตั้งแต่ช่วงเวลานั้น ใช่ไหม?",
  "Demetrius_summer_movie_1_BeforeMovie": "ภาพยนตร์เรื่องนี้ ควรจะถ่ายทำในสถานที่ ที่ดูเป็นเมืองใน 'อนาคต' มากกว่านี้... มันน่าสนใจมากที่จะดู ว่ามันจะออกมาเป็นยังไง!",
  "Demetrius_summer_movie_1_AfterMovie": "เป็นหนังที่ยอด... แต่ผมสงสัยว่ามันมีสิ่งมีชีวิต บนดาวแบบนี้จริงๆ เหรอ?",
  "Demetrius_spring_movie_1_BeforeMovie": "ภาพยนตร์เรื่องนี้ เหมาะสมกับผมมาก... คุณรู้ว่าผมจะต้องชอบมันแน่ๆ$h",
  "Demetrius_spring_movie_1_DuringMovie": "โดยเทคนิคแล้ว นั่นมันไม่ถูกต้องนะ...$3",
  "Demetrius_spring_movie_1_DuringMovie_2": "ดิมีเทรียสกำลังกำคางของเขา...",
  "Demetrius_spring_movie_1_AfterMovie": "คือแบบนี้นะ พวกเขาเสริม อะไรบางอย่างลงไป แต่เนื้อหาส่วนใหญ่ ก็ยังถูกต้องอยู่! ยังไงก็ตาม ผมมีช่วงเวลาที่ดีนะ",
  "Demetrius_winter_movie_0_BeforeMovie": "ผมได้อ่านเกี่ยวกับ ภาพยนตร์เรื่องนี้ ในหนังสือพิมพ์... ดูเหมือนว่า มันไม่เหมาะกับผมนะ แต่ผมจะลองดูแล้วกัน",
  "Demetrius_winter_movie_0_AfterMovie": "ไร้สาระ! นั่นมันไม่เป็นวิทยาศาสตร์ เลยสักนิด!$4",
  "Demetrius_like_BeforeMovie": "ถึงแม้ว่า ภาพยนตร์เรื่องนี้มันจะไม่ดี แต่การลองวิเคราะห์ ภาพยนตร์เรื่องนี้ ก็น่าสนใจอยู่นะ",
  "Demetrius_like_AfterMovie": "อืม... ผมสงสัยว่าภาพยนตร์เรื่องนี้ ทำให้มนุษย์พึงพอใจ ในแง่มุมไหน?$3",
  "Linus_spring_movie_1_BeforeMovie": "ผมรู้สึกว่าผมไม่มีที่ยืนที่นั่น... หวังว่าผมจะไม่ได้ รบกวนใครนะ$s",
  "Linus_spring_movie_1_DuringMovie": "ลีนัสกำลังมองพื้น...",
  "Linus_spring_movie_1_AfterMovie": "ทำไมถึงเอาแต่จ้องมอง จอภาพยนตร์ล่ะ ในเมื่อคุณสามารถ สัมผัสประสงการณ์ต่างๆ ได้ด้วยตัวเอง?$s",
  "Linus_dislike_BeforeMovie": "ผมรู้สึกว่า ผมไม่มีที่ยืนที่นั่น... หวังว่าผมจะไม่ได้ รบกวนใครนะ$s",
  "Linus_dislike_DuringMovie": "ลีนัสกำลังมองพื้น...",
  "Linus_dislike_AfterMovie": "ผมไม่คุ้นเคยกับการกระตุ้น ที่มากขนาดนั้น... ขอโทษนะ ถ้าผมทำให้แขกคนอื่นๆ รู้สึกผิดหวังๆ @ แต่ผมก็ยังซาบซึ้งมาก ที่คุณชวนผมมา!",
  "Dwarf_love_BeforeMovie": "โอ้ ว้าว! ปราสาทที่สร้างขึ้นมา เพื่อความบันเทิง เพียงอย่างเดียว!",
  "Dwarf_love_DuringMovie": "ดูเหมือนคนแคระ จะตกอยู่ในภวังค์ลึก...",
  "Dwarf_love_AfterMovie": "ฉันไม่เข้าใจอะไร สักอย่างเลย แต่แสงวูบวาบพวกนั้น มันช่างน่าให้หลงใหลจริงๆ!",
  "Marnie_love_BeforeMovie": "ฉันรู้ว่า ฉันจะหลงรักหนังเรื่องนี้! เธอช่างมีน้ำใจเหลือเกิน ที่ชวนฉันมาดูหนังเรื่องนี้ @$h",
  "Marnie_love_AfterMovie": "โอ้ ฉันดีใจมากที่ครอบครัวนั้น ไม่เป็นอะไรในตอนจบ แล้วก็พวกวัวด้วย!$h",
  "Marnie_like_BeforeMovie": "พอเป็นเรื่องของภาพยนตร์ ฉันค่อนข้างจะ ใจง่ายเลยแหละ... ก็ฉันน่ะชอบทุกอย่าง ที่เกี่ยวกับภาพยนตร์ เลยนี่นา!",
  "Marnie_like_AfterMovie": "มันเป็นเวลาที่ดีมากๆเลย @! ขอบคุณที่ชวนฉันมานะ",
  "Shane_summer_movie_0_BeforeMovie": "อือ... ใช่ ผมหวังว่านี่จะโอเคนะ *ฟุดฟิด* *ฟุดฟิด* ... ขนมคบเคี้ยวน่าจะช่วยได้นะ",
  "Shane_summer_movie_0_DuringMovie": "ผมเป็นแฟนของพวกตัวร้าย... *เอิ๊ก*",
  "Shane_summer_movie_0_AfterMovie": "โอเค ผมยอมรับ... ผมคิดว่ามันค่อนข้าง ดีเลยแหละ",
  "Shane_love_BeforeMovie": "ฮึ ฉันว่าฉันอยากจะดูเรื่องนี้นะ...",
  "Shane_love_DuringMovie": "โอเค นี่มันดีจัง...$h",
  "Shane_love_DuringMovie_2": "เชนพยายามที่จะกลั้นยิ้ม",
  "Shane_love_AfterMovie": "เวลาที่พวกเรากำลังดูหนังดีๆ คุณจะลืมทุกสิ่งทุกอย่าง ไปเลย... มันคือของขวัญจากพระเจ้า",
  "Shane_like_BeforeMovie": "อือ... ใช่ ผมหวังว่านี่จะโอเคนะ *ฟุดฟิด* *ฟุดฟิด* ... ขนมคบเคี้ยวน่าจะช่วยได้นะ",
  "Shane_like_AfterMovie": "โอเค ผมยอมรับ... ผมคิดว่า มันค่อนข้างดีเลยแหละ",
  "Shane_dislike_BeforeMovie": "อ่าห์... มันคงจะเจ็บปวดมากแน่เลย",
  "Shane_dislike_DuringMovie": "เชนดูจะห่อเหี่ยวมาก...",
  "Shane_dislike_AfterMovie": "ฉันรู้สึกหดหู่มากเลยอะ...$s",
  "Jas_love_BeforeMovie": "หนูมีความสุขมากที่ได้ดูหนัง!",
  "Jas_love_DuringMovie": "แจสมีความสุขมาก!",
  "Jas_love_AfterMovie": "หนังสนุกมากเลยล่ะ! ขอบคุณที่ พาหนูมาดูด้วยนะคะ!$h",
  "Jas_like_BeforeMovie": "นี่เป็นหนังสำหรับคนที่โตแล้ว ใช่ไหมคะ? ไม่ต้องห่วงค่ะ หนูโอเค!",
  "Jas_like_DuringMovie": "แจสกำลังผงกศีรษะ และเหลือบมองข้างๆ",
  "Jas_like_AfterMovie": "หนูคิดว่ามันดีนะ! มันมี... อืม... 'บด-โสน-ทะ-นา' ที่ดี! ...ใช่ไหมคะ?",
  "Jas_horror_BeforeMovie": "หนู... หนูไม่แน่ใจว่า หนูได้รับอนุญาตให้ดู หนังเรื่องนี้นะคะ...$s",
  "Jas_horror_DuringMovie": "หนูกลัว...$s",
  "Jas_horror_DuringMovie_2": "แจสกำลังตัวสั่น",
  "Jas_horror_AfterMovie": "*สูดน้ำมูก*...$s",
  "Leah_spring_movie_1_BeforeMovie": "ฉันได้ยินมาว่ามันมีฉากของ ธรรมชาติที่สวยงามมากๆ ในหนังเรื่องนี้... ฉันจะตั้งตาคอยมัน ด้วยความตื่นเต้นเลยล่ะ!$h",
  "Leah_spring_movie_1_AfterMovie": "นั่นมันเยี่ยมมาก ฉันค่อนข้างมั่นใจเลยล่ะ ว่าฉันเห็นกระท่อมของฉัน ในฉากที่เป็นสตาร์ดิวแวลลีย์!$h",
  "Leah_love_BeforeMovie": "หนังเรื่องนี้ทำให้ฉันทึ่งจริงๆ... ฉันเป็นพวก คลั่งเรื่องลี้ลับน่ะ",
  "Leah_love_AfterMovie": "นั่นมันเยี่ยมไปเลย! วิธีการเล่าเรื่องยังไม่ค่อย กระชับเท่าไหร่ แต่ฉันคิดว่ามันตั้งใจจะ เล่นกับสภาวะอารมณ์น่ะ ไม่ใช่ตรรกะความคิด",
  "Leah_like_BeforeMovie": "ฉันไม่แน่ใจว่า ควรจะคาดหวังอะไร จากหนังเรื่องนี้ แต่ฉันจะเปิดใจเข้าไว้นะ!",
  "Leah_like_AfterMovie": "นั่นมันเป็นหนังที่ ธรรมดามากแต่ก็ดีนะ... มันเหมือนกับ อาหารที่กินแล้ว อิ่มอกอิ่มใจของโรงหนังน่ะ",
  "Leah_dislike_BeforeMovie": "จากโปสเตอร์หนังนะ นี่มันดูจะเลี่ยนมากเลย",
  "Leah_dislike_AfterMovie": "มันเป็นหนังใต้ดินใช่ไหม?",
  "Sandy_love_BeforeMovie": "ฉันมีความสุขมาก ที่มีข้ออ้างที่จะมา เมืองเพลิแกน!",
  "Sandy_love_AfterMovie": "นั่นมันสนุกมากเลย ขอบคุณที่ชวนฉันมานะ! อีกแปปนึงฉันควรจะ กลับบ้านได้แล้ว...",
  "Elliott_love_BeforeMovie": "ฉันทำนายได้เลยว่า มันจะเป็นค่ำคืนที่งดงาม!",
  "Elliott_love_AfterMovie": "ฉันรู้สึกได้เลยว่า จิตวิญญาณของฉัน ได้รับการเติมพลังงาน.. ราวกับว่า พลังงานในภาพยนตร์ ถูกย้ายมาสู่ตัวฉัน ไม่น่าเชื่อเลย!",
  "Elliott_like_BeforeMovie": "ฉันพยายามหลีกเลี่ยงข้อมูล เกี่ยวกับหนังเรื่องนี้มาตลอด... ฉันอยากจะ 'ตาบอด' โดยสมบูรณ์!",
  "Elliott_like_AfterMovie": "น่าสนใจมาก... ฉันคงจะไตร่ตรองเกี่ยวกับ หนังเรื่องนี้ไปอีกสักพัก",
  "Elliott_dislike_BeforeMovie": "มันจะเป็นการโกหก ถ้าฉันบอกว่า ฉันตั้งตาคอยหนังเรื่องนี้...$s",
  "Elliott_dislike_AfterMovie": "นั่นมันธรรมดามาก คุณไม่คิดเหมือนฉันเหรอ?",
  "Willy_like_BeforeMovie": "ฮี่ๆ ... ฉันไม่เคยปฏิเสธ หนังฟรีหรอกนะ!",
  "Willy_like_AfterMovie": "อา มันทำให้ฉันนึกถึงเรื่อง ที่พ่อของฉันเคยเล่าให้ฟัง...",
  "Leo_love_BeforeMovie": "ผมตื่นเต้นอ่ะ... ผมอยากจะรู้ทุกสิ่งทุกอย่าง เกี่ยวกับโลกใบนี้!",
  "Leo_love_DuringMovie": "ลีโอติดหนึบกับจอไปแล้ว!",
  "Leo_love_AfterMovie": "คุณเห็นนั่นรึเปล่า? เค้าถ่ายหมู่เกาะเฟิร์นด้วย... ผมมาจากที่นั่นอ่ะ!$h",
  "Leo_like_BeforeMovie": "ผมดีใจมากเลยที่ได้มาที่นี่ มันน่าสนใจไปหมดเลย!",
  "Leo_like_DuringMovie": "ดูเหมือนว่าลีโอจะสนใจหนังเรื่องนี้เอามากๆ",
  "Leo_like_AfterMovie": "ว้าว... นั่นมันเหมือนเวทมนตร์เลย!"
}
