{
  "Abigail": "อบิเกล",
  "Alex": "อเล็กซ์",
  "Bear": "น้องหมี",
  "Birdie": "เบอร์ดี้",
  "Bouncer": "ยามหน้าประตู",
  "Caroline": "แคโรไลน์",
  "Clint": "คลินท์",
  "Demetrius": "ดิมีเทรียส",
  "Dwarf": "คนแคระ",
  "Elliott": "เอลเลียต",
  "Emily": "เอมิลี",
  "Evelyn": "เอเวอลิน",
  "George": "จอร์จ",
  "Gil": "กิล",
  "Governor": "ท่านผู้ว่า",
  "Grandpa": "คุณปู่",
  "Gunther": "กันเธอร์",
  "Gus": "กัส",
  "Haley": "เฮลีย์",
  "Harvey": "ฮาร์วีย์",
  "Henchman": "คนรับใช้",
  "Jas": "แจส",
  "Jodi": "โจดี้",
  "Kent": "เคนท์",
  "Krobus": "โครบัส",
  "Leah": "ลีอา",
  "Leo": "ลีโอ",
  "Lewis": "เลวิส",
  "Linus": "ลีนัส",
  "Marlon": "มาร์ลอน",
  "Marnie": "มานี",
  "Maru": "มารุ",
  "MisterQi": "Mister Qi",
  "Morris": "มอร์ริส",
  "OldMariner": "ชาวประมงเฒ่า",
  "Pam": "แพม",
  "Penny": "เพนนี",
  "Pierre": "ปิแอร์",
  "ProfessorSnail": "ศาสตราจารย์หอยทาก",
  "Robin": "โรบิน",
  "Sam": "แซม",
  "Sandy": "แซนดี้",
  "Sebastian": "เซบาสเตียน",
  "Shane": "เชน",
  "Vincent": "วินเซนท์",
  "Welwick": "เวลวิค",
  "Willy": "วิลลี่",
  "Wizard": "พ่อมด",
  "Fizz": "ฟิซ"
}
