{
  "Pants_Name": "Pants",
  "Pants_Description": "(กางเกง) กางเกงที่คุณสวมใส่ได้",
  "FarmerPants_Name": "Farmer Pants",
  "FarmerPants_Description": "(กางเกงชาวไร่) สะดวกสบายและทนทาน สำหรับใช้งานนานๆในทุ่ง",
  "Shorts_Name": "Shorts",
  "Shorts_Description": "(กางเกงขาสั้น) สุดยอดสำหรับวันหน้าร้อน... จนขาของคุณเอง ยังเอ่ยขอบคุณ",
  "Dress_Name": "Long Dress",
  "Dress_Description": "(ชุดกระโปรงยาว) กระโปรงที่ทั้งยาวและพริ้วไหว",
  "Skirt_Name": "Skirt",
  "Skirt_Description": "(กระโปรง) กระโปรงน่ารัก",
  "PleatedSkirt_Name": "Pleated Skirt",
  "PleatedSkirt_Description": "(กระโปรงจีบ) กระโปรงจีบที่น่ารัก",
  "DinosaurPants_Name": "Dinosaur Pants",
  "DinosaurPants_Description": "(กางเกงไดโนเสาร์) เหล่ากางเกงที่ถูกคิดว่า สูญพันธุ์ไปนานแล้ว!",
  "GrassSkirt_Name": "Grass Skirt",
  "GrassSkirt_Description": "(กระโปรงหญ้า) ชุดกระโปรงที่ทำจากหญ้าแห้ง",
  "LuauSkirt_Name": "Luau Skirt",
  "LuauSkirt_Description": "(กระโปรงลัวร์) กระโปรงที่ผลิตขึ้นโดย มีจุดมุ่งหมายให้คุณเป็น 'ลัวร์' ปาร์ตี้!",
  "GeniePants_Name": "Genie Pants",
  "GeniePants_Description": "(กางเกงจินนี่) กางเกงที่พองออกมาใกล้ด้านล่าง ความปรารถนาของคุณ ได้รับการตอบรับแล้ว!",
  "TightPants_Name": "Tight Pants",
  "TightPants_Description": "(กางเกงรัดรูป) กางเกงที่โคตรจะรัดรูป",
  "BaggyPants_Name": "Baggy Pants",
  "BaggyPants_Description": "(กางเกงทรงหลวม) กางเกงขายาวหลวมๆ",
  "SimpleDress_Name": "Simple Dress",
  "SimpleDress_Description": "(ชุดเดรสเรียบง่าย) เดรสเรียบนุ่มลื่น ยาวปานกลาง",
  "RelaxedFitPants_Name": "Relaxed Fit Pants",
  "RelaxedFitPants_Description": "(กางเกงฟิตสบาย) กางเกงเหล่านี้ มีพื้นที่เหลือนิดหน่อย ให้กับขา",
  "RelaxedFitShorts_Name": "Relaxed Fit Shorts",
  "RelaxedFitShorts_Description": "(ขาสั้นฟิตสบาย)กางเกงขาสั้นเหล่านี้ มีพื้นที่เหลือ อีกเล็กน้อยให้ขา",
  "PolkaDotShorts_Name": "Polka Dot Shorts",
  "PolkaDotShorts_Description": "(กางเกงขาสั้นลายจุด) อุ๊บส์!",
  "TrimmedLuckyPurpleShorts_Name": "Trimmed Lucky Purple Shorts",
  "TrimmedLuckyPurpleShorts_Description": "(กางเกงขาสั้นขลิบสีม่วงนำโชค) กางเกงขาสั้นผ้าไหมสีม่วง ขลิบทองหรูหรา...",
  "PrismaticPants_Name": "Prismatic Pants",
  "PrismaticPants_Description": "(กางเกงปริซึม) กางเกงที่ระยิบระยับแวววาว ไปด้วยพลังงานแบบ แท่งปริซึม",
  "PrismaticGeniePants_Name": "Prismatic Genie Pants",
  "PrismaticGeniePants_Description": "(กางเกงจินนี่แบบปริซึม) กางเกงที่ระยิบระยับแวววาว ไปด้วยพลังงานแบบ แท่งปริซึม"
}
