{
  "Shirt_Name": "Shirt",
  "Shirt_Description": "(เสื้อเชิ้ต) เชิ้ตที่คุณสวมใส่ได้",
  "ClassicOveralls_Name": "Classic Overalls",
  "ClassicOveralls_Description": "(กางเกงกันเปื้อน) ชุดทำฟาร์มแบบคลาสสิก",
  "MintBlouse_Name": "Mint Blouse",
  "MintBlouse_Description": "(เสื้อสตรีสีมินท์) เสื้อสีเขียวอ่อนน่ารัก",
  "DarkShirt_Name": "Dark Shirt",
  "DarkShirt_Description": "(เสื้อสีเข้ม) เสื้อเชิ้ตที่มีสีเข้มตัวหนึ่ง",
  "SkullShirt_Name": "Skull Shirt",
  "SkullShirt_Description": "(เชิ้ตรูปหัวกะโหลก) เสื้อเชิ้ตที่มีรูปกะโหลก ที่น่ากลัวพิมพ์เอาไว้",
  "LightBlueShirt_Name": "Light Blue Shirt",
  "LightBlueShirt_Description": "(เชิ้ตสีฟ้าอ่อน) เสื้อเชิ้ตสีฟ้าอ่อนตัวหนึ่ง",
  "TanStripedShirt_Name": "Tan Striped Shirt",
  "TanStripedShirt_Description": "(เสื้อลายทางสีแทน) เสื้อเชิ้ตสีแทน ที่มีแถบสีขาวพาดกลาง",
  "GreenOveralls_Name": "Green Overalls",
  "GreenOveralls_Description": "(กางเกงกันเปื้อนสีเขียว) ความนิยมน้อยกว่า กางเกงทำฟาร์มแบบคลาสสิก",
  "GoodGriefShirt_Name": "\"Good Grief\" Shirt",
  "GoodGriefShirt_Description": "(เสื้อเชิ้ต\"โอ้โห!\") เสื้อเชิ้ตเก่าดูดีตัวหนึ่ง...",
  "AquamarineShirt_Name": "Aquamarine Shirt",
  "AquamarineShirt_Description": "(เชิ้ตอความารีน) เสื้อเชิ้ต สีเขียวน้ำเงินอ่อนตัวหนึ่ง",
  "SuitTop_Name": "Suit Top",
  "SuitTop_Description": "(สูทท่อนบน) ท่อนบนที่เป็นทางการ เหมาะกับงานแฟนซี และงานเฉลิมฉลอง",
  "GreenBeltedShirt_1011_Name": "Green Belted Shirt",
  "GreenBeltedShirt_1011_Description": "(เสื้อเชิ้ตสีเขียว) เสื้อเชิ้ตสีเขียวที่มีเข็มขัด",
  "LimeGreenStripedShirt_Name": "Lime Green Striped Shirt",
  "LimeGreenStripedShirt_Description": "(เสื้อเชิ้ตลายเขียวมะนาว) เสื้อเชิ้ตสีเขียวมะนาว คาดลายสีขาว",
  "RedStripedShirt_Name": "Red Striped Shirt",
  "RedStripedShirt_Description": "(เสื้อเชิ้ตแดงลายขวาง) เสื้อเชิ้ตสีแดงลายขวางสีขาว",
  "SkeletonShirt_Name": "Skeleton Shirt",
  "SkeletonShirt_Description": "(เสื้อโครงกระดูก) เสื้อเชิ้ตที่พิมพ์ลาย โครงกระดูก",
  "OrangeShirt_Name": "Orange Shirt",
  "OrangeShirt_Description": "(เชิ้ตสีส้ม) เสื้อเชิ้ตสีส้มตัวหนึ่ง",
  "NightSkyShirt_Name": "Night Sky Shirt",
  "NightSkyShirt_Description": "(เชิ้ตท้องฟ้าราตรี) เสื้อเชิ้ตที่ทำให้นึกถึงท้องฟ้ายามราตรี",
  "MayoralSuspenders_Name": "Mayoral Suspenders",
  "MayoralSuspenders_Description": "(กางเกงพร้อมสายเอี๊ยม) สายเอี๊ยมดึงกางเกงคู่นึง ที่ดูคุ้นจนสยอง...",
  "BrownJacket_Name": "Brown Jacket",
  "BrownJacket_Description": "(แจ็คเก็ตสีน้ำตาล) แจ็คเก็ตที่ดีและคงทน ทำจากวัสดุสีน้ำตาล",
  "SailorShirt_Name": "Sailor Shirt",
  "SailorShirt_Description": "(เสื้อกะลาสี) ทำให้คุณนึกถึงทะเลเปิด",
  "GreenVest_Name": "Green Vest",
  "GreenVest_Description": "(เสื้อกั๊กสีเขียว) เสื้อกั๊กแบบเรียบ สีเขียวใส่ทับเสื้อเชิ้ต",
  "YellowandGreenShirt_Name": "Yellow and Green Shirt",
  "YellowandGreenShirt_Description": "(เสื้อเชิ้ตสีเหลืองเขียว) เสื้อเชิ้ตสีเหลือง มีลายขวางสีเขียว",
  "LightBlueStripedShirt_Name": "Light Blue Striped Shirt",
  "LightBlueStripedShirt_Description": "(เชิ้ตสีฟ้าสว่างลายขวาง) เสื้อเชิ้ตน้ำเงินอ่อน ที่มีลายแถบสีขาว",
  "PinkStripedShirt_Name": "Pink Striped Shirt",
  "PinkStripedShirt_Description": "(เสื้อชมพูลายขวาง) เสื้อสีชมพูที่มีลายขวาง",
  "WorkShirt_Name": "Work Shirt",
  "WorkShirt_Description": "(เชิ้ตทำงาน) สำหรับวันที่ยาวนานในทุ่ง",
  "StoreOwnersJacket_Name": "Store Owner's Jacket",
  "StoreOwnersJacket_Description": "(แจ็คเก็ตเจ้าของร้าน) แจ็คเก็ตที่ดูเหมือนว่า มันจะถูกสวมใส่โดย พ่อค้าเมืองเล็กๆ",
  "GreenTunic_Name": "Green Tunic",
  "GreenTunic_Description": "(เสื้อคลุมสีเขียว) เสื้อเชิ้ตสำหรับนักผจญภัย",
  "FancyRedBlouse_Name": "Fancy Red Blouse",
  "FancyRedBlouse_Description": "(เสื้อสตรีแฟนซีสีแดง) เสื้อสีแดงสดใส ประดับด้วยกระดุม สีเหลืองเป็นประกาย",
  "PlainShirt_Name_Female": "Plain Shirt (F)",
  "PlainShirt_Name_Male": "Plain Shirt (M)",
  "PlainShirt_Description": "(เสื้อเชิ้ตเรียบ) เสื้อเชิ้ตเรียบปกติธรรมดา",
  "RetroRainbowShirt_Name": "Retro Rainbow Shirt",
  "RetroRainbowShirt_Description": "(เชิ้ตสีรุ้งย้อนยุค) เสื้อเชิ๊ดธรรมดา ลายสายรุ้งที่ค่อยๆจางไป",
  "LimeGreenTunic_Name": "Lime Green Tunic",
  "LimeGreenTunic_Description": "(เสื้อคลุมสีเขียวมะนาว) เสื้อคลุมสีเขียวสดใส กับเข็มขัด",
  "NeatBowShirt_Name": "Neat Bow Shirt",
  "NeatBowShirt_Description": "(เสื้อเชิ้ตเนี๊ยบ) เสื้อเชิ้ตแบบกระดุมติดกระดุมผูกโบว์ที่โดดเด่น",
  "ShirtAndTie_Name": "Shirt And Tie",
  "ShirtAndTie_Description": "(เสื้อและเนคไท) เสื้อเชิ้ตแขนยาวสีขาวและเนคไท",
  "EmilysMagicShirt_Name": "Emily's Magic Shirt",
  "EmilysMagicShirt_Description": "(เสื้อวิเศษของเอมิลี่) ทำด้วยความรักโดยเอมิลี่ ย้อมสีด้วยสีธรรมชาติ ทั้งหมด!",
  "StripedShirt_Name": "Striped Shirt",
  "StripedShirt_Description": "(เสื้อเชิ้ตลาย) นี่คือเสื้อเชิ้ตที่มีลายเส้นจางๆอยู่บนนั้น",
  "TankTop_Name_Female": "Tank Top (F)",
  "TankTop_Name_Male": "Tank Top (M)",
  "TankTop_Description": "(เสื้อกล้าม) เสื้อไม่มีแขน",
  "CowboyPoncho_Name": "Cowboy Poncho",
  "CowboyPoncho_Description": "(ผ้าคลุมคาวบอย) ชุดในตำนานจากชาวตะวันตกโบราณ",
  "CropTankTop_Name_Female": "Crop Tank Top (F)",
  "CropTankTop_Name_Male": "Crop Tank Top (M)",
  "CropTankTop_Description": "(เสื้อกล้ามคร็อบ) เสื้อไม่มีแขนตัดชายเสื้อสั้น",
  "BikiniTop_Name": "Bikini Top",
  "BikiniTop_Description": "(เสื้อบิกินี่) แก่นหลักของฤดูร้อนเลย",
  "WumbusShirt_Name": "Wumbus Shirt",
  "WumbusShirt_Description": "(เชิ้ตวัมบัส) เสื้อเชิ้ตลายตัวประหลาดสีเขียว",
  "80sShirt_Name_Female": "80's Shirt (F)",
  "80sShirt_Name_Male": "80's Shirt (M)",
  "80sShirt_Description": "(เสื้อยุค 80) เสื้อปาดไหล่ที่เก๋สุดๆ",
  "LettermanJacket_Name": "Letterman Jacket",
  "LettermanJacket_Description": "(แจ็คเก็ตบุรุษไปรษณีย์) แจ็คเก็ตที่ไหลเวียนไปด้วย ความมุ่งมั่นตั้งใจ",
  "BlackLeatherJacket_Name": "Black Leather Jacket",
  "BlackLeatherJacket_Description": "(แจ็คเก็ตหนังสีดำ) เสื้อแจ็คเก็ตสุดเท่ทำมาจากหนังสีดำ",
  "StrappedTop_Name": "Strapped Top",
  "StrappedTop_Description": "(เสื้อสายเดี่ยว) เสื้อสายเดี่ยว",
  "ButtonDownShirt_Name": "Button Down Shirt",
  "ButtonDownShirt_Description": "(เสื้อมีกระดุม) เสื้อธรรมดา ที่เรียบง่าย",
  "CropTopShirt_Name": "Crop Top Shirt",
  "CropTopShirt_Description": "(เสื้อเอวลอย) เสื้อยืดที่ดูสั้นเป็นพิเศษ",
  "TubeTop_Name": "Tube Top",
  "TubeTop_Description": "(เกาะอก) เสื้อเกาะอกรัดรูป",
  "TieDyeShirt_Name": "Tie Dye Shirt",
  "TieDyeShirt_Description": "(เสื้อมัดย้อม) เสื้อยืดมัดที่ย้อมด้วยหลายๆ สี",
  "SteelBreastplate_Name": "Steel Breastplate",
  "SteelBreastplate_Description": "(เกราะเหล็ก) เกราะตกแต่งที่สร้างจากเหล็ก",
  "CopperBreastplate_Name": "Copper Breastplate",
  "CopperBreastplate_Description": "(เสื้อเกราะทองแดง) เสื้อเกราะตกแต่งที่สร้างจากทองแดง",
  "GoldBreastplate_Name": "Gold Breastplate",
  "GoldBreastplate_Description": "(เสื้อเกราะทอง) เสื้อเกราะตกแต่งสร้างด้วยทอง",
  "IridiumBreastplate_Name": "Iridium Breastplate",
  "IridiumBreastplate_Description": "(เกราะอิรีเดียม) เสื้อเกราะประดับที่ทำจากแร่อิรีเดียมแท้",
  "FakeMusclesShirt_Name": "Fake Muscles Shirt",
  "FakeMusclesShirt_Description": "(เสื้อกล้ามปลอม) คุณจะเข้ายิม หรือว่าใส่เสื้อตัวนี้แทน",
  "FlannelShirt_Name": "Flannel Shirt",
  "FlannelShirt_Description": "(เสื้อเชิ้ตผ้าแฟลนเนล) เสื้อเชิ้ตแขนยาวปุ่มหนา ที่มีรูปแบบลายขีดกากบาท เหมาะสำหรับ อากาศหนาวที่สุด",
  "BomberJacket_Name": "Bomber Jacket",
  "BomberJacket_Description": "(แจ็คเก็ตบอมเบอร์) แจ็คเก็ตที่หนาและทนทาน เคยถูกใส่โดยนักบินรบเมื่อนานมาแล้ว",
  "CavemanShirt_Name": "Caveman Shirt",
  "CavemanShirt_Description": "(เสื้อมนุษย์ถ้ำ) ยุคหินสุดคลาสสิค!",
  "FishingVest_Name": "Fishing Vest",
  "FishingVest_Description": "(เสื้อกั๊กตกปลา) มีกระเป๋ามากมายที่จะเก็บ สิ่งของเครื่องใช้ของคุณ",
  "FishShirt_Name": "Fish Shirt",
  "FishShirt_Description": "(เสื้อลายปลา) เสื้อที่มีโลโก้ปลา",
  "ShirtAndBelt_Name": "Shirt And Belt",
  "ShirtAndBelt_Description": "(เสื้อและเข็มขัด) เสื้อธรรมดาที่มีเข็มขัดสีน้ำตาล",
  "GrayHoodie_Name": "Gray Hoodie",
  "GrayHoodie_Description": "(ฮู้ดดี้สีเทา) เสื้อสวมหัวสีเทาที่มีฮู้ด",
  "BlueHoodie_Name": "Blue Hoodie",
  "BlueHoodie_Description": "(ฮู้ดดี้สีน้ำเงิน) เสื้อสวมหัวสีน้ำเงินที่มีฮู้ด",
  "RedHoodie_Name": "Red Hoodie",
  "RedHoodie_Description": "(ฮู้ดดี้สีแดง) เสื้อสวมหัวสีแดงที่มีฮู้ด",
  "DenimJacket_Name": "Denim Jacket",
  "DenimJacket_Description": "(แจ็คเก็ตยีนส์) แจ็คเก็ตทนทานทำจากผ้ายีนส์",
  "TrackJacket_Name": "Track Jacket",
  "TrackJacket_Description": "(แจ็คเก็ตกีฬา) เสื้อแจ็คเก็ตบางๆ ที่ทำจากวัสดุยืดหยุ่น",
  "WhiteGi_Name": "White Gi",
  "WhiteGi_Description": "(ชุดฝึกสีขาว) เสื้อผ้าหลวมๆ โดยทั่วไปจะสวมโดยผู้ที่ใช้ศิลปะการต่อสู้",
  "OrangeGi_Name": "Orange Gi",
  "OrangeGi_Description": "(ชุดฝึกสีส้ม) เสื้อผ้าหลวมๆ โดยทั่วไปจะสวมโดยผู้ที่ใช้ศิลปะการต่อสู้",
  "GrayVest_Name": "Gray Vest",
  "GrayVest_Description": "(เสื้อกั๊กสีเทา) เสื้อกั๊กสีเทาใส่ทับเสื้อเชิ้ตสีขาว",
  "KelpShirt_Name": "Kelp Shirt",
  "KelpShirt_Description": "(เสื้อสาหร่ายทะเล) เหมือนว่าคุณไปอาบน้ำในทะเลมา กลิ่นก็เหมือน",
  "StuddedVest_Name": "Studded Vest",
  "StuddedVest_Description": "(เสื้อกั๊กหมุด) เสื้อกั๊กสีดำเรียงรายด้วยหมุดโลหะ",
  "GaudyShirt_Name": "Gaudy Shirt",
  "GaudyShirt_Description": "(เสื้อสีฉูดฉาด) มันเป็นสีน้ำเงินทางการรักษา...",
  "OasisGown_Name": "Oasis Gown",
  "OasisGown_Description": "(เสื้อคลุมโอเอซิส) อัญมณีแห่งทะเลทราย",
  "BlacksmithApron_Name": "Blacksmith Apron",
  "BlacksmithApron_Description": "(ผ้ากันเปื้อนของช่างตีเหล็ก) ส่งมอบจากรุ่นสู่รุ่น",
  "HighWaistedShirt_DyeableBottom_Name": "High-Waisted Shirt",
  "HighWaistedShirt_DyeableBottom_Description": "(เชิ้ตทรงเอวสูง) เสื้อทรงกางเกงเอวสูง ที่สามารถย้อมสีข้างล่างได้",
  "HighWaistedShirt_DyeableTop_Name": "High-Waisted Shirt",
  "HighWaistedShirt_DyeableTop_Description": "(เชิ้ตทรงเอวสูง) เสื้อทรงกางเกงยีนส์เอวสูง ที่สามารถย้อมสีส่วนบนได้",
  "BasicPullover_Name_Female": "Basic Pullover (F)",
  "BasicPullover_Name_Male": "Basic Pullover (M)",
  "BasicPullover_Description": "(เสื้อสวมหัว) มันเป็นเสื้อสวมหัวธรรมดา",
  "TurtleneckSweater_Name": "Turtleneck Sweater",
  "TurtleneckSweater_Description": "(สเวตเตอร์คอเต่า) สเวตเตอร์ สร้างความร้อนส่วนคอ",
  "IridiumEnergyShirt_Name": "Iridium Energy Shirt",
  "IridiumEnergyShirt_Description": "(เสื้อพลังอิริเดียม) แสดงพลังงานอิริเดียม ของคุณ",
  "TunnelersJersey_Name": "Tunnelers Jersey",
  "TunnelersJersey_Description": "(เสื้อถักรัดรูปทันเนเลอร์) เสื้อกีฬาทีมทันเนเลอร์ (Tunnelers) จากเมืองซูซู",
  "GraySuit_Name": "Gray Suit",
  "GraySuit_Description": "(สูทสีเทา) สูทสีเทาที่สั่งตัดขึ้นมาเฉพาะ",
  "RedTuxedo_Name": "Red Tuxedo",
  "RedTuxedo_Description": "(ทักซิโด้สีแดง) ท่อนบนสุดหรู สำหรับงานเป็นทางการ",
  "NavyTuxedo_Name": "Navy Tuxedo",
  "NavyTuxedo_Description": "(ทักซิโด้สีกรมท่า) ท่อนบนสุดหรู สำหรับงานเป็นทางการ",
  "HolidayShirt_Name": "Holiday Shirt",
  "HolidayShirt_Description": "(เสื้อเชิ้ตฮอลิเดย์) สำหรับฉลองเทศกาลแห่ง ดวงดาวฤดูหนาว",
  "LeafyTop_Name": "Leafy Top",
  "LeafyTop_Description": "(เสื้อใบไม้) เสื้อนี้ประดับไปด้วยใบไม้ของจริง",
  "GoodnightShirt_Name": "Goodnight Shirt",
  "GoodnightShirt_Description": "(กู๊ดไนท์เชิ้ต) มีกระเป๋าใหญ่บนเสื้อ และมีลายรูปดวงจันทร์",
  "GreenBeltedShirt_1189_Name": "Green Belted Shirt",
  "GreenBeltedShirt_1189_Description": "(เสื้อเชิ้ตสีเขียว) เสื้อเชิ้ตสีเขียวที่มีเข็มขัด",
  "HappyShirt_Name": "Happy Shirt",
  "HappyShirt_Description": "(แฮปปี้เชิ้ต) นี่เป็นเสื้อที่มีความสุขที่สุด",
  "ShirtwithBow_Name": "Shirt with Bow",
  "ShirtwithBow_Description": "(เชิ้ตพร้อมโบว์) เสื้อตัวนี้มาพร้อม โบว์เล็กๆรอบๆคอ",
  "JesterShirt_Name": "Jester Shirt",
  "JesterShirt_Description": "(เจสเตอร์เชิ้ต) ดึงอินเนอร์ความเป็น ตัวตลกออกมาสิ",
  "OceanShirt_Name": "Ocean Shirt",
  "OceanShirt_Description": "(โอเชี่ยนเชิ้ต) เสื้อที่เหมือนคลื่นใต้ทะเล",
  "DarkStripedShirt_Name": "Dark Striped Shirt",
  "DarkStripedShirt_Description": "(เสื้อลายทางสีเข้ม) เสื้อสีเข้มที่มีแถบสีสดใส",
  "BandanaShirt_1195_Name": "Bandana Shirt",
  "BandanaShirt_1195_Description": "(บานดาน่าเชิ้ต) เสื้อพร้อมผ้าพันคอที่ทำให้ คอของคุณสะอาดมาก",
  "BackpackShirt_Name": "Backpack Shirt",
  "BackpackShirt_Description": "(แบ็คแพ็คเชิ้ต) เสื้อเชิ้ตธรรมดาที่มีกระเป๋าเป้ผ้าใบ",
  "PurpleBlouse_Name": "Purple Blouse",
  "PurpleBlouse_Description": "(เสื้อสตรีสีม่วง) เสื้อสตรีสีม่วงอันสวยงาม",
  "VintagePolo_Name": "Vintage Polo",
  "VintagePolo_Description": "(เสื้อโปโลวินเทจ) มันจางหายไปตามกาลเวลา แถมกลิ่นก็เหมือน ตู้เสื้อผ้าเก่าๆ",
  "TogaShirt_Name": "Toga Shirt",
  "TogaShirt_Description": "(เสื้อคลุม) ดีไซน์ดูโบราณ แต่ก็โปร่งดี!",
  "StarShirt_Name": "Star Shirt",
  "StarShirt_Description": "(สตาร์เชิ้ต) ดาวควรจะส่องแสงในที่มืดสิ แต่นี่ไม่",
  "ClassyTop_Name_Female": "Classy Top (F)",
  "ClassyTop_Name_Male": "Classy Top (M)",
  "ClassyTop_Description": "(คลาสซี่ท๊อป) มันให้ความรู้สึกเหมือน กำมะหยี่ที่นิ่มที่สุด",
  "BandanaShirt_1203_Name": "Bandana Shirt",
  "BandanaShirt_1203_Description": "(บานดาน่าเชิ้ต) เสื้อพร้อมผ้าพันคอ เพื่อป้องกันคอของคุณ จากอันตราย",
  "VacationShirt_Name": "Vacation Shirt",
  "VacationShirt_Description": "(แวเคชั่นเชิ้ต) มันเป็นเสื้อท่องเที่ยวจากหมู่เกาะเฟิร์น",
  "GreenThumbShirt_Name": "Green Thumb Shirt",
  "GreenThumbShirt_Description": "(เสื้อกรีนทัมป์) มันมาพร้อมกับดินผสม",
  "BandanaShirt_Name": "Bandana Shirt",
  "BandanaShirt_Description": "(บานดาน่าเชิ้ต) เสื้อที่มีผ้าพันคอ เพื่อให้คอของคุณ รู้สึกสบาย",
  "SlimeShirt_Name": "Slime Shirt",
  "SlimeShirt_Description": "(เสื้อสไลม์) เสื้อที่เหมือนสไลม์ยักษ์",
  "ExcavatorShirt_Name": "Excavator Shirt",
  "ExcavatorShirt_Description": "(เอ็กซ์คาเวเตอร์เชิ้ต) ดูคมดีนะเวลาขุดหาฟอสซิล",
  "SportsShirt_Name": "Sports Shirt",
  "SportsShirt_Description": "(เสื้อกีฬา) เคาะออกจากสวนด้วยรูปลักษณ์ที่คลาสสิก",
  "HeartShirt_Name": "Heart Shirt",
  "HeartShirt_Description": "(เชิ้ตรูปหัวใจ) เปิดเผยความรู้สึกของคุณให้ผู้คนรับรู้ ด้วยเสื้อที่นุ่มเป็นพิเศษตัวนี้",
  "DarkJacket_Name": "Dark Jacket",
  "DarkJacket_Description": "(แจ็คเก็ตสีเข้ม) แจ็คเก็ตซึ่งทำจาก ผ้ายีนส์สีเข้มบุด้วยขนแกะ",
  "SunsetShirt_Name": "Sunset Shirt",
  "SunsetShirt_Description": "(ซันเซ็ทเชิ้ต) เสื้อที่ได้รับแรงบันดาลใจ จากช่วงเวลา ที่เร้าอารมณ์มากที่สุดของวัน",
  "ChefCoat_Name": "Chef Coat",
  "ChefCoat_Description": "(เสื้อโค้ทของเชฟ) เครื่องแบบประเพณี ของหัวหน้าเชฟ",
  "ShirtOTheSea_Name": "Shirt O' The Sea",
  "ShirtOTheSea_Description": "(เสื้อโอเดอะซี) มันมีกลิ่นเหมือนเกลือในทะเล",
  "ArcaneShirt_Name": "Arcane Shirt",
  "ArcaneShirt_Description": "(เสื้ออาร์เคน) คุณสามารถรู้สึกถึงพลังจากเสื้อผ้าตัวนี้",
  "PlainOveralls_Name": "Plain Overalls",
  "PlainOveralls_Description": "(กางเกงหลวมๆ) กางเกงคลาสสิกกับเสื้อ ที่สามารถย้อมสีได้",
  "SleevelessOveralls_Name": "Sleeveless Overalls",
  "SleevelessOveralls_Description": "(เสื้อแขนกุด) กางเกงคลาสสิก กับเสื้อแขนกุด ที่สามารถย้อมสีได้",
  "WhiteOverallsShirt_Name": "White Overalls Shirt",
  "WhiteOverallsShirt_Description": "(เสื้อเชิ้ตสีขาวล้วน) เสื้อหลวมคลาสสิค พร้อมเสื้อเชิ้ตสีขาว และเข็มขัด",
  "Cardigan_Name": "Cardigan",
  "Cardigan_Description": "(คาร์ดิแกน) เสื้อสเวตเตอร์ถักลายปุ่มสุดนุ่มนิ่ม",
  "YobaShirt_Name": "Yoba Shirt",
  "YobaShirt_Description": "(เสื้อโยบะ) เสื้อที่แสดงให้เห็นถึง 'สัญลักษณ์แห่งร่างทรง'",
  "NecklaceShirt_Name": "Necklace Shirt",
  "NecklaceShirt_Description": "(เนคเลซเชิ้ต) เสื้อที่มีสร้อยคอทองคำ",
  "BeltedCoat_Name": "Belted Coat",
  "BeltedCoat_Description": "(โค้ทสีดำ) เสื้อโค้ทสีดำนุ่มนิ่ม ที่มีเข็มขัดที่โดดเด่น",
  "GoldTrimmedShirt_Name": "Gold Trimmed Shirt",
  "GoldTrimmedShirt_Description": "(เสื้อขอบทอง) เสื้อที่มีขอบสีทอง",
  "PrismaticShirt_Name": "Prismatic Shirt",
  "PrismaticShirt_Description": "(เสื้อพริสมาติก) มันระยิบระยับไปด้วย พลังงานของพริสมาติก",
  "PendantShirt_Name": "Pendant Shirt",
  "PendantShirt_Description": "(เพนแดนท์เชิ้ต) เสื้อที่มีจี้สร้อยคอขนาดใหญ่",
  "HighHeatShirt_Name": "High Heat Shirt",
  "HighHeatShirt_Description": "(เสื้อความร้อนสูง) เสื้อที่เกือบจะดูเหมือนว่า มันเป็นไฟ!",
  "FlamesShirt_Name": "Flames Shirt",
  "FlamesShirt_Description": "(เสื้อแห่งเพลิง) ดูเท่ไปกับไฟร้อนๆ",
  "AntiquityShirt_Name": "Antiquity Shirt",
  "AntiquityShirt_Description": "(เสื้อโบราณ) เสื้อเชิ้ตที่มีลวดลายโบราณ",
  "SoftArrowShirt_Name": "Soft Arrow Shirt",
  "SoftArrowShirt_Description": "(เสื้อลายลูกศร) เสื้อเชิ๊ตสีอ่อนที่มี ลวดลายลูกศรชี้ขึ้น",
  "DollShirt_Name": "Doll Shirt",
  "DollShirt_Description": "(เสื้อตุ๊กตา) เสื้อที่มีใบหน้าตุ๊กตาโบราณแปลกประหลาด",
  "JewelryShirt_Name": "Jewelry Shirt",
  "JewelryShirt_Description": "(เสื้ออัญมณี) เสื้อพร้อมโซ่สีทองตัวหนึ่ง",
  "CanvasJacket_Name": "Canvas Jacket",
  "CanvasJacket_Description": "(แจ็คเก็ตผ้าใบ) แจ็คเก็ตสีน้ำตาลที่มีซับขนแกะ",
  "TrashCanShirt_Name": "Trash Can Shirt",
  "TrashCanShirt_Description": "(เสื้อถังขยะ) เสมือนคุณสวมใส่ถังขยะอยู่",
  "RustyShirt_Name": "Rusty Shirt",
  "RustyShirt_Description": "(เสื้อขึ้นสนิม) เป็นเสื้อที่ทำให้ ดูเหมือนเปื้อนสนิม",
  "CircuitboardShirt_Name": "Circuitboard Shirt",
  "CircuitboardShirt_Description": "(เสื้อแผงวงจร) เสื้อนี้ดูเหมือน แผนวงจรอิเล็กทรอนิกส์เลย",
  "FluffyShirt_Name": "Fluffy Shirt",
  "FluffyShirt_Description": "(เสื้อปุกปุย) มันช่างปุกปุย",
  "SauceStainedShirt_Name": "Sauce-Stained Shirt",
  "SauceStainedShirt_Description": "(เสื้อซอสสปาเกตตี) มันเต็มไปด้วยซอสสปาเกตตี ดังนั้นคุณจะไม่รู้สึกแย่กับมัน!",
  "BrownSuit_Name": "Brown Suit",
  "BrownSuit_Description": "(สูทสีน้ำตาล) ชุดสูทสีน้ำตาลมาตรฐาน สำหรับธุรกิจ",
  "GoldenShirt_Name": "Golden Shirt",
  "GoldenShirt_Description": "(เสื้อสีทอง) มันคือเสื้อที่มีสีทองเปล่งประกาย",
  "CaptainsUniform_Name": "Captain's Uniform",
  "CaptainsUniform_Description": "(ชุดของกัปตัน) ชุดสุดคลาสสิก ของกัปตันเรือ",
  "OfficerUniform_Name": "Officer Uniform",
  "OfficerUniform_Description": "(เครื่องแบบเจ้าหน้าที่) เครื่องแบบเจ้าหน้าที่กฎหมาย สุดคลาสสิค",
  "RangerUniform_Name": "Ranger Uniform",
  "RangerUniform_Description": "(ชุดเรนเจอร์) ชุดยูนิฟอร์มคลาสสิก สำหรับเจ้าหน้าที่อุทยาน",
  "BlueLongVest_Name": "Blue Long Vest",
  "BlueLongVest_Description": "(เสื้อกั๊กยาวสีฟ้า) เสื้อกั๊กสีฟ้ายาว ทับบนเสื้อสีเทา",
  "RegalMantle_Name": "Regal Mantle",
  "RegalMantle_Description": "(เสื้อคลุมหรูหรา) เสื้อสีม่วงหรูหรา",
  "RelicShirt_Name": "Relic Shirt",
  "RelicShirt_Description": "(เสื้อของรูปปั้น) ฉันเจอรูปปั้นสีทอง และฉันก็ได้เสื้อตัวนี้มา เพื่อพิสูจน์มัน!",
  "BoboShirt_Name": "Bobo Shirt",
  "BoboShirt_Description": "(เสื้อโบโบ้) เสื้อสีชมพูที่มีรูปคนที่ดูประหลาด",
  "FriedEggShirt_Name": "Fried Egg Shirt",
  "FriedEggShirt_Description": "(เสื้อไข่ดาว) ตื่นได้แล้ว ถึงเวลาสำหรับไข่แล้ว",
  "BurgerShirt_Name": "Burger Shirt",
  "BurgerShirt_Description": "(เสื้อเบอร์เกอร์) ใส่ของที่คุณกินซะสิ!",
  "CollaredShirt_Name": "Collared Shirt",
  "CollaredShirt_Description": "(เสื้อคอปก) เสื้อเชิ้ตคอปกแข็งสีขาว",
  "ToastedShirt_Name": "Toasted Shirt",
  "ToastedShirt_Description": "(เสื้อขนมปังปิ้ง) มันเหมือนขนมปังปิ้งเบาๆ นะ",
  "CarpShirt_Name": "Carp Shirt",
  "CarpShirt_Description": "(เสื้อปลาคาร์ป) หัวปลาคาร์ปประดับอยู่ด้านหน้า",
  "RedFlannelShirt_Name": "Red Flannel Shirt",
  "RedFlannelShirt_Description": "(เสื้อสักหลาดสีแดง) เสื้อสักหลาดสีแดงที่มีลายสีน้ำเงิน",
  "TortillaShirt_Name": "Tortilla Shirt",
  "TortillaShirt_Description": "(เสื้อตอร์ติยา) เสื้อยืดที่เนื้อผ้าละม้าย คล้ายกับแป้งตอร์ติยา",
  "WarmFlannelShirt_Name": "Warm Flannel Shirt",
  "WarmFlannelShirt_Description": "(เสื้อสักหลาดอันอบอุ่น) เสื้อสักหลาดสีน้ำตาล และสีกุหลาบอันอบอุ่น",
  "SugarShirt_Name": "Sugar Shirt",
  "SugarShirt_Description": "(เสื้อน้ำตาล) มันช่างเต็มไปด้วย 'พลังงานอันหอมหวาน'",
  "GreenFlannelShirt_Name": "Green Flannel Shirt",
  "GreenFlannelShirt_Description": "(เสื้อผ้าสักหลาดสีเขียว) เสื้อสักหลาดที่มี ลวดลายสีเขียวและสีน้ำตาล",
  "OilStainedShirt_Name": "Oil Stained Shirt",
  "OilStainedShirt_Description": "(เสื้อย้อมสีน้ำมัน) มันมีคราบน้ำมันอยู่แล้ว เพื่อให้ดูเป็นมันวาว",
  "MorelShirt_Name": "Morel Shirt",
  "MorelShirt_Description": "(เสื้อเห็ดโมเรล) เสื้อตัวนี้มีรูปเห็ด ที่เป็นตัวแทนฤดูใบไม้ผลิ",
  "SpringShirt_Name": "Spring Shirt",
  "SpringShirt_Description": "(เสื้อเชิ้ตฤดูใบไม้ผลิ) มันสว่างไสว สดชื่น และมีสีสันของฤดูใบไม้ผลิ",
  "RainCoat_Name": "Rain Coat",
  "RainCoat_Description": "(เสื้อกันฝน) เสื้อกันฝนสีเหลืองอันคลาสสิค",
  "SailorShirt_1261_Name": "Sailor Shirt",
  "SailorShirt_1261_Description": "(เสื้อกะลาสี) ซึ่งแตกต่างจากเสื้อกะลาสีส่วนใหญ่ เสื้อตัวนี้สามารถย้อมได้ และมีปกสีขาว",
  "DarkBandanaShirt_Name": "Dark Bandana Shirt",
  "DarkBandanaShirt_Description": "(เสื้อเชิ้ตบานดาน่าสีเข้ม) เสื้อสีเข้มกับผ้าพันคอที่มีสีสัน",
  "DarkHighlightShirt_Name": "Dark Highlight Shirt",
  "DarkHighlightShirt_Description": "(เสื้อไฮไลท์สีเข้ม) เสื้อสีเข้มที่มีไฮไลต์สว่างไสว",
  "OmniShirt_Name": "Omni Shirt",
  "OmniShirt_Description": "(เสื้อออมนิ) มันถูกแต้มด้วยเกล็ดสีรุ้ง!",
  "BridalShirt_Name": "Bridal Shirt",
  "BridalShirt_Description": "(เสื้อเจ้าสาว) เสื้อส่วนบนสีขาวสวย เหมาะสำหรับเจ้าสาว",
  "BrownOveralls_Name": "Brown Overalls",
  "BrownOveralls_Description": "(กางเกงเอี๊ยมสีน้ำตาล) มันยากที่จะเห็น คราบสกปรกบนกางเกงนี้",
  "OrangeBowShirt_Name": "Orange Bow Shirt",
  "OrangeBowShirt_Description": "(เสื้อโบว์ส้ม) เสื้อเชิ้ตลายขวางสีส้ม กับโบว์สีขาวขนาดใหญ่",
  "WhiteOveralls_Name": "White Overalls",
  "WhiteOveralls_Description": "(กางเกงเอี๊ยมสีขาว) รูปลักษณ์ที่สะอาดตา ของชาวไร่สุดคลาสสิค",
  "PourOverShirt_Name": "Pour-Over Shirt",
  "PourOverShirt_Description": "(เสื้อ โพร์-โอเวอร์) ลวดลายซิกแซกที่คุ้นเคย ประดับลงบนเสื้อตัวนี้ อ่า... กลิ่นนั่น",
  "GreenJacketShirt_Name": "Green Jacket Shirt",
  "GreenJacketShirt_Description": "(เสื้อแจ็คเก็ตสีเขียว) แรงบันดาลใจจากเสื้อของเป็ด เสื้อสามารถย้อมสีได้",
  "ShortJacket_Name": "Short Jacket",
  "ShortJacket_Description": "(แจ็คเก็ตสั้น) แจ็คเก็ตย้อมสีสั้นๆ บนเสื้อ",
  "PolkaDotShirt_Name": "Polka Dot Shirt",
  "PolkaDotShirt_Description": "(เสื้อลายจุด) เสื้อสีดำที่มีลายจุด",
  "WhiteDotShirt_Name": "White Dot Shirt",
  "WhiteDotShirt_Description": "(เสื้อจุดขาว) เสื้อย้อมสีขาวลายจุด",
  "CamoShirt_Name": "Camo Shirt",
  "CamoShirt_Description": "(เสื้อลายทหาร) ช่วยให้คุณกลมกลืน กับสิ่งแวดล้อม",
  "DirtShirt_Name": "Dirt Shirt",
  "DirtShirt_Description": "(เดิร์ทเชิ้ต) คุณจะดูโคตรเหมาะในฟาร์ม!",
  "CrabCakeShirt_Name": "Crab Cake Shirt",
  "CrabCakeShirt_Description": "(แครบเค้กเชิ้ต) เตรียมซอสอัลยอลีไว้ล่วงหน้า เพื่อความเพลิดเพลินของคุณ อร่อยเหาะ!",
  "SilkyShirt_Name": "Silky Shirt",
  "SilkyShirt_Description": "(เสื้อยืดแพรไหม) ทำจากวัสดุนุ่มลื่นดุจแพรไหม",
  "BlueButtonedVest_Name": "Blue Buttoned Vest",
  "BlueButtonedVest_Description": "(เสื้อกั๊กน้ำเงินติดกระดุม) มันเป็นเสื้อสีน้ำเงิน ที่มีแขนย้อมสีได้",
  "FadedDenimShirt_Name": "Faded Denim Shirt",
  "FadedDenimShirt_Description": "(เสื้อเชิ้ตยีนส์สีซีด) มันเป็นเสื้อยีนส์ที่มีรูปลักษณ์ ที่เต็มไปด้วยฝุ่นและสีซีดจาง",
  "RedButtonedVest_Name": "Red Buttoned Vest",
  "RedButtonedVest_Description": "(เสื้อกั๊กแดงติดกระดุม) เสื้อสีแดงที่มีแขนย้อมสีได้",
  "GreenButtonedVest_Name": "Green Buttoned Vest",
  "GreenButtonedVest_Description": "(เสื้อกั๊กสีเขียวติดกระดุม) มันเป็นเสื้อกั๊กสีเขียว ที่มีแขนย้อมสีได้",
  "TomatoShirt_Name": "Tomato Shirt",
  "TomatoShirt_Description": "(เสื้อมะเขือเทศ) เสื้อที่มีคำตอบให้แก่ คำถามอันยิ่งใหญ่ 'มะเขือเทศนั้น...' (ส่วนที่เหลือมันเปื้อนไปหมดเลย)",
  "FringedVest_Name": "Fringed Vest",
  "FringedVest_Description": "(เสื้อกั๊กฝอย) เสื้อกั๊กสีน้ำตาลริมเสื้อแขนกุด",
  "GlobbyShirt_Name": "Globby Shirt",
  "GlobbyShirt_Description": "(กล๊อบบี้เชิ้ต) มันมีลวดลายของ หยดน้ำเล็กๆ ที่จำแนกไม่ได้",
  "MidnightDogJacket_Name": "Midnight Dog Jacket",
  "MidnightDogJacket_Description": "(แจ็คเก็ตสุนัขราตรี) มันถูกย้อมสีน้ำเงินราตรีเข้ม จากน้ำหมึก",
  "ShrimpEnthusiastShirt_Name": "Shrimp Enthusiast Shirt",
  "ShrimpEnthusiastShirt_Description": "(เสื้อเชิ้ตของคนคลั่งไคล้กุ้ง) สำหรับผู้ที่ อยากทานกุ้งจำนวนมาก",
  "TeaShirt_Name": "Tea Shirt",
  "TeaShirt_Description": "(เสื้อน้ำชา) แรงบันดาลใจจาก เครื่องดื่มที่โด่งดัง",
  "TrinketShirt_Name": "Trinket Shirt",
  "TrinketShirt_Description": "(ทริงเก็ตเชิ้ต) เสื้อที่มีลูกกลมแก้วสี ขนาดใหญ่ติดอยู่กับมัน",
  "DarknessSuit_Name": "Darkness Suit",
  "DarknessSuit_Description": "(สูทแห่งความมืด) ชุดสูทสีดำด้านบน กับช่องกระเป๋าสีแดงจางๆ",
  "MineralDogJacket_Name": "Mineral Dog Jacket",
  "MineralDogJacket_Description": "(แจ็คเก็ตมิเนอรัลด๊อก) มันอัดแน่นไปด้วย แร่ธาตุจากมหาสมุทร",
  "MagentaShirt_Name": "Magenta Shirt",
  "MagentaShirt_Description": "(เชิ้ตสีม่วงแดง) เฉดสีนี้เป็นเอกลักษณ์เฉพาะ ของเห็ดแม็กม่า",
  "GingerOveralls_Name": "Ginger Overalls",
  "GingerOveralls_Description": "(เสื้อขิง) เป็นโทนสีที่ได้แรงบันดาลใจ มาจากสีของเบียร์ขิง",
  "BananaShirt_Name": "Banana Shirt",
  "BananaShirt_Description": "(เสื้อเชิ้ตกล้วย) ถ้าคุณชอบกล้วยล่ะก็ นึกถึงเสื้อตัวนี้ไว้สิ",
  "YellowSuit_Name": "Yellow Suit",
  "YellowSuit_Description": "(เสื้อสีเหลือง) ดูเป็นคนตรงไปตรงมาดี ที่จะเลือกใส่เสื้อตัวนี้",
  "HotPinkShirt_Name": "Hot Pink Shirt",
  "HotPinkShirt_Description": "(เสื้อสีชมพูฮอตพิงค์) เสื้อเชิ้ตเนื้อเนียนสีชมพูเขตร้อน",
  "TropicalSunriseShirt_Name": "Tropical Sunrise Shirt",
  "TropicalSunriseShirt_Description": "(เสื้อยามสนธยา) เสื้อตัวนี้มีกลิ่นเหมือนมะพร้าว",
  "IslandBikini_Name": "Island Bikini",
  "IslandBikini_Description": "(บิกินีริมหาด) ของคลาสสิค ประจำหมู่เกาะเฟิร์น",
  "MagicSprinkleShirt_Name": "Magic Sprinkle Shirt",
  "MagicSprinkleShirt_Description": "(เมจิกสปริงเคิลส์เชิ้ต) เสื้อเชิ้ตที่ถูกโรย ไปด้วยพริสมาติก",
  "PrismaticShirt_DarkSleeves_Name": "Prismatic Shirt",
  "PrismaticShirt_DarkSleeves_Description": "(เสื้อพริสมาติก) มันระยิบระยับไปด้วย พลังงานของพริสมาติก มีแขนสีเข้ม",
  "PrismaticShirt_LightSleeves_Name": "Prismatic Shirt",
  "PrismaticShirt_LightSleeves_Description": "(เสื้อพริสมาติก) มันระยิบระยับไปด้วย พลังงานของพริสมาติก มีแขนสีขาว",
  "MysteryShirt_Name": "Mystery Shirt",
  "MysteryShirt_Description": "(เสื้อปริศนา) ทำจากชิ้นส่วนที่เหลือ ของกล่องปริศนา"
}
