{
  "derby_contestent0": "ชาวประมง: ฉันตั้งใจมา จากแกรมเพิลตันเลยนะ||ชาวประมง: ฉันจะไม่ยอมกลับ ถ้าไม่ได้ปลาเทราต์ เต็มกระเป๋า!",
  "derby_contestent1": "กะลาสี: ฉันว่าฉันแต่งตัว จัดเต็มเกินไปหน่อย สำหรับงานกิจกรรมนี้",
  "derby_contestent2": "กะลาสี: นั่นไง... แล้วมีคนโผล่มา แต่งชุดเหมือนฉันเลย น่าอายจริงๆ!",
  "derby_contestent3": "ชาวประมง: โทษทีนะ ฉันกำลังเพลิดเพลิน กับความเงียบและสงบอยู่||ชาวประมง: ...||ชาวประมง: ...||ชาวประมง: ...||ชาวประมง: นี่ไม่รู้สึกเลยรึไง?||ชาวประมง: ...||ชาวประมง: ...||ชาวประมง: ...||ชาวประมง: ใครบางคนกำลังจะถูกอัด และไม่ใช่ปลาเทราต์||ชาวประมง:...",
  "derby_contestent4": "สาวน้อยนักตกปลา: พวกเราคือ สาวน้อยนักตกปลา ที่โด่งดัง!||สาวน้อยนักตกปลา: เราตกปลาต่างๆ นานา อย่างที่เราปราถนา! น๊า นา นาา!",
  "derby_contestent5": "นักตกปลา: โชคเข้าข้างไหม? ส่วนมากที่มาตอดฉัน มีแต่ยุง...",
  "derby_contestent6": "หนุ่มเทราต์: ที่เมืองของฉัน พวกเขาเรียกฉันว่า 'หนุ่มเทราต์'||หนุ่มเทราต์: ใช่แล้ว ฉันใช้เวลา 5 ปีในการเรียรู้ วิธีคิดแบบปลาเทราต์ ซึ่งจริงๆ มันง่ายมาก: กิน กิน กิน ออกไข่ นอน แล้วกินต่อ||หนุ่มเทราต์: ฉันเองก็ชอบกินนะ แต่วางไข่ไม่ค่อยเก่ง",
  "derby_contestent7": "ชาวประมง: พยายามออกห่าง จากฝูงชนเหรอ? ฉันก็คิดแบบนั้นเหมือนกัน",
  "derby_contestent8": "เซียนเบ็ด: ฉันรู้ว่านี่ไม่ใช่การแข่งขัน แต่ยังไง... คนที่ได้ป้ายมากที่สุด ก็จะมีสิทธิ์อวดเบ่งได้ ตลอดทั้งปี!||เซียนเบ็ด: ฉันจะกลับมาที่นี่อีกครั้ง ในฤดูหนาว เพื่องานตกหมึก... นั่นล่ะ การแข่งขันที่แท้จริง!||เซียนเบ็ด: ความลับในการ ตกปลาเทราต์ก็คือ เธอต้องแสดงให้มันเห็นว่า เหยื่อเธอน่าอร่อย แล้วพวกมันจะไปทำอะไรได้ นอกจากฮุบเหยื่อ...",
  "derby_contestent9": "ชาวประมง: อา นี่สิชีวิต ไม่มีอะไรจะสงบสุขไปกว่า วันที่ได้มาตกปลาเทราต์",
  "winter_derby_contestent0": "ชาวประมง: พวกหมึกจะออกมา แค่ในตอนกลางคืน แต่พวกเขาโยนเหยื่อ แบบพิเศษลงไปในน้ำ เพื่อให้หมึกตื่นตัวตลอดวัน",
  "winter_derby_contestent1": "กะลาสี: ลมหนาวๆ ทำให้ฉันตึงมาก อย่างกับเนื้อตากแห้ง||กะลาสี: แล้วตอนที่อากาศอุ่นเกินไป ฉันรู้สึกเหมือนเป็นพุดดิ้ง",
  "winter_derby_contestent2": "กะลาสี: มามะ หมึกจ๋า หมึกจ๋า...",
  "winter_derby_contestent3": "ชาวประมง: เธอเป็นคนในพื้นที่เรอะ? หวังว่าเธอจะไม่ว่าอะไร ถ้าฉันจะสอยหมึกของเธอ ไปสัก 2-3 ตัว...",
  "winter_derby_contestent4": "สาวน้อยนักตกปลา: พวกเรา สาวน้อยนักตกปลา ที่โด่งดัง!||สาวน้อยนักตกปลา: พวกเราตกเจ้าหมึกน้อย ตั้งแต่ตอนที่เรา ยังเป็นเด็กน้อย น๊า นา นาา!",
  "winter_derby_contestent5": "นักตกปลา: บรื๋อออ... หนาวว! บางทีฉันคงต้องตัดใจ จากงานตกปลาทะเล ในฤดูหนาว||นักตกปลา: อย่างฉันเหมาะกับ งานตกปลาคาร์ปมากกว่า...",
  "winter_derby_contestent6": "หนุ่มเทราต์: อุเหม่ หมึกนี้ต่างจาก ปลาเทราต์อยู่นะ แต่ฉันก็ตกมันได้เหมือนกัน||หนุ่มเทราต์: เธอเองก็ไปตกปลาดีกว่านะ ถ้าเธออยากจะคว้ารางวัล!",
  "winter_derby_contestent7": "ชาวประมง: เมียของฉันออกมาส่งฉัน พร้อมกับกระติกใส่กาแฟร้อน ศรีภรรยา!",
  "winter_derby_contestent8": "เซียนเบ็ด: จุ๊ๆ... ฉันไม่อยากทำให้หมึกตื่น||เซียนเบ็ด: ฉันมาทางนี้ เพราะว่าอยากอยู่ไกลๆ จากคนเยอะๆ หมึกมันขี้อาย||เซียนเบ็ด: ถ้าเธออยากจะตกตรงนี้ก็ได้ แต่ช่วยเงียบๆ หน่อยล่ะ",
  "winter_derby_contestent9": "ชาวประมง: ฉันไม่ได้กังวลมากมาย ว่าจะต้องชนะการแข่งขัน ฉันแค่อยากจะเพลิดเพลิน ไปกับบรรยากาศ||ชาวประมง: อากาศในฤดูร้อนดีกว่านี้ แต่ก็มีบางอย่างที่พิเศษกว่า ในฤดูหนาวที่ยากลำบาก และชีวิตจะเป็นฉันใด หากไร้ซึ่งความแตกต่าง?",
  "winter_derby_contestent10": "ชาวประมง: นิ้วฉันแข็งทื่อไปหมดแล้ว เพราะงั้นฉันจะไปดื่มด่ำ กับไซเดอร์ร้อนๆ ทางโน้น โชคดีเด้อ!",
  "winter_derby_contestent11": "เชฟหมึก: โอ้ ไม่ต้องสนใจฉันหรอก... ฉันแค่มาที่นี่ เพื่อหาซื้อหมึกในปริมาณมาก!||เชฟหมึก: เอ้า รออะไรอยู่ล่ะ? หมึกพวกนั้น ไม่ได้ตกตัวเองขึ้นมานะ!"
}
