{
  "Willy_Name": "ต้องการเนื้อแมลงฉ่ำๆ!",
  "Willy_Text": "อะฮ้อย ว่าไง ฉันกำลังมองหาเนื้อแมลงอวบๆ สักหน่อย ยิ่งอวบอ้วน ชุ่มฉ่ำยิ่งดี... อย่างน้อยดูเหมือนว่า พวกปูน่าจะชอบ... สัก 100 อันน่าจะใช้ได้",
  "Willy_Objective_0_Text": "รวบรวมเนื้อแมลง (Bug Meat) จำนวนหนึ่ง",
  "Willy_Objective_1_Text": "นำเนื้อแมลง (Bug Meat) ไปวางไว้ในถัง ที่อยู่ข้างบ้านของวิลลี่",
  "Pam_Name": "ขออะไรแรงๆ หน่อย",
  "Pam_Text": "ได้ยินว่า เหล้าที่หมักจากมันฝรั่งแรงได้ใจไปเลย ถ้ารู้ว่าฉันหมายความว่าไงละก็ ไม่ลองหมักมันดู แล้วเอามาให้ฉันสักหน่อยเป็นไง?",
  "Pam_Objective_0_Text": "หมักมันฝรั่งในถังหมัก (Keg) แล้วรวบรวมให้ได้ 12 ขวด",
  "Pam_Objective_1_Text": "นำผลิตภัณฑ์ที่ได้ไปที่ห้องครัวของแพม",
  "Pierre_Name": "ผลิตภัณฑ์ชั้นยอดของปิแอร์",
  "Pierre_Text": "สวัสดี เกี่ยวกับโปรโมชั่นถัดไป ฉันคิดว่าจะลองหา พวกผักคุณภาพดีมาขาย ให้มันพรีเมี่ยมขึ้นสักหน่อย... พอจะรู้ร้านบ้านๆ ที่จะหาพืชผักติดดาวทองสัก 25 ชิ้นไหม?",
  "Pierre_Objective_0_Text": "เก็บเกี่ยวผักคุณภาพดาวทอง",
  "Pierre_Objective_1_Text": "นำผลผลิตไปวางในกล่องรับผลิตภัณฑ์ ที่อยู่ในร้านของปิแอร์",
  "Robin_Name": "โปรเจกต์ของโรบิน",
  "Robin_Text": "ไง! ฉันปิ๊งไอเดียที่จะสร้างเตียงแบบใหม่น่ะ แต่ฉันจำเป็นต้องใช้ไม้เนื้อแข็ง (Hardwood) 80 ท่อนเพื่อสร้างมันนี่สิ ใครพอจะช่วยหน่อยได้ไหม?                     -โรบิน",
  "Robin_Objective_0_Text": "รวบรวม ไม้เนื้อเข็ง (Hardwood) 80 ท่อน",
  "Robin_Objective_1_Text": "นำไม้เนื้อเข็ง (Hardwood) ไปไว้ที่คลังสินค้าในบ้านของโรบิน",
  "Emily_Name": "คืนความอ่อนเยาว์ด้วยหินบำบัด",
  "Emily_Text": "นี่! ฉันวางแผนว่าจะเชิญเพื่อนๆ มาร่วมกิจกรรม \"คืนความอ่อนเยาว์ด้วยหินบำบัด\" แต่ฉันจำเป็นต้องใช้พวกคริสตัล เพื่อเป็นสื่อนำพลังงาน คุณคิดว่าพอจะช่วยฉันได้ไหม?",
  "Emily_Objective_0_Text": "ส่งมอบทับทิม (Ruby) 1 เม็ด แก่เอมิลี",
  "Emily_Objective_1_Text": "ส่งมอบโทแพส (Topaz) 1 เม็ด แก่เอมิลี",
  "Emily_Objective_2_Text": "ส่งมอบมรกต (Emerald) 1 เม็ด แก่เอมิลี",
  "Emily_Objective_3_Text": "ส่งมอบหยก (Jade) 1 เม็ด แก่เอมิลี",
  "Emily_Objective_4_Text": "ส่งมอบอเมทิสต์ (Amethyst) 1 เม็ด แก่เอมิลี",
  "Demetrius_Name": "ประชากรสัตว์น้ำเกินควบคุม",
  "Demetrius_Text": "ไม่ว่าจะด้วยเหตุอะไรก็ตาม ประชากรของ {FishType:Text} ในท้องถิ่นถึงเพิ่มขึ้นในระดับที่ควบคุมไม่ได้ ฉันต้องการนักตกปลาในพื้นที่ เพื่อช่วยลดจำนวนพวกมันลง",
  "Demetrius_Objective_0_Text": "จับ {FishType:Text} 10 ตัว",
  "Demetrius2_Name": "ชีวสมดุลย์",
  "Demetrius2_Text": "ยังไม่รู้สาเหตุที่แน่ชัดว่าทำไม ประชากรของ {FishType:Text} ในท้องถิ่นถึงเพิ่มขึ้นในระดับที่ควบคุมไม่ได้ ฉันต้องการนักตกปลาในพื้นที่ เพื่อช่วยลดจำนวนพวกมันลง",
  "Demetrius2_Objective_0_Text": "จับ {FishType:Text} 20 ตัว",
  "Demetrius2_RE_FishType_0_Text": "ปลาในแม่น้ำ",
  "Demetrius2_RE_FishType_1_Text": "ปลาทะเล",
  "Demetrius2_RE_FishType_2_Text": "ปลาในทะเลสาบ",
  "Gus_Name": "ไข่เจียวเลื่องชื่อของกัส",
  "Gus_Text": "{Greeting}... แต่ ฉันต้องใช้ไข่สัก 2 โหล ใครช่วยหามาให้ได้ไหม?                -กัส",
  "Gus_Objective_0_Text": "รวบรวมไข่ไก่ (Egg) 24 ฟอง",
  "Gus_Objective_1_Text": "นำไข่ไก่ (Egg) ไปใส่ในตู้เย็นของกัส",
  "Gus_RE_Greeting_0": "ฉันจำเป็นต้องทำไข่เจียวสูตรเด็ดของฉัน จานยักษ์แบบเร่งด่วน",
  "Gus_RE_Greeting_1": "ฉันจำเป็นต้องทำไข่เจียวจานยักษ์ อีกจานแบบด่วนจี๋",
  "Lewis_Name": "คำสั่งซื้อผืชผล",
  "Lewis_Text": "{Text} ใครก็ตามที่ขาย {Crop:TextPlural} 100 ชิ้น เมื่อสิ้นสุดฤดูกาลนี้จะได้รับ ค่าตอบแทนที่สมน้ำสมเนื้อ จากกองทุนเพื่อการเกษตรของเมืองเพลิแกน",
  "Lewis_Objective_1_Text": "เก็บเกี่ยว {Crop:Text} 100 ชิ้น",
  "Lewis_Objective_0_Text": "ขาย {Crop:Text} 100 ชิ้น",
  "Lewis_RE_Text_0": "{Crop:TextPluralCapitalized} เป็นที่ต้องการสูงมากในปีนี้ ",
  "Lewis_RE_Text_1": "เห็นได้ชัดเลยว่า {Crop:TextPlural} กำลังถูกจับตามองในฐานะ สุดยอดอาหารอุดมคุณค่า 'superfood' ในเมืองซูซู ",
  "Lewis_RE_Text_2": "มีผลิตภัณฑ์เสริมความงามตัวใหม่ กำลังฮิตมากในเมืองซูซู... ชัดเจนเลยว่า โลชั่นที่ทำจาก {Crop:Text} ช่วยลบเลือนริ้วรอยได้ ",
  "Lewis_RE_Text_3": "รายการราชินีแห่งอาหารตอนล่าสุด กำลังเห่อกับการกินอาหารจาก {Crop:Text} สดๆ ตอนนี้ใครๆ ในโลกนี้ก็อยากลิ้นลองพวกมันสักครั้ง!",
  "Lewis_RE_Text_4": "ท่านผู้ว่ากำลังจะจัดงานเลี้ยง และเชฟของท่าก็กำลังจะสั่งซื้อ {Crop:TextPlural} ปริมาณมากมายเป็นภูเขา",
  "Wizard_Name": "สสารน่าฉงน",
  "Wizard_Text": "ข้าแสวงหาของที่หายาก และทรงพลังมากอย่างหนึ่ง ที่รู้จักกันว่า 'เอ็กโทพลาสซึม (Ectoplasm)' มันเป็นสิ่งที่จะหลงเหลือทิ้งไว้ ในยามที่เจ้ากำจัดผี (Ghost) ลงได้      -เอ็ม. ราสโมเดียส",
  "Wizard_Objective_0_Text": "ส่งมอบ เอ็กโทพลาสซึม (Ectoplasm) แก่พ่อมด",
  "Wizard_Objective_0_Message": "อา มันเต็มไปด้วยพลังของ วิญญาณผู้ถูกลืมเลือน ... สมบูรณ์แบบ$h#$b#เอาล่ะ เจ้าไปได้แล้ว! ข้าจำเป็นต้องใช้ความเงียบสงัดที่สุด เพื่อเพ่งพินิจถึงธรรมชาติ ที่แท้จริงของสสารนี้",
  "Clint_Name": "ลาดตระเวนถ้ำ",
  "Clint_Text": "จำนวนของ {Monster:LocalizedName} ในถ้ำของเรา เริ่มจะเป็นอันตรายกับการขุดเหมืองแล้ว... สำหรับคนอื่นนะ ไม่ใช่ฉัน! และถือว่าได้เงินดี สำหรับคนที่อาสา ไปกำจัดพวกมัน 50 ตัว          -คลินท์",
  "Clint_Objective_0_Text": "กำจัด {Monster:LocalizedName} 50 ตัว",
  "Clint_RE_Monster_0_LocalizedName": "ค้างคาว (Bat)",
  "Clint_RE_Monster_1_LocalizedName": "ภูตฝุ่นผง (Dust Sprite)",
  "Clint_RE_Monster_2_LocalizedName": "โครงกระดูก (Skeleton)",
  "Clint_RE_Monster_3_LocalizedName": "ตัวอ่อนแมลง (Grub)",
  "Linus_Name": "สะสางเพื่อชุมชน",
  "Linus_Text": "ฉันมีความคิดดีๆ ล่ะ ตอนนี้มันมีขยะอยู่ในน้ำเต็มไปหมด งั้นทำไมเราไม่ลองตกมันขึ้นมาจากน้ำ เพื่อทำให้หุบเขาของเราน่าอยู่ขึ้นอีกนิด ว่าไหม?                     -ลินัส",
  "Linus_Objective_0_Text": "รวบรวมขยะ 20 ชิ้น",
  "Linus_Objective_1_Text": "นำขยะไปโยนลงในถังรีไซเคิล ที่อยู่ด้านหลังของชานชาลารถไฟ",
  "Evelyn_Name": "ของขวัญแด่จอร์จ",
  "Evelyn_Text": "จอร์จคงจะคิดว่า ไม่มีใครในเมือง ที่คิดจะสนใจเขาหรอกน่ะจ้ะ ยายอยากจะพิสูจน์ว่า เขาน่ะคิดผิด! เราจะลองใช้กระเทียมต้นสักโหลนึงเพื่อการนี้... มันเป็นของที่เขาชอบมากๆ จ้ะ                      -เอเวอลิน",
  "Evelyn_Objective_0_Text": "รวบรวมกระเทียมต้น (Leek) 12 ต้น",
  "Evelyn_Objective_1_Text": "นำกระเทียมต้น (Leek) ไปไว้ในครัวของของคุณยายเอเวอลิน",
  "Wizard2_Name": "เยลลี่สีรุ้ง",
  "Wizard2_Text": "ข้าอยากจะขอความช่วยเหลือ ในการสะกดรอยตัวสไลม์สีรุ้ง ที่พบเจอได้ยากยิ่งและเป็นอันตราย ในถ้ำของหุบเขา จากนั้นจงนำขวดโหล ที่บรรจุเยลลี่สีรุ้งกลับมาให้ข้า แล้วเจ้าจะได้รางวัลที่ควรค่ากับมัน        -เอ็ม. ราสโมเดียส",
  "Wizard2_Objective_0_Text": "กำจัดสไลม์สีรุ้ง (Prismatic Slime)",
  "Wizard2_Objective_1_Text": "ส่งมอบเยลลี่สีรุ้ง (Prismatic Jelly) แก่พ่อมด",
  "Wizard2_Objective_1_Message": "อา... เจ้ากลับมาจากการล่าแล้วงั้นรึ ข้าสัมผัสได้เลยว่าเจ้าทำมันได้สำเร็จ!$h#$b#เอาล่ะ ส่งขวดโหลนั่นมา แล้วก็ไปได้แล้ว! ข้ามีงานสำคัญที่ต้องสะสางต่อ",
  "Robin2_Name": "โรบินต้องการของเร่งด่วน",
  "Robin2_Text": "ฉันมีโปรโมชั่นเล็กๆ มาให้เล่นสนุกๆ กัน ถ้าใครสามารถรวบรวม {Resource:Text} ได้ 1000 ชิ้นในสัปดาห์เดียวละก็ เขาก็จะได้รางวัลไป แล้วก็ยังเก็บ {Resource:Text} ที่หามาได้ เอาไว้ใช้เองด้วย!             -โรบิน",
  "Robin2_Objective_0_Text": "รวบรวม {Resource:Text} จำนวน 1000 ชิ้น",
  "Gunther_Name": "เศษชิ้นส่วนจากอดีต",
  "Gunther_Text": "เชิญนักบรรพชีวินวิทยาสมัครเล่น ทุกคนมาเลย! ผมต้องการกระดูก 100 ชิ้นในการค้นคว้าของผมครับ กรุณานำมันไปที่โต๊ะในพิพิธภัณฑ์ด้วยครับ!          -กันเธอร์",
  "Gunther_Objective_1_Text": "รวมรวมกระดูก (Bone) จำนวน 100 ชิ้น",
  "Gunther_Objective_0_Text": "นำกระดูก (Bone) ไปวางไว้ที่กล่องรับของ ที่โต๊ะในพิพิธภัณฑ์",
  "Caroline_Name": "วัตถุดิบจากเกาะ",
  "Caroline_Text": "ฉันอยากจะทดลองทำอาหาร สไตล์ดินแดนเขตร้อนดูจัง แต่วัตถุดิบหายากจริงๆ ถ้าใครพอจะช่วยขาย {Crop:TextPlural} 100 ชิ้น จะช่วยฉันได้มากเลยล่ะ! ",
  "Caroline_Objective_0_Text": "ขาย {Crop:Text} 100 ชิ้น",
  "Willy2_Name": "ปลาเขตร้อน",
  "Willy2_Text": "ไม่มีอะไรที่จะเหมือนกับ การตกปลาเขตร้อน... เพื่อให้งานศิลป์ยังคงมีชีวิตต่อไป ฉันจะตบรางวัลให้กับใครก็ตาม ที่เย่อเจ้าตัวแจ่มๆ จากเกาะขึ้นมาได้",
  "Willy2_Objective_0_Text": "จับปลาสิงโต (Lionfish) 5 ตัว",
  "Willy2_Objective_1_Text": "จับปลาบลู ดิสคัส (Blue Discus) 5 ตัว",
  "Willy2_Objective_2_Text": "จับปลากระเบนธง (Stingray) 5 ตัว",
  "QiChallenge_Name": "ภัยพิบัติทั้ง 5",
  "QiChallenge_Text": "ฉันจะมอบ Qi Beans จำนวน 600 เมล็ดให้คุณ จงปลูกมัน ดูแลมัน และขายมันให้ได้อย่างน้อย 500 ผล ภายในระยะเวลา 1 สัปดาห์ แต่จงระวังไว้ให้ดี ภัยพิบัติทั้ง 5 จะมาเยือนคุณ และทำลายพืชผลที่คุณมี...",
  "QiChallenge_Objective_0_Text": "ขาย Qi Fruit 500 ผล",
  "QiChallenge2_Name": "พืชผลของ Qi",
  "QiChallenge2_Text": "ฉันได้ซ่อนเมล็ด Qi Beans ไว้ในที่ต่างๆ ของโลก จงค้นหามัน ปลูกมัน ขยายพันธุ์พวกมัน และขายผลของมันให้ได้ 500 ผลภายในระยะเวลาที่กำหนด",
  "QiChallenge2_Objective_0_Text": "ขาย Qi Fruit 500 ผล",
  "QiChallenge3_Name": "มาเล่นเกมกันหน่อย",
  "QiChallenge3_Text": "คิดว่าคุณจะทำคะแนนในเกม จูนิโม่ คาร์ท ได้ถึง 50,000 คะแนนในโหมด endless ไหมละ? พิสูจน์สิ",
  "QiChallenge3_Objective_0_Text": "ทำคะแนนในเกม จูนิโม่ คาร์ท (Junimo Kart) 50,000 คะแนนในโหมด endless",
  "QiChallenge4_Name": "อัญมณีล้ำค่าทั้ง 4",
  "QiChallenge4_Text": "หาสะเก็ดแก้วปริซึม (Prismatic Shard) 4 ชิ้น แล้วเอาไว้ใส่ในกล่องสะสมของฉัน",
  "QiChallenge4_Objective_0_Text": "นำสะเก็ดแก้วปริซึม (Prismatic Shard) 4 ชิ้น ใส่ในกล่องสะสมของ Qi",
  "QiChallenge5_Name": "การท้าทายกับความหิวของ Qi",
  "QiChallenge5_Text": "ภารกิจของคุณคือ ลงไปในถ้ำหัวกะโหลกให้ถึงชั้นที่ 100 แต่ทว่า ห้ามกินหรือดื่มอะไรทั้งนั้นตอนที่อยู่ที่นั่น",
  "QiChallenge5_Objective_0_Text": "ลงไปในถ้ำหัวกะโหลกให้ถึงชั้นที่ 100",
  "QiChallenge6_Name": "จานเด็ดของ Qi",
  "QiChallenge6_Text": "ขายอาหารปรุงสดใหม่ ให้ได้มูลค่ารวม 100,000g",
  "QiChallenge6_Objective_0_Text": "ขายอาหารปรุงสดใหม่ ให้ได้มูลค่ารวม 100,000g",
  "QiChallenge7_Name": "ความเมตตาของ Qi",
  "QiChallenge7_Text": "มอบของขวัญที่คนรัก (Loved gifts) 50 ชิ้นในเวลา 1 สัปดาห์",
  "QiChallenge7_Objective_0_Text": "มอบของขวัญที่คนรัก (Loved gifts) 50 ชิ้นในเวลา 1 สัปดาห์",
  "QiChallenge8_Name": "ครอบครัวพร้อมหน้า",
  "QiChallenge8_Text": "สมาชิกครอบครัวของเหล่าปลาในตำนาน กลับมายังหุบเขาแล้ว คุณมีเวลา 3 วันที่จะจับ คุณนายปลาตกเบ็ด (Ms. Angler) ปลากลาเซียร์จูเนียร์ (Glacierfish Jr.) ลูกชายของปลาคริมสัน (Son of Crimsonfish) ปลาคาร์ปกัมมันตรังสี (Radioactive Carp) และปลาเดอะเลเจนด์ ที่2 (The Legend II)",
  "QiChallenge8_Objective_0_Text": "จับ คุณนายปลาตกเบ็ด (Ms. Angler)",
  "QiChallenge8_Objective_1_Text": "จับ ปลากลาเซียร์จูเนียร์ (Glacierfish Jr.)",
  "QiChallenge8_Objective_2_Text": "จับ ลูกชายของปลาคริมสัน (Son of Crimsonfish)",
  "QiChallenge8_Objective_3_Text": "จับ ปลาคาร์ปกัมมันตรังสี (Radioactive Carp)",
  "QiChallenge8_Objective_4_Text": "จับ ปลาเดอะเลเจนด์ ที่ 2 (The Legend II)",
  "QiChallenge9_Name": "อันตรายในห้วงลึก",
  "QiChallenge9_Text": "ระบบลิฟท์ของเหมืองจะถูกรีเซ็ต และอันตรายใหม่ กำลังคลืบคลานขึ้นมาจากใต้ดินลึก จงลงไปให้ถึงก้นเหมืองภายใน 1 สัปดาห์",
  "QiChallenge9_Objective_0_Text": "ลงไปให้ถึงก้นเหมืองอีกครั้ง",
  "QiChallenge10_Name": "การรุกรานในถ้ำหัวกะโหลก",
  "QiChallenge10_Text": "ถ้ำหัวกะโหลก ถูกรุกรานโดย สัตว์ประหลาดที่ทรงพลัง เรียบร้อยแล้ว จงลงไปให้ถึงชั้นที่ 100 ในคราวเดียว",
  "QiChallenge10_Objective_0_Text": "ลงไปในถ้ำหัวกะโหลกให้ถึงชั้นที่ 100",
  "QiChallenge11_Name": "หา Qi อีกคน",
  "QiChallenge11_Text": "ฉันมีตัวฉันอีกเวอร์ชันนึงด้วยนา หลบซ่อนอยู่ในเมืองนี่แหละ คุณจะหาเขาเจอรึเปล่านะ?",
  "QiChallenge11_Objective_0_Text": "หา Qi อีกคนให้เจอ",
  "QiChallenge12_Name": "ยุ้งฉางสีรุ้งของ Qi",
  "QiChallenge12_Text": "จงหา ไอเทมสีแดง สีส้ม สีเหลือง สีเขียว สีฟ้า และสีม่วง อย่างละ 100 ชิ้น และนำไปใส่ในกล่องสะสมของฉัน",
  "QiChallenge12_Objective_0_Text": "นำไอเทมสีแดง 100 ชิ้น ใส่ในกล่องสะสมของ Qi",
  "QiChallenge12_Objective_1_Text": "นำไอเทมสีส้ม 100 ชิ้น ใส่ในกล่องสะสมของ Qi",
  "QiChallenge12_Objective_2_Text": "นำไอเทมสีเหลือง 100 ชิ้น ใส่ในกล่องสะสมของ Qi",
  "QiChallenge12_Objective_3_Text": "นำไอเทมสีเขียว 100 ชิ้น ใส่ในกล่องสะสมของ Qi",
  "QiChallenge12_Objective_4_Text": "นำไอเทมสีฟ้า 100 ชิ้น ใส่ในกล่องสะสมของ Qi",
  "QiChallenge12_Objective_5_Text": "นำไอเทมสีม่วง 100 ชิ้น ใส่ในกล่องสะสมของ Qi",
  "Marlon_DF_0_Name": "ล่ามอนสเตอร์",
  "Marlon_DF_0_Text": "ลงลึกไปในถ้ำหัวกะโหลก และกำจัด {Monster:LocalizedName} 10 ตัว ",
  "Marlon_DF_0_Objective": "กำจัด {Monster:LocalizedName} 10 ตัว",
  "Marlon_DF_Monster_0_LocalizedName": "งูพิษ (Serpent)",
  "Marlon_DF_Monster_1_LocalizedName": "สไลม์สีม่วง (Purple Slime)",
  "Marlon_DF_Monster_2_LocalizedName": "มัมมี่ (Mummies)",
  "Marlon_DF_1_Name": "สู่ห้วงลึก",
  "Marlon_DF_1_Text": "ลงไปในถ้ำหัวกะโหลกให้ถึงชั้นที่ 30",
  "Marlon_DF_1_Objective": "ลงไปในถ้ำหัวกะโหลกให้ถึงชั้นที่ 30",
  "Marlon_DF_2_Name": "ล่าสมบัติ",
  "Marlon_DF_2_Text": "รวบรวม {Treasure:LocalizedName} {Treasure:Count} อัน จากถ้ำหัวกะโหลก",
  "Marlon_DF_2_Objective": "รวบรวม {Treasure:LocalizedName} {Treasure:Count} อัน",
  "Marlon_DF_Item_0_LocalizedName": "ผลึกโพรงผสม (Omni Geode)",
  "Marlon_DF_Item_1_LocalizedName": "แร่อิริเดียม (Iridium Ore)",
  "Marlon_DF_Item_2_LocalizedName": "สะเก็ดสีรุ้ง (Prismatic Shard)"
}
