{
  "ScienceHouse_Robin_Raining1": "ห้ะ อากาศแปรปรวนเหรอ?",
  "ScienceHouse_Robin_Raining2": "โอ้ว ไม่นะ เปียกโชกมาเชียว!",
  "ScienceHouse_Robin_NotRaining1": "ไง การเดินเป็นสิ่งที่ดีนะ?",
  "ScienceHouse_Robin_NotRaining2": "ไงจ๊ะ!",
  "ScienceHouse_Robin_Snowing": "ที่นี่อุ่นนะ!",
  "ScienceHouse_Robin_NotSnowing": "สวัสดี!",
  "ScienceHouse_Robin_CloseFriends": "อ้าว สวัสดีจ้า {0}!",
  "ScienceHouse_Robin_NotCloseFriends": "อยากสร้างอะไรงั้นเหรอ?",
  "ScienceHouse_Robin_Greeting": "ยินดีต้อนรับ!",
  "ScienceHouse_Robin_RareGreeting": "เลวิ...? โอ้...",
  "AnimalShop_Marnie_Greeting1": "สวัสดี!",
  "AnimalShop_Marnie_Greeting2": "เป็นไงบ้าง!",
  "AnimalShop_Marnie_CloseFriends": "ว่าไง {0}",
  "AnimalShop_Marnie_NotCloseFriends": "มองหาอุปกรณ์อะไรหรือเปล่าจ๊ะ?",
  "AnimalShop_Marnie_Raining": "เช็ดเท้าด้วยล่ะ!",
  "AnimalShop_Marnie_NotRaining": "ไง! สภาพอากาศเป็นไงบ้าง?",
  "AnimalShop_Marnie_Greeting3": "ไง! ฟาร์ม {1} เป็นยังไงบ้างล่ะ'?",
  "AnimalShop_Marnie_RareGreeting": "เลวิ...? โอ้...",
  "AdventureGuild_Marlon_Greeting_Male": "ฉันเชื่ออยู่แล้วว่านายต้องกลับมา!",
  "AdventureGuild_Marlon_Greeting_Female": "ฉันเชื่ออยู่แล้วว่าเธอต้องกลับมา!",
  "AdventureGuild_Marlon_Greeting1": "ต้องการดาบเล่มใหม่ไหม?",
  "AdventureGuild_Marlon_Greeting2": "สวัสดี",
  "AdventureGuild_Marlon_Greeting3": "กิล ตื่นได้แล้ว! เรามีแขกมาเยี่ยม",
  "AdventureGuild_Marlon_Greeting4": "สวัสดีตอนบ่าย",
  "Hospital_Maru_Greeting1": "วันนี้มีนัดตรวจเหรอคะ?",
  "Hospital_Maru_Greeting2": "มีอะไรให้ช่วยรึเปล่าคะ?",
  "Hospital_Maru_Greeting3": "คลินิกเรามียาขายนะคะ!",
  "Hospital_Maru_Greeting4": "มันเป็นเหตุฉุกเฉินหรือเปล่าคะ?",
  "Hospital_Maru_Greeting5": "มาหาหมอเหรอคะ?",
  "Hospital_Maru_Spouse": "ว่าไง ที่รัก <",
  "LeahHouse_Leah_Greeting1": "อ้าว สวัสดี!",
  "LeahHouse_Leah_Greeting2": "สวัสดีจ้า",
  "LeahHouse_Leah_Greeting3": "ว่าไง {0}",
  "ElliottHouse_Elliott_Greeting1": "อ้าว คุณมาเยี่ยมผมด้วย",
  "ElliottHouse_Elliott_Greeting2": "สวัสดี",
  "ElliottHouse_Elliott_Greeting3": "สวัสดี {0}",
  "JojaMart_Morris_Greeting": "ยินดีต้อนรับสู่ ร้านโจจ้า!",
  "SandyHouse_Sandy_Greeting1": "เธอโดนแดดเผาหมดแล้วนะ!",
  "SandyHouse_Sandy_Greeting2": "โอ้ มีแขกด้วย!",
  "SandyHouse_Sandy_Greeting3": "คุณดูผอมนะ!",
  "SandyHouse_Sandy_Greeting4": "มีเมล็ดพันธุ์ขายจ้า!",
  "SandyHouse_Sandy_Greeting5": "คุณจะไม่ซื้ออะไรหน่อยเหรอ?",
  "ManorHouse_Lewis_Morning": "อรุณสวัสดิ์!",
  "ManorHouse_Lewis_Afternoon": "สวัสดีตอนบ่าย",
  "ManorHouse_Lewis_Evening": "สวัสดีตอนเย็น",
  "Saloon_Gus_Greeting": "เข้ามาดูของก่อนสิ!",
  "Saloon_Gus_Summer": "รับเครื่องดื่มเย็นๆ ไหม?",
  "Saloon_Gus_NotSummer": "มีอะไรให้ช่วยไหม?",
  "Saloon_Gus_Snowing1": "ถึงข้างนอกจะหนาว แต่ข้างในมีกาแฟร้อนๆนะ!",
  "Saloon_Gus_NotSnowing1": "รับอาหารร้อนๆไหม?",
  "Saloon_Gus_Raining": "รับเครื่องดื่มร้อนๆไหม?",
  "Saloon_Gus_NotRaining": "รับเครื่องดื่มไหม?",
  "Saloon_Gus_Snowing2": "เข้ามาข้างในก่อน ข้างนอกมันเย็น!",
  "Saloon_Gus_NotSnowing2": "ยินดีต้อนรับ!",
  "Saloon_Gus_RareGreeting": "ดูเหมือนคุณต้องการจะดื่มอะไรนะ",
  "ArchaeologyHouse_Gunther_Greeting1": "หาอะไรเจอบ้างไหม?",
  "ArchaeologyHouse_Gunther_Greeting2": "ขุดอะไรมาได้ล่ะ?",
  "ArchaeologyHouse_Gunther_Greeting3": "อยากได้ความรู้อะไรจากฉันไหม?",
  "ArchaeologyHouse_Gunther_Greeting4": "สวัสดี",
  "ArchaeologyHouse_Gunther_Greeting5": "คราวนี้เอาอะไรมาให้ฉันล่ะ?",
  "ArchaeologyHouse_Gunther_RareGreeting": "คุณมีกลิ่นเหมือนกับดินเลย... ฉันชอบนะ!",
  "SeedShop_Pierre_Winter": "ยินดีต้อนรับสู่ ร้านที่อบอุ่นของปิแอร์!",
  "SeedShop_Pierre_NotWinter": "ยินดีต้อนรับสู่ร้านปิแอร์!",
  "SeedShop_Pierre_Summer": "เมล็ดพันธุ์สำหรับหน้าร้อน วางจำหน่ายแล้ว!",
  "SeedShop_Pierre_NotSummer": "มีเมล็ดพันธุ์จำหน่าย!",
  "SeedShop_Pierre_Greeting1": "สวัสดีครับ!",
  "SeedShop_Pierre_Greeting2": "เป็นคุณเจ้าของฟาร์ม {0} นี่เอง!",
  "SeedShop_Pierre_Raining": "วันดีๆ แบบนี้ มาซื้อกันเยอะๆ นะครับ!",
  "SeedShop_Pierre_NotRaining": "ยินดีต้อนรับ!",
  "SeedShop_Pierre_RareGreeting": "คุณเอากระเป๋าสตางค์มารึเปล่า?"
}
