{
  "LearnedRecipe_cooking": "อาหาร",
  "LearnedRecipe_crafting": "คราฟ",
  "LearnedRecipe": "คุณได้เรียนสูตร{0}ชนิดใหม่: {1}",
  "FarmerFile_1": "บันทึก: {0}\nก้าวทั้งหมด: {1}\nของขวัญที่ให้: {2}\nวันในสตาร์ดิวแวลลีย์: {3}\nดินที่ขุด: {4}\nไอเทมที่ประดิษฐ์: {5}\nอาหารที่ทำ: {6}\nขยะที่รีไซเคิล: {7}",
  "FarmerFile_2": "มอนสเตอร์ที่ฆ่า: {0}\nปลาที่จับได้: {1}\nเบ็ดที่เหวี่ยง: {2}\nเมล็ดที่หว่าน: {3}\nของที่ขาย: {4} ",
  "NotEnoughMoney1": "คุณมีเงินไม่พอ",
  "NotEnoughMoney2": "เงินไม่พอ",
  "NotEnoughMoney3": "คุณมีเงินไม่พอ...",
  "Toggle_ColorPicker": "เลือกสี",
  "AnimalQuery_Move": "ย้ายไปอาคารหลังใหม่",
  "AnimalQuery_Moving_HomeChanged": "ย้ายอาคารใหม่สำเร็จ",
  "AnimalQuery_Moving_BuildingFull": "อาคารนั้นเต็มแล้ว",
  "AnimalQuery_Moving_AlreadyHome": "อยู่อาคารนี้อยู่แล้ว",
  "AnimalQuery_Moving_CantLiveThere": "{0}ไม่สามารถอยู่ที่นั่นได้",
  "AnimalQuery_Sell": "ขายได้ {0}g",
  "AnimalQuery_AllowReproduction": "อนุญาตให้สืบพันธุ์",
  "AnimalQuery_Age1": "อายุ: 1 เดือน",
  "AnimalQuery_AgeN": "อายุ: {0} เดือน",
  "AnimalQuery_AgeBaby": " (Baby)",
  "AnimalQuery_Parent": "ลูกของ: {0}",
  "AnimalQuery_ConfirmSell": "คุณแน่ใจนะ?",
  "AnimalQuery_ChooseBuilding": "กรุณาเลือก{0}สำหรับ{1}ของคุณ",
  "Billboard_Birthday": "วันเกิดของ {0}",
  "Billboard_SBirthday": "วันเกิดของ {0}",
  "Billboard_Year": "ปีที่ {0}",
  "Billboard_NothingPosted": "ไม่มีการปิดประกาศในวันนี้",
  "Billboard_NightMarket": "ตลาดนัดกลางคืน",
  "AcceptQuest": "รับภารกิจ",
  "BobberBar_Perfect": "เพอร์เฟกต์!",
  "Confirm": "โอเค",
  "Carpenter_ChangeAppearance": "เปลี่ยนรูปลักษณ์",
  "Carpenter_Demolish": "รื้อถอนสิ่งก่อสร้าง",
  "Carpenter_MoveBuildings": "ย้ายสิ่งก่อสร้าง",
  "Carpenter_Upgrade": "อัปเกรดต่อจาก {0}",
  "Carpenter_Build": "สร้าง",
  "Carpenter_CantDemolish_DuringConstruction": "ไม่สามารถรื้อถอนขณะสร้างได้",
  "Carpenter_CantDemolish_AnimalsHere": "ไม่สามารถรื้อถอนได้ จนกว่าสัตว์จะถูกเคลื่อนย้าย",
  "Carpenter_CantDemolish_PlayerHere": "ไม่สามารถรื้อถอนได้ ในขณะที่ผู้เล่นอยู่ข้างใน",
  "Carpenter_CantDemolish_LockFailed": "ไม่สามารถรื้อถอนในขณะนี้ได้",
  "Carpenter_CantUpgrade_BuildingType": "ประเภทของสิ่งก่อสร้างไม่ถูกต้อง",
  "Carpenter_CantBuild": "ไม่สามารถก่อสร้างตรงนั้นได้",
  "Carpenter_SelectBuilding_Upgrade": "เลือก {0} เพื่ออัปเกรด",
  "Carpenter_SelectBuilding_Demolish": "เลือกสิ่งก่อสร้างที่จะรื้อถอน",
  "Carpenter_ChooseLocation": "เลือกสถานที่",
  "Character_Name": "ชื่อ",
  "Character_Wallets": "ลักษณะเงิน",
  "Character_SharedWallet": "ใช้รวมกัน",
  "Character_SeparateWallet": "แยกกัน",
  "Character_Difficulty": "อัตรากำไร",
  "Character_Close": "ใกล้ๆ",
  "Character_CoopHelpString": "บ้านเริ่มต้น: เริ่มด้วยการมีบ้าน 1-{0} หลังที่สร้างไว้แล้วให้เพื่อนๆ เข้าอยู่ได้ทันที หรือคุณสามารถเลือก \"ไม่มี\" เพื่อสร้างบ้านเองได้ (ติดต่อโรบิน)^^รูปแบบบ้าน: ถ้าคุณเลือกที่จะเริ่มด้วยการมีบ้านที่สร้างไว้ก่อนแล้ว คุณจะสามารถเลือกระหว่างรูปแบบได้สองอย่าง: \"บ้านใกล้เรือนเคียง\" จัดวางบ้านทั้งหมดใกล้บ้านพักหลัก เพื่อให้ง่ายต่อการช่วยกันทำฟาร์ม \"แยกกัน\" จัดวางบ้านห่างๆ กัน เพื่อให้มีอิสระ^^ขอบเขตกำไร: ปรับขอบเขตของกำไร (เงินที่คุณหาได้) จากสินค้าที่ขาย'ปกติ' คือตามประสบการณ์ Stardew Valley แบบดั้งเดิม ผู้เล่นที่มีประสบการณ์มากกว่าหรือมีจำนวนมากอาจเลือกลดขอบเขตลงได้",
  "Character_CoopHelpString2": "ลักษณะเงิน: คุณสามารถเลือกได้ว่าจะหาและใช้จ่ายเงินอย่างไร ในโหมด \"ใช้ร่วมกัน\" ผู้เล่นทุกคนจะใช้เงินร่วมกันก้อนเดียว ในโหมด \"ใช้แยกกัน\" ผู้เล่นแต่ละคนจะมีเงินของตนเอง เป็นของใครของมัน \"ใช้ร่วมกัน\" เป็นโหมดดั้งเดิมของ Stardew Valley",
  "Character_Normal": "ปกติ",
  "Character_Tough": "75%",
  "Character_Hard": "50%",
  "Character_Super": "25%",
  "Character_Separate": "แยกกัน",
  "Character_none": "ไม่มี",
  "Character_CoopHelp": "ความช่วยเหลือ",
  "Character_StartingCabins": "บ้านเริ่มต้น",
  "Character_CabinLayout": "รูปแบบบ้าน",
  "Character_Farm": "ชื่อ\nฟาร์ม",
  "Character_FavoriteThing": "ของ\nที่โปรดปราน",
  "Character_Animal": "สัตว์\nที่โปรดปราน",
  "Character_Skin": "สีผิว",
  "Character_EyeColor": "สีตา:",
  "Character_Hair": "ทรงผม",
  "Character_HairColor": "สีผม:",
  "Character_Shirt": "เสื้อ",
  "Character_PantsColor": "สีกางเกง:",
  "Character_ShirtColor": "สีเสื้อ:",
  "Character_DyeColor": "สีย้อม:",
  "Character_SkipIntro": "ข้ามบทนำ",
  "Character_Pants": "กางเกง",
  "Character_Accessory": "เครื่องประดับ",
  "Character_FarmNameSuffix": "ฟาร์ม",
  "Character_FarmStandard": "ฟาร์มมาตรฐาน_ที่ดินธรรมดาผืนหนึ่ง มีพื้นที่กว้างมากมาย สำหรับการออกแบบ ตกแต่งฟาร์ม",
  "Character_FarmForaging": "ฟาร์มป่า_ป่าทำให้พื้นที่ในการเพาะ ปลูกถูกจำกัด แต่มีของป่า ให้เก็บถึงหน้าประตูบ้าน...",
  "Character_FarmFishing": "ฟาร์มริมแม่น้ำ_พื้นที่ทำฟาร์มกระจายอยู่ บนเกาะและริมแม่น้ำ เปี่ยมทัศนียภาพหลายจุด ปลาชุกชุมกว่าที่อื่น และมีเครื่องรมควันปลาให้",
  "Character_FarmMining": "ฟาร์มบนเนินเขา_ภูมิประเทศที่เต็มไปด้วย หินและแม่น้ำที่คดเคี้ยว ทำให้ออกแบบฟาร์มนั้น ทำได้ยากขึ้น แต่ทว่ามี แหล่งแร่เหมาะสำหรับ ขุดเจาะ",
  "Character_FarmCombat": "ฟาร์มรกร้าง_ที่นี่มีที่ดินดีๆ มากมาย แต่จงระวัง... เหล่ามอนสเตอร์จะออก มาเพ่นพ่านในยามค่ำคืน",
  "Character_FarmFourCorners": "ฟาร์มสี่มุม_ที่ดินแบ่งออกเป็นสี่แปลง ที่มีความโดดเด่นต่างกัน เหมาะเหม็งสำหรับการทำ ฟาร์มเป็นกลุ่ม!",
  "Character_foraging": "เก็บของป่า",
  "Character_fishing": "ตกปลา",
  "Character_mining": "ทำเหมือง",
  "Character_combat": "ต่อสู้",
  "JukeboxMenu_Title": "ตู้เพลง",
  "Collections_Shipped": "ของที่ส่งขาย (ผลผลิตจากฟาร์มและการเก็บของป่า)",
  "Collections_Fish": "ปลา",
  "Collections_Artifacts": "วัตถุโบราณ",
  "Collections_Minerals": "แร่",
  "Collections_Cooking": "อาหาร",
  "Collections_Achievements": "ความสำเร็จ",
  "Collections_SecretNotes": "บันทึกลับ",
  "Collections_Description_ArtifactsFound": "พบแล้วทั้งหมด: {0}",
  "Collections_Description_RecipesCooked": "จำนวนครั้งที่ทำอาหาร: {0}",
  "Collections_Description_FishCaught": "จำนวนที่จับได้: {0}",
  "Collections_Description_BiggestCatch": "ขนาดใหญ่ที่สุดที่จับได้: {0}",
  "Collections_Description_MineralsFound": "พบแล้วทั้งหมด: {0}",
  "Collections_Description_NumberShipped": "ขายไปทั้งหมด: {0}",
  "QuestButton_Hover": "สมุดบันทึก ({0})",
  "QuestButton_Hover_Console": "สมุดบันทึก",
  "ZoomInButton_Hover": "ซูมเข้า",
  "ZoomOutButton_Hover": "ซูมออก",
  "ExitToTitle": "ออกไปหน้าหลัก",
  "ExitToDesktop": "ออกไปเดสก์ท็อป",
  "GameMenu_Inventory": "กระเป๋า",
  "GameMenu_Skills": "ทักษะ",
  "GameMenu_Social": "ความสัมพันธ์",
  "GameMenu_Map": "แผนที่",
  "GameMenu_Crafting": "สิ่งประดิษฐ์",
  "GameMenu_Collections": "ของสะสม",
  "GameMenu_Options": "ตัวเลือก",
  "GameMenu_Exit": "ออกจากเกม",
  "GameMenu_JunimoNote_Hover": "ศูนย์ชุมชน",
  "GeodeMenu_InventoryFull": "คุณมีพื้นที่ในกระเป๋า ไม่เพียงพอ",
  "GeodeMenu_Description_NotEnoughMoney": "ราคา 25g ต่อผลึกโพรง (Geode) ...\n\nเหมือนว่าตอนนี้ คุณซื้อมันไม่ไหวหรอก",
  "GeodeMenu_Description": "แค่วางผลึกโพรง (Geode) ของเธอ บนทั่งของฉัน แล้วฉันจะทุบมันเอง\n\nราคาอยู่ที่อันละ 25g",
  "ItemHover_DefenseBonus": "พลังป้องกัน +{0}",
  "ItemHover_ImmunityBonus": "ต้านทาน +{0}",
  "ItemHover_CritChanceBonus": "คริติคอล +{0}",
  "ItemHover_CritPowerBonus": "พลังคริติคอล +{0}",
  "ItemHover_Damage": "พลังโจมตี {0}-{1}",
  "ItemHover_Speed": "ความเร็ว {0}",
  "ItemHover_Weight": "น้ำหนัก {0}",
  "ItemHover_Energy": "{0} พลังงาน",
  "ItemHover_Health": "{0} พลังชีวิต",
  "ItemHover_Buff0": "{0} ทำฟาร์ม",
  "ItemHover_Buff1": "{0} ตกปลา",
  "ItemHover_Buff2": "{0} ทำเหมือง",
  "ItemHover_Buff3": "{0} ต่อสู้",
  "ItemHover_Buff4": "{0} โชค",
  "ItemHover_Buff5": "{0} ค้นหาอาหาร",
  "ItemHover_Buff6": "{0} พลังงานสูงสุด",
  "ItemHover_Buff7": "{0} พลังงานสูงสุด",
  "ItemHover_Buff8": "{0} อำนาจดึงดูด",
  "ItemHover_Buff9": "{0} ความเร็ว",
  "ItemHover_Buff10": "{0} ป้องกัน",
  "ItemHover_Buff11": "{0} พลังโจมตี",
  "ItemHover_Requirements": "ต้องการ {0}\n{1}",
  "Inventory_PortraitHover_Level": "ระดับ {0}",
  "Inventory_FarmName": "ฟาร์ม {0}",
  "Inventory_CurrentFunds": "เงินปัจจุบัน: {0}g",
  "Inventory_TotalEarnings": "รายรับทั้งหมด: {0}g",
  "Inventory_CurrentFunds_Separate": "เงินของคุณ: {0}g",
  "Inventory_TotalEarnings_Separate": "รายรับของฟาร์ม: {0}g",
  "ItemGrab_Organize": "จัดระเบียบ",
  "ShippingBin_LastItem": "ของที่ส่งขายชิ้นล่าสุด",
  "JojaCDMenu_Hover0": "ซ่อมแซมรถบัส ที่ไปยังทะเลทรายคาลิโก้",
  "JojaCDMenu_Hover1": "ซ่อมแซมระบบรถราง ในเหมืองที่เชื่อมระหว่างจุดรอรถบัส ภูเขา และเมืองเพลิแกน",
  "JojaCDMenu_Hover2": "ซ่อมแซมสะพานที่ชำรุดบนภูเขา",
  "JojaCDMenu_Hover3": "ซ่อมแซมซากปรักหักพัง ในฟาร์มให้กลายเป็นเรือนกระจก",
  "JojaCDMenu_Hover4": "กำจัดหินระยิบระยับขนาดใหญ่ ใกล้ทางเข้าเหมือง",
  "JunimoNote_BundleName": "บันเดิ้ล {0}",
  "JunimoNote_RewardBoiler": "รางวัล: ซ่อมระบบรถรางในเหมือง",
  "JunimoNote_RewardBulletin": "รางวัล: ค่ามิตรภาพ <",
  "JunimoNote_RewardCrafts": "รางวัล: ซ่อมสะพาน",
  "JunimoNote_RewardPantry": "รางวัล: เรือนกระจก",
  "JunimoNote_RewardVault": "รางวัล: ซ่อมรถบัส",
  "JunimoNote_RewardFishTank": "รางวัล: กำจัดหินระยิบระยับก้อนใหญ่",
  "JunimoNote_MustBeAtCC": "ต้องนำไปส่งที่ศูนย์ชุมชน",
  "JunimoNote_MustBeAtAJM": "ต้องนำไปส่งที่ร้านโจจ้าร้าง",
  "LetterViewer_MoneyIncluded": "มี $ {0}g แนบมาด้วย",
  "LetterViewer_LearnedRecipe": "สูตร{0}ใหม่:",
  "LetterViewer_LearnedRecipeName": "'{0}'",
  "LevelUp_Title": "{1} เลเวล {0}",
  "LevelUp_ExtraInfo_Farming1": "ความชำนาญการใช้บัวรดน้ำ +1",
  "LevelUp_ExtraInfo_Farming2": "ความชำนาญการใช้จอบ +1",
  "LevelUp_ExtraInfo_Mining": "ความชำนาญการใช้อีเต้อ +1",
  "LevelUp_ExtraInfo_Fishing": "ความชำนาญการใช้เบ็ดตกปลา +1",
  "LevelUp_ExtraInfo_Foraging1": "ความชำนาญการใช้ขวาน +1",
  "LevelUp_ExtraInfo_Foraging2": "มีเมล็ดหล่นจากต้นไม้เป็นบางครั้ง",
  "LevelUp_ExtraInfo_Foraging3": "ได้รับผลเบอร์รี่ป่า +1",
  "LevelUp_ExtraInfo_Combat": "+5 HP",
  "LevelUp_ExtraInfo_Luck": "โชคเพิ่มขึ้นแล้ว",
  "LevelUp_ProfessionName_Rancher": "คนเลี้ยงสัตว์\n(Rancher)",
  "LevelUp_ProfessionDescription_Rancher": "ผลิตภัณฑ์จากสัตว์มีราคามากขึ้น 20%",
  "LevelUp_ProfessionName_Tiller": "ชาวไร่\n(Tiller)",
  "LevelUp_ProfessionDescription_Tiller": "พืชผลมีราคาเพิ่มขึ้น 10%",
  "LevelUp_ProfessionName_Coopmaster": "คนดูแลเล้า\n(Coopmaster)",
  "LevelUp_ProfessionDescription_Coopmaster": "สนิทกับสัตว์เลี้ยงในเล้าเร็วขึ้น เวลาในการฟักไข่ ลดลงครึ่งหนึ่ง",
  "LevelUp_ProfessionName_Shepherd": "คนเลี้ยงแกะ\n(Shepherd)",
  "LevelUp_ProfessionDescription_Shepherd": "สนิทกับสัตว์ในคอกได้เร็วขึ้น แกะผลิตขนได้เร็วขึ้น",
  "LevelUp_ProfessionName_Artisan": "ช่างฝีมือ\n(Artisan)",
  "LevelUp_ProfessionDescription_Artisan": "สินค้าแปรรูป (ไวน์, ชีส, น้ำมัน, ฯลฯ) มีราคามากขึ้น 40%",
  "LevelUp_ProfessionName_Agriculturist": "เกษตรกร\n(Agriculturist)",
  "LevelUp_ProfessionDescription_Agriculturist": "พืชผลทุกชนิดโตเร็วขึ้น 10%",
  "LevelUp_ProfessionName_Fisher": "ชาวประมง\n(Fisher)",
  "LevelUp_ProfessionDescription_Fisher": "ปลามีราคาเพิ่มขึ้น 25%",
  "LevelUp_ProfessionName_Trapper": "นักวางกับดัก\n(Trapper)",
  "LevelUp_ProfessionDescription_Trapper": "ใช้ของในการประดิษฐ์ กับดักปูน้อยลง",
  "LevelUp_ProfessionName_Angler": "นักตกปลา\n(Angler)",
  "LevelUp_ProfessionDescription_Angler": "ปลามีราคาเพิ่มขึ้น 50%",
  "LevelUp_ProfessionName_Pirate": "โจรสลัด\n(Pirate)",
  "LevelUp_ProfessionDescription_Pirate": "โอกาสในการเจอหีบสมบัติ เพิ่มขึ้นเป็นสองเท่า",
  "LevelUp_ProfessionName_Mariner": "กะลาสี\n(Mariner)",
  "LevelUp_ProfessionDescription_Mariner": "ไม่เจอขยะในกับดักปู อีกเลย",
  "LevelUp_ProfessionName_Luremaster": "นักล่อมือฉมัง\n(Luremaster)",
  "LevelUp_ProfessionDescription_Luremaster": "กับดักปูไม่ต้อง ใช้เหยื่ออีกต่อไป",
  "LevelUp_ProfessionName_Forester": "ชาวป่า\n(Forester)",
  "LevelUp_ProfessionDescription_Forester": "ได้ไม้มากขึ้น 25% เมื่อตัดต้นไม้",
  "LevelUp_ProfessionName_Gatherer": "นักเก็บของป่า\n(Gatherer)",
  "LevelUp_ProfessionDescription_Gatherer": "มีโอกาสเก็บของป่า ได้จำนวนเป็นสองเท่า",
  "LevelUp_ProfessionName_Lumberjack": "นักตัดไม้\n(Lumberjack)",
  "LevelUp_ProfessionDescription_Lumberjack": "ต้นไม้ทุกต้น มีโอกาสให้ไม้เนื้อแข็ง",
  "LevelUp_ProfessionName_Tapper": "คนกรีดยาง\n(Tapper)",
  "LevelUp_ProfessionDescription_Tapper": "น้ำเชื่อม (Syrup) มีราคาเพิ่มขึ้น 25%",
  "LevelUp_ProfessionName_Botanist": "นักพฤกษศาสตร์\n(Botanist)",
  "LevelUp_ProfessionDescription_Botanist": "ของป่าที่เก็บได้ จะมีคุณภาพสูงสุดเสมอ",
  "LevelUp_ProfessionName_Tracker": "นักแกะรอย\n(Tracker)",
  "LevelUp_ProfessionDescription_Tracker": "เห็นตำแหน่งของของป่า",
  "LevelUp_ProfessionName_Miner": "นักขุดแร่\n(Miner)",
  "LevelUp_ProfessionDescription_Miner": "มีโอกาสได้แร่เพิ่มขึ้น +1",
  "LevelUp_ProfessionName_Geologist": "นักธรณีวิทยา\n(Geologist)",
  "LevelUp_ProfessionDescription_Geologist": "มีโอกาสได้อัญมณี 2 ชิ้นจากหินก้อนเดียว",
  "LevelUp_ProfessionName_Blacksmith": "ช่างตีเหล็ก\n(Blacksmith)",
  "LevelUp_ProfessionDescription_Blacksmith": "แท่งโลหะมีราคาเพิ่มขึ้น 50%",
  "LevelUp_ProfessionName_Prospector": "นักสำรวจแร่\n(Prospector)",
  "LevelUp_ProfessionDescription_Prospector": "โอกาสในการเจอถ่านหิน (Coal) เพิ่มขึ้นเป็นสองเท่า",
  "LevelUp_ProfessionName_Excavator": "นักสกัดแร่\n(Excavator)",
  "LevelUp_ProfessionDescription_Excavator": "โอกาสในการเจอผลึก (Geode) เพิ่มขึ้นเป็นสองเท่า",
  "LevelUp_ProfessionName_Gemologist": "นักอัญมณีศาสตร์\n(Gemologist)",
  "LevelUp_ProfessionDescription_Gemologist": "อัญมณีมีค่ามากขึ้น 30%",
  "LevelUp_ProfessionName_Fighter": "นักสู้\n(Fighter)",
  "LevelUp_ProfessionDescription_Fighter": "ทุกการโจมตีแรงขึ้น 10%",
  "LevelUp_ProfessionName_Scout": "นักสอดแนม\n(Scout)",
  "LevelUp_ProfessionDescription_Scout": "โอกาสโจมตีติด คริติคอลเพิ่มขึ้น 50%",
  "LevelUp_ProfessionName_Brute": "นักเลง\n(Brute)",
  "LevelUp_ProfessionDescription_Brute": "โจมตีแรงขึ้น 15%",
  "LevelUp_ProfessionName_Defender": "ผู้พิทักษ์\n(Defender)",
  "LevelUp_ProfessionDescription_Defender": "+25 HP",
  "LevelUp_ProfessionName_Acrobat": "นักกายกรรม\n(Acrobat)",
  "LevelUp_ProfessionDescription_Acrobat": "เวลาคูลดาวน์ของ ท่าพิเศษลดลงครึ่งหนึ่ง",
  "LevelUp_ProfessionName_Desperado": "อาชญากร\n(Desperado)",
  "LevelUp_ProfessionDescription_Desperado": "ถ้าโจมตีติดคริติคอลศัตรูจะตาย",
  "LevelUp_ChooseProfession": "เลือกอาชีพที่ต้องการ:",
  "LevelUp_NewRecipe": "สูตร{0}ใหม่: {1}",
  "LoadGameMenu_LookingForSavedGames": "กำลังหาเกมที่เซฟไว้...",
  "LoadGameMenu_Deleting": "กำลังลบ...",
  "TitleMenu_PressAToStart": "กด @ เพื่อเริ่มเกม",
  "TooManyFarmsMenu_TooManyFarms": "คุณมีฟาร์มมากเท่าที่จะมีได้แล้ว",
  "UserSignoutMenu_SignInChange": "มีการเปลี่ยนแปลงในการลงชื่อเข้าใช้ โปรดลงชื่อเข้าใช้ใหม่ หรือกลับไปยังหน้าหลัก",
  "UserSignoutMenu_Returning": "กำลังกลับไปยังหน้าหลัก",
  "UserSignoutMenu_SignIn": "ลงชื่อเข้าใช้",
  "UserSignoutMenu_Exit": "ออก",
  "StartupMessage_FirstRun": "",
  "ControllerConnectMenu_PleaseReconnect": "โปรดเชื่อมต่อคอนโทรลเลอร์ ของคุณอีกครั้งเพื่อเล่นต่อ",
  "ControllerConnectMenu_PleaseReconnect.ps4": "โปรดเชื่อมต่อคอนโทรลเลอร์ ของคุณอีกครั้งเพื่อเล่นต่อ",
  "Options_StowingMode": "กำลังย้ายไอเทม",
  "Options_StowingMode_Off": "ปิด",
  "Options_StowingMode_GamepadOnly": "Gamepad เท่านั้น",
  "Options_StowingMode_On": "เปิด",
  "Options_ShowAdvancedCraftingInformation": "แสดงข้อมูลการประดิษฐ์อย่างละเอียด",
  "Crafting_NumberCrafted": "จำนวนสิ่งประดิษฐ์: {0}",
  "Options_GamepadStyleMenus": "ใช้เมนูในรูปแบบคอนโทรลเลอร์",
  "Options_GamepadStyleMenus.ps4": "ใช้เมนูในรูปแบบคอนโทรลเลอร์",
  "GameMenu_ServerInvite": "ชวนเพื่อน...",
  "GameMenu_ServerMode": "โหมดเซิร์ฟเวอร์",
  "GameMenu_ServerMode_Offline": "ออฟไลน์",
  "GameMenu_ServerMode_Online": "ออนไลน์",
  "GameMenu_ServerMode_FriendsOnly": "เพื่อนเท่านั้น",
  "GameMenu_ServerMode_InviteOnly": "เชิญเท่านั้น",
  "CoopMenu_EnterIP": "ใส่ IP...",
  "CoopMenu_Join": "เข้าร่วม",
  "CoopMenu_Host": "เจ้าบ้าน",
  "CoopMenu_JoinLANGame": "เข้าร่วมเกมผ่าน LAN ...",
  "CoopMenu_EnterInviteCode": "ใส่รหัสเชิญ...",
  "CoopMenu_HostNewFarm": "สร้างฟาร์มใหม่...",
  "CoopMenu_NoInvites": "ไม่มีคำเชิญ",
  "CoopMenu_Failed": "การเชื่อมต่อล้มเหลว",
  "CoopMenu_FailedProtocolVersion": "การเชื่อมต่อล้มเหลว (เวอร์ชันไม่เข้ากัน)",
  "CoopMenu_Connecting": "กำลังเชื่อมต่อ...",
  "CoopMenu_ConnectingOnlineServices": "กำลังเชื่อมต่อไปยังบริการออนไลน์",
  "CoopMenu_NoSlots": "ไม่มีบ้านว่าง",
  "CoopMenu_NewFarmhand": "ชาวไร่หน้าใหม่",
  "CoopMenu_HostFile": "ฟาร์ม {1}",
  "CoopMenu_RevisitFriendFarm": "เข้าร่วมฟาร์ม {0} อีกครั้ง",
  "CoopMenu_JoinFriendFarm": "เข้าร่วมฟาร์ม {0}",
  "CoopMenu_Refresh": "โหลดใหม่",
  "OptionsPage_MultiplayerSection": "ผู้เล่นหลายคน",
  "OptionsPage_IPConnections": "ตอบรับการเชื่อมต่อ IP",
  "OptionsPage_FarmhandCreation": "ให้สร้างตัวละครใหม่ได้",
  "OptionsPage_ShowInviteCode": "แสดงรหัสเชิญ",
  "OptionsPage_ShowReadyStatus": "แสดงรายการสถานะ ของผู้เล่นในคืนที่ผ่านมา",
  "OptionsPage_ScreenshotHeader": "จับภาพหน้าจอ",
  "Client_RemotelyDisconnected": "เซิร์ฟเวอร์ได้ปิดการเชื่อมต่อ",
  "Carpenter_CantDemolish_FarmhandOnline": "ไม่สามารถรื้อถอนในขณะที่ ยังมีคนออนไลน์อยู่ในบ้านนี้",
  "Carpenter_DemolishCabinConfirm": "นี่จะเป็นการเอา {0} ออกจากเกมอย่างถาวร คุณแน่ใจหรือไม่ ว่าอยากรื้อถอนกระท่อมหลังนี้?",
  "Client_WaitForHostAvailability": "กำลังรอให้อีเวนต์ของเจ้าบ้านจบ...",
  "Client_WaitForHostLoad": "กำลังรอให้เจ้าบ้านตั้งค่าเสร็จ...",
  "Chat_UnknownUserName": "???",
  "Chat_PlayerName": "{0} ({1})",
  "Chat_ChatMessageFormat": "{0}: {1}",
  "Chat_ErrorMessageFormat": "[Error] {0}",
  "Chat_PrivateMessageFormat": "{0} [Private]: {1}",
  "Chat_NoPlayerWithThatName": "ไม่มีผู้เล่นที่ออนไลน์ คนไหนใช้ชื่อนั้น",
  "Chat_NoPlayerToReplyTo": "ไม่มีผู้เล่นให้ตอบ",
  "Chat_CouldNotReply": "ส่งคำตอบไม่ได้",
  "Chat_UnbannedPlayer": "เลิกแบน {0}",
  "Chat_UnbannedAllPlayers": "ยกเลิกการแบนผู้เล่น ที่ถูกแบนไว้ทั้งหมดแล้ว",
  "Chat_BannedPlayer": "แบน {0}",
  "Chat_BannedPlayerFailed": "การแบนผู้เล่นล้มเหลว",
  "Chat_BannedPlayersList": "ผู้เล่นที่แบนไว้:",
  "Chat_BannedPlayersList_None": "ไม่มีผู้เล่นที่ถูกแบน",
  "Chat_UnbanPlayer_NotFound": "ไม่สามารถหาผู้เล่นที่ถูกแบนที่มีชื่อ หรือไอดีดังกล่าว",
  "Chat_UserNotificationMessageFormat": "> {0}",
  "Chat_PlayerJoined": "{0} ได้เข้าร่วมแล้ว",
  "Chat_PlayerJoinedNewName": "ตัวละครไร้ชื่อ",
  "Chat_PlayerDeath": "{0} ถูกทำให้หมดสติ",
  "Chat_CaughtLegendaryFish": "{0} จับปลา '{1}' ในตำนานได้",
  "Chat_TrashCan": "{1} จับ {0} ขณะกำลังคุ้ยขยะได้...",
  "Chat_LinusTrashCan": "ลีนัสเป็นปลื้ม!",
  "Chat_Bundle": "บันเดิ้ลครบแล้ว!",
  "Chat_Stardrop": "{0} ได้ค้นพบสตาร์ดรอป",
  "Chat_HorseNamed": "{0} ตั้งชื่อม้าว่า {1}",
  "Chat_PrairieKing": "{0} เอาชนะ ราชาแห่งทุ่งหญ้าผจญภัย ได้แล้ว",
  "Chat_JunimoKart": "{0} เอาชนะ จูนิโม่ คาร์ต ได้แล้ว",
  "Chat_Dating": "{0} กำลังเดตกับ {1}",
  "Chat_BreakUp": "{0} เลิกกับ {1} แล้ว",
  "Chat_Engaged": "{0} ได้หมั้นกับ {1}",
  "Chat_MuseumComplete": "ฟาร์ม {0} รวบรวมของสะสมในพิพิธภัณฑ์ครบแล้ว",
  "Chat_Museum40": "ฟาร์ม {0} ได้บริจาคให้พิพิธภัณฑ์ 40 ชิ้น",
  "Chat_donation": "{0} ได้บริจาค '{1}' ให้กับพิพิธภัณฑ์",
  "Chat_Walked10k": "{0} ได้เดินมาทั้งหมด 10,000 ก้าว",
  "Chat_Walked100k": "{0} ได้เดินมาทั้งหมด 100,000 ก้าว",
  "Chat_Walked1m": "{0} ได้เดินมาทั้งหมด 1,000,000 ก้าว",
  "Chat_Walked10m": "{0} ได้เดินมาทั้งหมด 10,000,000 ก้าว",
  "Chat_Divorce": "{0} ได้ยื่นเรื่องขอหย่า",
  "Chat_BackpackLarge": "{0} ได้ซื้อเป้ใบใหญ่",
  "Chat_BackpackDeluxe": "{0} ได้ซื้อเป้รุ่นดีลักซ์",
  "Chat_Makeover": "{0} ได้รับการเสกโฉมใหม่",
  "Chat_Makeover_Pet": "{0} กับ {1} ได้รับการเสกโฉมใหม่",
  "Chat_DivorceCancel": "{0} ได้ยกเลิกการขอหย่า",
  "Chat_GoneToBedEarly0": "{0} ขอตัวสำหรับคืนนี้ก่อน",
  "Chat_GoneToBedEarly1": "{0} จะนอนเร็วคืนนี้",
  "Chat_GoneToBedEarly2": "{0} เข้านอนเร็วคืนนี้",
  "Chat_GoneToBed0": "{0} เข้านอนแล้ว",
  "Chat_GoneToBed1": "{0} จมกองผ้าห่มไปแล้ว",
  "Chat_GoneToBed2": "{0} สลบเหมือดไปแล้ว",
  "Chat_GoneToBedLate0": "{0} มาถึงเตียงทันเวลา!",
  "Chat_GoneToBedLate1": "{0} มาถึงเตียงครบสามสิบสอง!",
  "Chat_GoneToBedLate2": "โล่งไป! {0} มาถึงเตียงทันเวลา!",
  "Chat_PassedOut0": "{0} เป็นลมไปแล้ว!",
  "Chat_PassedOut1": "{0} มาไม่ทันเข้านอน...",
  "Chat_PassedOut2": "{0} อยู่ดึกเกินไป...",
  "Chat_Baby": "{0} และ {1} ต้อนรับ {2} เข้าสู่ครอบครัว! พวกเขาตั้งชื่อ {3} {4}",
  "Chat_EvilShrine": "{0} ไปเยี่ยมชมสุสานปีศาจมา...",
  "Chat_MonstersActivated": "{0} ได้ปลดผนึกคาถาป้องกันฟาร์มออกแล้ว ระวังตัวให้ดี!",
  "Chat_MonstersDeActivated": "{0} ได้ร่ายคาถาป้องกันฟาร์มคืนแล้ว",
  "Chat_SleepAnnounceModeSet": "โหมดเตือนเวลาเข้านอนตอนนี้: {0}",
  "SleepAnnounceMode_All": "ทั้งหมด",
  "SleepAnnounceMode_First": "คืนแรก",
  "SleepAnnounceMode_Off": "ปิด",
  "Chat_LostBook": "{0} ค้นพบหนังสือที่สูญหาย!",
  "Chat_MovieInviteAccept": "{0} ได้ชวน {1} ไปดูหนัง!",
  "Chat_MovieInviteReject": "{1} ได้ปฏิเสธคำชวนไปดูหนังของ {0}...",
  "Chat_MovieStart": "ภาพยนตร์เรื่อง '{0}' กำลังจะเริ่มฉายแล้ว!",
  "Chat_MovieEnd": "ภาพยนตร์ '{0}' จบลงแล้ว",
  "Chat_Earned15k": "ฟาร์ม {0} ทำเงินไปแล้ว 15,000g",
  "Chat_Earned50k": "ฟาร์ม {0} ทำเงินไปแล้ว 50,000g",
  "Chat_Earned250k": "ฟาร์ม {0} ทำเงินไปแล้ว 250,000g",
  "Chat_Earned1m": "ฟาร์ม {0} ทำเงินไปแล้ว 1,000,000g",
  "Chat_Earned10m": "ฟาร์ม {0} ทำเงินไปแล้ว 10,000,000g",
  "Chat_Earned100m": "ฟาร์ม {0} ทำเงินไปแล้ว 100,000,000g",
  "Chat_GalaxySword": "{0} ค้นพบดาบกาแล็กซี",
  "Chat_Achievement": "{0} ได้รับความสำเร็จ '{1}'",
  "Chat_Jackpot": "{0} ได้แจ็คพ็อตของกงล้อคาลิโก้",
  "Chat_Slingshot_Hit": "{0} ปา {1} ด้วย {2}!",
  "Chat_Caught_Snooping": "{0} ถูกจับได้ว่ากำลังรื้อค้นของส่วนตัวของ {1}!",
  "Chat_PlayerLeft": "{0} ออกไปแล้ว",
  "Chat_Qi1": "Mr. Qi: ไง เจ้าหนู ใช่สิ ฉันอยู่นี่ เธอคิดไว้ว่าอะไรล่ะ?",
  "Chat_Qi2": "Mr. Qi: เฮ้... จงทำดีต่อไป อย่าหยุดทะเยอทะยาน เพื่อความสำเร็จล่ะ!      ฉันจะเจอเธอเร็วๆ นี้ เด็กน้อย...",
  "Chat_Qi3": "Mr. Qi ไม่อยู่",
  "Chat_ConcernedApe": "ConcernedApe: สวัสดี ฉันหวังว่าคุณกำลังสนุกสนาน กับชีวิตใหม่ที่นี่นะ ดูแลตัวเองดีๆ ล่ะ! [126]",
  "Chat_ConcernedApe2": "ConcernedApe กำลังปั่นงาน...",
  "Chat_ConcernedApeNiceTry": "ConcernedApe: มีความพยายาม แต่ก็ยังอ่อนหัด...",
  "Chat_UserList": "ผู้เล่นที่อยู่ตอนนี้:",
  "Chat_UserListUser": " - {0}",
  "Chat_Help": "คำสั่งที่รองรับ:",
  "Chat_HelpList": " - {0}: ไล่รายชื่อผู้เล่นที่ออนไลน์อยู่",
  "Chat_HelpClear": " - {0}: ล้างประวัติการสนทนา",
  "Chat_HelpColor": " - {0} [color]: ตั้งค่าสีเริ่มต้นของคุณ",
  "Chat_HelpColorList": " - {0}: แสดงสีที่เลือกได้",
  "Chat_HelpPause": " - {0}: หยุดเกมชั่วคราวสำหรับผู้เล่นทุกคน",
  "Chat_HelpResume": " - {0}: เล่นเกมต่อจากที่หยุดไว้",
  "Chat_HelpMessage": " - {0} [farmer name]: ส่งข้อความส่วนตัวให้ผู้เล่น",
  "Chat_HelpReply": " - {0}: ตอบข้อความส่วนตัว",
  "Chat_HelpKick": " - {0} [farmer name/user id]: ตัดการเชื่อมต่อของผู้เล่น",
  "Chat_HelpBan": " - {0} [farmer name/user id]: แบนผู้เล่นจากฟาร์มนี้",
  "Chat_HelpUnban": " - {0} [farmer name/user id]: เลิกแบนผู้เล่นจากฟาร์มนี้",
  "Chat_HostOnlyCommand": "เจ้าบ้านเท่านั้นที่สามารถใช้คำสั่งนี้ได้",
  "Chat_Paused": "เจ้าบ้านได้หยุดเกมไว้ชั่วคราว",
  "Chat_Resumed": "เจ้าบ้านเล่นเกมต่อแล้ว",
  "Chat_SelfPlayerID": "ตัวคุณ",
  "SocialPage_MarriedToOtherPlayer_FemaleNPC": "(แต่งงานแล้ว)",
  "SocialPage_MarriedToOtherPlayer_MaleNPC": "(แต่งงานแล้ว)",
  "ReadyCheck": "กำลังรอผู้เล่นคนอื่นๆ... ({0}/{1})",
  "PendingProposal": "กำลังรอผู้เล่นอีกคน...",
  "GiftPlayerItem_Male": "เสนอ {0} ของคุณให้ {1}?",
  "GiftPlayerItem_Female": "เสนอ {0} ของคุณให้ {1}?",
  "GiftPlayerItem_NoInventorySpace_Male": "{0} ไม่มีที่ว่างสำหรับไอเทมนี้",
  "GiftPlayerItem_NoInventorySpace_Female": "{0} ไม่มีที่ว่างสำหรับไอเทมนี้",
  "Proposal_PlayerBusy_Male": "{0} รับคำขอของคุณตอนนี้ไม่ได้ อีกสักครู่ลองใหม่นะ",
  "Proposal_PlayerBusy_Female": "{0} รับคำขอของคุณตอนนี้ไม่ได้ อีกสักครู่ลองใหม่นะ",
  "AskedToDance_Male": "{0} ได้ขอให้คุณเต้นรำกับเขา คุณจะเต้นรำกับ {0} ไหม?",
  "AskedToDance_Female": "{0} ได้ขอให้คุณเต้นรำกับเธอ คุณจะเต้นรำกับ {0} ไหม?",
  "AskedToMarry_Male": "{0} ได้ขอให้คุณแต่งงานกับเขา! คุณจะตอบรับคำขอแต่งงาน ของเขาไหม?",
  "AskedToMarry_Female": "{0} ได้ขอให้คุณแต่งงานกับเธอ! คุณจะตอบรับคำขอแต่งงาน ของเธอไหม?",
  "AskedToHaveBaby_Male": "{0} ได้ขอให้คุณมีลูกกับเขา! คุณอยากมีลูกหรือไม่?",
  "AskedToHaveBaby_Female": "{0} ได้ขอให้คุณมีลูกกับเธอ! คุณอยากมีลูกหรือไม่?",
  "AskedToAdoptBaby_Male": "{0} ได้ขอให้คุณรับเลี้ยงลูกบุญธรรมกับเขา! คุณอยากมีลูกหรือไม่?",
  "AskedToAdoptBaby_Female": "{0} ได้ขอให้คุณรับเลี้ยงลูกบุญธรรมกับเธอ! คุณอยากมีลูกหรือไม่?",
  "AskedToDance_Accepted_Male": "{0} ตอบตกลงที่จะเต้นรำกับคุณ!",
  "AskedToDance_Accepted_Female": "{0} ตอบตกลงที่จะเต้นรำกับคุณ!",
  "AskedToMarry_Accepted_Male": "{0} ตอบตกลงที่จะแต่งงานกับคุณ! ^พิธีแต่งงานจะจัดขึ้นใน 3 วัน",
  "AskedToMarry_Accepted_Female": "{0} ตอบตกลงที่จะแต่งงานกับคุณ! ^พิธีแต่งงานจะจัดขึ้นใน 3 วัน",
  "AskedToHaveBaby_Accepted_Male": "{0} ตกลงที่จะมีลูกกับคุณ! กำหนดคลอดคืออีก 14 วัน",
  "AskedToHaveBaby_Accepted_Female": "{0} ตกลงที่จะมีลูกกับคุณ! กำหนดคลอดคืออีก 14 วัน",
  "AskedToHaveBaby_Rejected_Male": "{0} ได้ตัดสินใจว่าเขายังไม่พร้อมจะมีลูกในเวลานี้",
  "AskedToHaveBaby_Rejected_Female": "{0} ได้ตัดสินใจว่าเธอยังไม่พร้อมจะมีลูกในเวลานี้",
  "AskedToAdoptBaby_Accepted_Male": "{0} ได้ตกลงที่จะรับเลี้ยง ลูกบุญธรรมกับคุณ! เอกสารทั้งหมด กรอกเรียบร้อยแล้ว ลูกจะมาถึงในอีก 14 วัน",
  "AskedToAdoptBaby_Accepted_Female": "{0} ได้ตกลงที่จะรับเลี้ยง ลูกบุญธรรมกับคุณ! เอกสารทั้งหมด กรอกเรียบร้อยแล้ว ลูกจะมาถึงในอีก 14 วัน",
  "AskedToAdoptBaby_Rejected_Male": "{0} ได้ตัดสินใจว่าเขายัง ไม่รับเลี้ยงลูกบุญธรรม ในตอนนี้จะดีกว่า",
  "AskedToAdoptBaby_Rejected_Female": "{0} ได้ตัดสินใจว่าเธอยัง ไม่รับเลี้ยงลูกบุญธรรม ในตอนนี้จะดีกว่า",
  "AskedToMarry_NotSingle_Male": "{0} ไม่โสด!",
  "AskedToMarry_NotSingle_Female": "{0} ไม่โสด!",
  "AskedToDance_Rejected_Male": "{0} ปฏิเสธคำขอเต้นรำของคุณ",
  "AskedToDance_Rejected_Female": "{0} ปฏิเสธคำขอเต้นรำของคุณ",
  "AskedToMarry_Rejected_Male": "{0} ปฏิเสธคำขอแต่งงานของคุณ",
  "AskedToMarry_Rejected_Female": "{0} ปฏิเสธคำขอแต่งงานของคุณ",
  "GivenGift_Male": "{0} อยากให้ {1} ของเขากับคุณ คุณจะรับไว้ไหม?",
  "GivenGift_Female": "{0} อยากให้ {1} ของเธอกับคุณ คุณจะรับไว้ไหม?",
  "AskToDance_Male": "ขอให้ {0} เต้นรำกับคุณ?",
  "AskToDance_Female": "ขอให้ {0} เต้นรำกับคุณ?",
  "AskToMarry_Male": "ขอให้ {0} แต่งงานกับคุณ?",
  "AskToMarry_Female": "ขอให้ {0} แต่งงานกับคุณ?",
  "PlayerWeddingArranged": "พิธีแต่งงานจะจัดขึ้นใน 3 วัน",
  "Server_InviteCode": "รหัสเชิญ: {0}",
  "Server_InviteCode_Copied": "คัดลอกไปยังคลิปบอร์ดแล้ว",
  "Server_InviteCode_CopyFailed": "คัดลอกไปยังคลิปบอร์ดไม่ได้",
  "ProposalWithdrawn": "{0} ยกเลิกคำขอ",
  "PendingProposal_Canceling": "กำลังยกเลิกคำขอ...",
  "CoopMenu_InternetCommunication": "การสื่อสารบนโลกออนไลน์",
  "CoopMenu_LocalCommunication": "การสื่อสารในบริเวณใกล้เคียง",
  "TrashCanSale": "ขอคืน",
  "ItemList_ItemsLost": "ไอเทมที่สูญหาย:",
  "ItemList_ItemsLostValue": "มูลค่าทั้งหมด: {0}g",
  "Collections_Letters": "จดหมายต่างๆ",
  "FruitTree_Warning": "ต้น {0} ของคุณไม่สามารถ โตได้เมื่อคืนนี้",
  "Workbench_Chest_Warning": "หนึ่งในกล่องใกล้ๆ โต๊ะทำงานถูกใช้งานอยู่",
  "Profile_GiftLog": "บันทึกของขวัญ",
  "Profile_GiftLog_NoGiftsGiven": "คุณไม่เคยให้ ของขวัญประเภทนี้",
  "Profile_Status": "สถานะ",
  "Profile_Birthday": "วันเกิด",
  "Profile_Gift_Loved": "ของโปรด",
  "Profile_Gift_Liked": "ของที่ชอบ",
  "Profile_Gift_Neutral": "ของที่เฉยๆ",
  "Profile_Gift_Disliked": "ของที่ไม่ชอบ",
  "Profile_Gift_Hated": "ของที่เกลียด",
  "Profile_Gift_Category_LikedGifts": "ของโปรดของ {0}",
  "Profile_Gift_Category_FruitsAndVegetables": "ผักและผลไม้",
  "Profile_Gift_Category_AnimalProduce": "ผลิตภัณฑ์จากสัตว์",
  "Profile_Gift_Category_ArtisanItems": "ของแปรรูป",
  "Profile_Gift_Category_CookedItems": "อาหารที่ปรุง",
  "Profile_Gift_Category_ForagedItems": "ดอกไม้และของป่า",
  "Profile_Gift_Category_Fish": "ปลา",
  "Profile_Gift_Category_Ingredients": "ส่วนประกอบ",
  "Profile_Gift_Category_MineralsAndGems": "โลหะ แร่ และอัญมณี",
  "Profile_Gift_Category_Misc": "อื่นๆ",
  "Mini_JukeBox_Off": "ปิด",
  "Mini_JukeBox_NotFarmPlay": "ตู้เพลงจิ๋ว เล่นได้ในฟาร์มของคุณเท่านั้น!",
  "Mini_JukeBox_OutdoorRainy": "ตู้เพลงจิ๋ว เล่นท่ามกลางสายฝนไม่ได้!",
  "Tailor_MissingIngredients": "วางเสื้อผ้า หรือผ้าที่ย้อมได้บนฐาน และใส่วัตถุดิบในกระสวย เพื่อเริ่มตัดเย็บ",
  "Tailor_Busy": "กำลังตัดเย็บ...",
  "Tailor_Valid": "กดปุ่มเปิดเครื่องเพื่อเริ่มตัดเย็บ!",
  "Tailor_InvalidRecipe": "วัตถุดิบตอนนี้ ไม่สามารถใช้ตัดเย็บได้!",
  "Tailor_NotDyeable": "เสื้อผ้าที่วางไว้บนฐาน ไม่สามารถย้อมได้!",
  "Tailor_MakeResult": "คุณจะทำ:",
  "Tailor_MakeResultUnknown": "???",
  "Tailor_Feed": "ฐาน",
  "Tailor_Spool": "กระสวย",
  "Clothes_Dyeable": "ย้อมได้",
  "DyePot_Help": "ใส่ไอเทมของแต่ละสี ในถังสีย้อมเพื่อย้อมเสื้อผ้า ที่ย้อมได้ชิ้นใดก็ได้ ที่คุณใส่อยู่",
  "DyePot_CanDye": "กดปุ่ม ย้อม เพื่อย้อมสีเสื้อผ้าของคุณ!",
  "DyePot_WillDye": "จะย้อม:",
  "DyePot_NoDyeable": "คุณไม่ได้วางเสื้อผ้าที่ย้อมได้",
  "Input_EmoteButton": "หน้าต่างอีโมจิ",
  "Emote_Happy": "มีความสุข",
  "Emote_Sad": "ร้องไห้",
  "Emote_Heart": "รัก",
  "Emote_Exclamation": "ตกใจ",
  "Emote_Note": "ร้องเพลง",
  "Emote_Sleep": "นอนหลับ",
  "Emote_Game": "เล่นเกม",
  "Emote_Question": "สงสัย",
  "Emote_X": "X",
  "Emote_Pause": "หยุดคิด",
  "Emote_Blush": "หน้าแดง",
  "Emote_Angry": "โกรธ",
  "Emote_Yes": "ใช่",
  "Emote_No": "ไม่",
  "Emote_Sick": "ป่วย",
  "Emote_Laugh": "หัวเราะ",
  "Emote_Surprised": "ประหลาดใจ",
  "Emote_Hi": "หวัดดี!",
  "Emote_Taunt": "ยั่วโมโห",
  "Emote_Uh": "เอ่อ",
  "Emote_Music": "เล่นดนตรี",
  "Emote_Jar": "เปิด",
  "Chat_SeparatedWallets": "{0} ได้แยกกระเป๋ากันแล้ว ทุกคนได้คนละ {1}g",
  "Chat_MergedWallets": "{0} ได้รวมเงินของทุกคนไว้แล้ว",
  "Chat_SentMoney": "{0} ส่งเงิน {2}g ให้ {1}",
  "Chat_MergeWallets": "{0} เสนอให้ทุกคนรวมเงินกัน",
  "Chat_MergeWalletsCancel": "{0} ได้ยกเลิกการ รวมเงินของทุกคน ไว้ด้วยกัน",
  "Chat_SeparateWallets": "{0} เสนอให้ทุกคน แยกเงินกระเป๋าใครกระเป๋ามัน",
  "Chat_SeparateWalletsCancel": "{0} ได้ยกเลิกการแยกเงินกัน",
  "Chat_Gifted1mil": "{0} ได้ให้เงินคนอื่นไปแล้วรวม 1,000,000g ป๋ามาก!",
  "Chat_Gifted100k": "{0} ได้ให้เงินคนอื่นไปแล้วรวม 100,000g ไม่ธรรมดา!",
  "Chat_Gifted10k": "{0} ได้ให้เงินคนอื่นไปแล้วรวม 10,000g",
  "Chat_Gifted1k": "{0} ได้ให้เงินคุณไปแล้วรวม 1,000g",
  "Chat_Sent1g": "{0} ให้เงิน {1} 1g... แบ่งใช้บ้างก็ดีนะ!",
  "Chat_SoloEarned1mil_Male": "{0} ทำเงิน 1,000,000g ด้วยตัวเขาเอง",
  "Chat_SoloEarned100k_Male": "{0} ทำเงิน 100,000g ด้วยตัวเขาเอง",
  "Chat_SoloEarned10k_Male": "{0} ทำเงิน 10,000g ด้วยตัวเขาเอง",
  "Chat_SoloEarned1k_Male": "{0} ทำเงิน 1,000g ด้วยตัวเขาเอง",
  "Chat_SoloEarned1mil_Female": "{0} ทำเงิน 1,000,000g ด้วยตัวเธอเอง",
  "Chat_SoloEarned100k_Female": "{0} ทำเงิน 100,000g ด้วยตัวเธอเอง",
  "Chat_SoloEarned10k_Female": "{0} ทำเงิน 10,000g ด้วยตัวเธอเอง",
  "Chat_SoloEarned1k_Female": "{0} ทำเงิน 1,000g ด้วยตัวเธอเอง",
  "Chat_BundleDonate": "{0} บริจาค '{1}' เข้าบันเดิ้ล",
  "Chat_MonsterSlayer0": "{0} เพิ่งบรรลุเป้าหมาย กำจัดมอนสเตอร์ ให้สิ้นซากด้วยการสังหาร {1}",
  "Chat_MonsterSlayer1": "{0} เพิ่งสังหาร {1} และมาร์ลอนพึงพอใจมาก",
  "Chat_MonsterSlayer2": "ด้วยการสังหาร {1} ของ {0} หุบเขาจึงยังปลอดภัย",
  "Chat_MonsterSlayer3": "{0} ลดจำนวนของ {1} ในท้องที่ และทุกคนเลยรู้สึกปลอดภัย ขึ้นมานิดนึง!",
  "Chat_IridiumToolUpgrade": "{0} ได้รับ {1}",
  "Chat_LuauSoup": "{0} ใส่ '{1}' ลงไปในหม้อซุป",
  "Chat_JunimoKartHighScore": "{0} เพิ่งทุบสถิติ 'คะแนนสูงสุด' ในจูนิโม่คาร์ต!",
  "Junimo_Kart_Level_0": "ถ้ำถล่ม",
  "Junimo_Kart_Level_1": "ลาดลื่น",
  "Junimo_Kart_Level_4": "พลิกชี้ฟ้า",
  "Junimo_Kart_Level_2": "เจ้าอสูรแห่งทะเลอัญมณี",
  "Junimo_Kart_Level_3": "สำเภาสยอง",
  "Junimo_Kart_Level_5": "กระทืบกระจาย",
  "Junimo_Kart_Level_6": "ลู่ลับฟ้า",
  "Junimo_Kart_Level_8": "???",
  "Junimo_Kart_Level_9": "คูหาเห็ดหลอน",
  "NPC_Busy": "{0} กำลังยุ่งอยู่...",
  "PondQuery_Name": "บ่อเลี้ยง {0}",
  "PondQuery_EmptyPond": "บ่อว่างเปล่า",
  "PondQuery_ConfirmEmpty": "คุณแน่ใจหรือ ว่าจะเอาปลาทั้งหมดออก และคืนบ่อให้กลับไปเป็นสภาพเริ่มแรก?",
  "PondQuery_ChangeNetting": "เปลี่ยนรูปลักษณ์",
  "PondQuery_Population": "ประชากร: {0}/{1}",
  "PondQuery_StatusNoFish": "บ่อนี้มันว่างเปล่า...",
  "PondQuery_StatusOk0": "\"พวกเรามีความสุขดี!\"",
  "PondQuery_StatusOk1": "\"ไม่มีอะไรจะบ่นเลย!\"",
  "PondQuery_StatusOk2": "\"ทุกอย่างโอเค!\"",
  "PondQuery_StatusOk3": "\"พวกเรารู้สึกดีทีเดียว!\"",
  "PondQuery_StatusOk4": "\"พวกเรารู้สึกฟิตปั๋ง!\"",
  "PondQuery_StatusOk5": "พวกปลาดูมีความสุข",
  "PondQuery_StatusOk6": "พวกปลาดูเติบโตดี",
  "PondQuery_StatusOk_Coral": "{0} ดูไปได้ดี",
  "PondQuery_StatusRequest_Bring": "ต้องการไอเทม",
  "PondQuery_StatusRequestPending0": "\"รู้ไหม {0} คงทำให้แถวนี้มีชีวิตชีวาขึ้น!\"",
  "PondQuery_StatusRequestPending1": "\"จะไม่รบกวนเธอใช่ไหม... ช่วยเอา {0} มาให้พวกเราหน่อยได้ไหม?\"",
  "PondQuery_StatusRequestPending2": "\"พวกเราคงสบายใจขึ้นถ้ามี {0} ในนี้\"",
  "PondQuery_StatusRequestPending3": "\"มีเรื่องจะรบกวนล่ะ... ช่วยเอา {0} มาให้พวกเราได้ไหม??\"",
  "PondQuery_StatusRequestPending4": "\"พวกเราสบายดี แต่คงดีขึ้นอีกถ้ามี {0}...\"",
  "PondQuery_StatusRequestPending5": "\"ขอโทษนะ... พวกเราอยากได้ {0}\"",
  "PondQuery_StatusRequestPending6": "\"พวกเราคงรู้สึกเหมือน ที่นี่เป็นบ้านมากขึ้นถ้ามี {0}...\"",
  "PondQuery_StatusRequestPending_Rude0_Male": "\"ไง เจ้าทึ่ม คิดว่าเอา {0} ให้พวกเราได้เปล่า?\"",
  "PondQuery_StatusRequestPending_Rude1_Male": "\"เฮ้ย... คนใช้! เอา {0} ให้เราหน่อยสิ?\"",
  "PondQuery_StatusRequestPending_Rude2_Male": "\"นี่ๆ... สวัสดี เพื่อน... ช่วยส่ง {0} ลงมาให้พวกเราหน่อยได้ไหม?\"",
  "PondQuery_StatusRequestPending_Rude0_Female": "\"ไง คนพเนจร คิดว่าหา {0} ให้พวกเราหน่อยได้ไหม?\"",
  "PondQuery_StatusRequestPending_Rude1_Female": "\"ไง คนสวย... เธอมี {0} ให้พวกพี่บ้างเปล่า?\"",
  "PondQuery_StatusRequestPending_Rude2_Female": "\"นี่... แอบเอา {0} มาให้แบบลับๆ ได้มะ?\"",
  "PondQuery_StatusRequestPending_Demanding0": "\"{2}! {2}! เราต้องการ {0}...!\"",
  "PondQuery_StatusRequestPending_Demanding1": "\"เราอยากได้ {0}! เราอยากได้ {0}!\"",
  "PondQuery_StatusRequestPending_Demanding2": "\"{2} อยู่ไหน? พวกเราจะเอา {0}!\"",
  "PondQuery_StatusRequestPending_Stiff0": "\"พวกเราต้องการ {0}...\"",
  "PondQuery_StatusRequestPending_Stiff1": "\"{0} จะทำให้เรา สามารถเพิ่มประชากรได้\"",
  "PondQuery_StatusRequestPending_Stiff2": "\"พวกเราตัดสินใจแล้วว่าต้องการ {0}\"",
  "PondQuery_StatusRequestPending_Carnivore0": "\"เราหิว... ขอ {0} หน่อยได้เปล่า?\"",
  "PondQuery_StatusRequestPending_Carnivore1": "\"ช่วยหา {0} เป็นอาหารมื้อเย็น ให้พวกเราหน่อยได้ไหม?\"",
  "PondQuery_StatusRequestPending_Carnivore2": "\"พวกเราต้องการโปรตีน... {0} น่าจะได้นะ!\"",
  "PondQuery_StatusRequestComplete_Rude0": "\"เห เฮ่ เฮ้! พวกเราต้องเจรจากันหน่อยแล้ว\"",
  "PondQuery_StatusRequestComplete_Rude1": "\"อ้า... ของดีเลยนี่ ใจนะไอ้หนู\"",
  "PondQuery_StatusRequestComplete_Rude2": "\"ขอบคุณครับเจ้านาย!\"",
  "PondQuery_StatusRequestComplete_Stiff0": "\"อา... {0} ที่พวกเราขอไป\"",
  "PondQuery_StatusRequestComplete_Stiff1": "\"{0} นี่เป็นที่น่าพอใจ ตามที่เราต้องการ\"",
  "PondQuery_StatusRequestComplete_Stiff2": "ปลาดูพอใจกับ {0}",
  "PondQuery_StatusRequestComplete_Demanding0": "\"ขอบคุณ! ขอบคุณ!\"",
  "PondQuery_StatusRequestComplete_Demanding1": "\"{0}! {0}! {0}! เรามีความสุขจัง!\"",
  "PondQuery_StatusRequestComplete_Demanding2": "พวกปลามันว่ายวนเป็นวงกลมอยู่",
  "PondQuery_StatusRequestComplete_Carnivore0": "\"ดูเหมือน {0} จะเป็นรายการอาหารคืนนี้นะ!\"",
  "PondQuery_StatusRequestComplete_Carnivore1": "\"{0} สดๆ! ลาภปากละ...\"",
  "PondQuery_StatusRequestComplete_Carnivore2": "\"{0} นี่ดูน่าอร่อยจัง ขอบใจนะ!\"",
  "PondQuery_StatusRequestComplete0": "\"โอ้โห ขอบคุณสำหรับ {0} นะ!\"",
  "PondQuery_StatusRequestComplete1": "\"เฮ้ ดูสินี่มัน {0} อย่างที่พวกเราต้องการเลย!\"",
  "PondQuery_StatusRequestComplete2": "\"เฮ้! {0} นี่ดูดีทีเดียวละ!\"",
  "PondQuery_StatusRequestComplete3": "\"ขอบคุณนะ! {0} นี่จะทำให้พวกเราแข็งแรง\"",
  "PondQuery_StatusRequestComplete4": "\"อา {0}... นี่ทำให้พวกเรา รู้สึกเหมือนอยู่ที่บ้านจริงๆ\"",
  "PondQuery_StatusRequestComplete5": "\"ทุกคนดูนี่สิ... {0} สดๆล่ะ!\"",
  "PondQuery_StatusRequestComplete6": "เจ้าปลาดูมีความสุข",
  "PondQuery_StatusRequestOneCount": "บางส่วน",
  "AlreadyDatingBouquet": "คุณเดตกับ {0} อยู่แล้ว",
  "MovieStartRequest": "หนังกำลังจะเริ่มฉายแล้ว!",
  "MiniFridge_NoKitchen": "ตู้เย็นจิ๋ววางได้ในบ้านที่มีครัวเท่านั้น",
  "Kitchen_InUse": "ครัวถูกใช้อยู่ โปรดลองอีกครั้งในภายหลัง",
  "ItemGrab_FillStacks": "เพิ่มไปยังกองที่มีอยู่แล้ว",
  "OptionsPage_OpenFolder": "เปิดโฟลเดอร์ปลายทาง",
  "Calendar_Wedding": "งานแต่งงานของ {0} และ {1}",
  "Options_Vsync": "VSync",
  "VersionMismatch": "เวอร์ชันไม่เข้ากัน ({0})",
  "Options_GamepadMode": "โหมด Gamepad",
  "Options_GamepadMode_Auto": "ตรวจจับ-อัตโนมัติ",
  "Options_GamepadMode_ForceOn": "บังคับเปิด",
  "Options_GamepadMode_ForceOff": "บังคับปิด",
  "AGO_Label": "การตั้งค่าขั้นสูง:",
  "AGO_CCB": "บันเดิ้ลในศูนย์ชุมชน:",
  "AGO_CCB_Tooltip": "ให้ใส่ของที่กำหนด ลงไปในชุดบันเดิ้ล ซึ่งวางอยู่ตามจุดต่างๆ ในศูนย์ชุมชน",
  "AGO_CCB_Normal": "แบบธรรมดา",
  "AGO_CCB_Remixed": "แบบสุ่ม",
  "AGO_Year1Completable": "การันตีว่า สามารถทำเสร็จสมบูรณ์ ได้ภายในปีที่ 1",
  "AGO_Year1Completable_Tooltip": "ทำให้แน่ใจว่า แม่ค้าหมูจะมีเมล็ดกะหล่ำปลีแดง ขายในระหว่างช่วงปีแรก",
  "AGO_MineTreasureShuffle": "รางวัลในเหมือง:",
  "AGO_MineTreasureShuffle_Tooltip": "ปรับเปลี่ยนของรางวัล ที่อยู่ภายในเหมือง",
  "AGO_FarmMonsters": "ทำให้มอนสเตอร์ เกิดขึ้นในฟาร์ม",
  "AGO_FarmMonsters_Tooltip": "อนุญาตให้มอนสเตอร์ เกิดขึ้นมาในตอนกลางคืน",
  "AGO_ProfitMargin_Tooltip": "ปรับเปลี่ยนการคำนวณ ราคาขายของไอเทม",
  "AGO_MPOptions_Label": "ตัวเลือกผู้เล่นหลายคน:",
  "AGO_StartingCabins_Tooltip": "จำนวนของบ้านตอนเริ่มต้น",
  "AGO_OtherOptions_Label": "ตัวเลือกอื่นๆ:",
  "AGO_CabinLayout_Tooltip": "ทำให้กำหนดระยะใกล้ ไกลของบ้านแต่ละหลัง",
  "AGO_RandomSeed": "สุ่มเมล็ดพันธุ์:",
  "AGO_RandomSeed_Tooltip": "เมล็ดพันธุ์ที่ใช้สุ่มโลกของเกม",
  "AGO_LegacyRandomization": "ใช้การสุ่มแบบดั้งเดิม",
  "AGO_LegacyRandomization_Tooltip": "สร้างตัวเลือกแบบสุ่มในลักษณะที่มักจะซ้ำรูปแบบ ผู้เล่นส่วนใหญ่ควรปิดการใช้งานตัวเลือกนี้ไว้",
  "Options_SlingshotMode": "ระบบการยิง หนังสติ๊ก",
  "Options_SlingshotMode_Hold": "กดค้างไว้ แล้วปล่อย",
  "Options_SlingshotMode_Pull": "ดึงไปในทิศทาง ที่ตรงกันข้าม",
  "Bed_InUse": "ไม่สามารถเคลื่อนย้ายเตียง ที่กำลังใช้งานได้",
  "Bed_CantMoveOthersBeds": "ไม่สามารถย้ายเตียง ไปบ้านของผู้เล่นอื่นได้",
  "Bed_NeedsUpgrade": "ไม่สามารถวางเตียง ประเภทต่างๆ ได้หากไม่อัปเกรดบ้าน",
  "Chat_LobbyLost": "ตัดการเชื่อมต่อจาก เซสซั่นของเกม {0}",
  "Chat_LobbyLost_UserLeft": "(ผู้เล่นออกจากเซสซั่น)",
  "Chat_LobbyLost_LobbyClosed": "(ปิดเซสซั่นลงแล้ว)",
  "Chat_LobbyLost_ConnectionLost": "(ขาดการเชื่อมต่อ จากเซิร์ฟเวอร์)",
  "Chat_LobbyJoined": "เชื่อมต่อเข้า เซสซั่นเกม {0}",
  "Chat_LobbyRecreated": "สร้างเซสซั่นเกมใหม่ {0}",
  "Chat_LobbyJoined_InviteCode": "(รหัสเชิญ: {0})",
  "Chat_LobbyCreateFail": "ไม่สามารถสร้างเซสซั่นเกมได้ ลองใหม่อีกครั้ง...",
  "Chat_StartingServer": "ตอนนี้คุณคือโฮสต์ของเกมนี้แล้ว",
  "Chat_DisablingServer": "คุณไม่ใช่โฮสต์ของเกมนี้แล้ว",
  "Farmhand_Locked": "ตัวละครนี้เป็นของผู้เล่นคนอื่น",
  "Forge_Unforge": "คืนสภาพ",
  "Item_Tooltip_Forged": "ถูกหลอมรวมแล้ว",
  "LocalJoinPrompt": "กดปุ่ม * เพื่อร่วมเกม",
  "StartLocalMulti": "เริ่มเซิร์ฟเวอร์ท้องถิ่น",
  "DropOutLocalMulti": "ออกจากเกม",
  "ChooseOne": "เลือกเพียงหนึ่งอย่าง:",
  "Carpenter_PaintBuildings": "ทาสีสิ่งก่อสร้าง",
  "Carpenter_CannotPaint": "ไม่สามารถทาสี ให้สิ่งก่อสร้างนี้ได้",
  "Carpenter_CannotPaint_Permission": "คุณไม่ได้รับอนุญาต ให้ทาสีสิ่งก่อสร้างนี้",
  "Carpenter_SelectBuilding_Paint": "เลือกสิ่งก่อสร้างที่จะทาสี",
  "GameMenu_MoveBuildingPermissions": "การใช้โหมด ย้ายสิ่งก่อสร้าง",
  "GameMenu_MoveBuildingPermissions_Off": "เจ้าบ้านเท่านั้น",
  "GameMenu_MoveBuildingPermissions_Owned": "เจ้าของสิ่งก่อสร้างเท่านั้น",
  "GameMenu_MoveBuildingPermissions_On": "ทุกๆ คน",
  "Character_FarmBeach": "ฟาร์มชายหาด_เก็บของตามชายหาด และตกปลาได้ดี พื้นที่กว้างขวาง บางครั้งก็มีหีบของมาเกยตื้น แต่เครื่องรดน้ำอัตโนมัติจะไม่ สามารถทำงานในดินทรายได้",
  "Forge_enchanting": "กำลังเสริมพลัง...",
  "Forge_forging": "กำลังหลอมรวม...",
  "Forge_description1": "วางอาวุธหรืออุปกรณ์ ลงในช่องทางซ้าย วางอัญมณี ลงในช่องด้านขวา",
  "Forge_description2": "คุณสามารถหลอมรวม แหวน 2 วงได้",
  "Forge_shards": "เมื่อทำการหลอมรวม สะเก็ดแม็กม่า (Cinder Shard) จะหมดไปทันที",
  "Forge_notenoughshards": "สะเก็ดแม็กม่า (Cinder Shard) ไม่เพียงพอ...",
  "Forge_wrongorder": "คำสั่งไม่ถูกต้อง",
  "Forge_noroom": "ไม่มีที่ว่างในช่องเก็บของ...",
  "Forge_unforge_right_slot": "ทำช่องทางขวาให้ว่าง เพื่อคืนสภาพวัตถุ...",
  "Forge_unforge_invalid": "เฉพาะไอเทม และแหวนที่ถูกหลอมรวม ที่จะสามารถคืนสภาพได้...",
  "Forge_valid": "กดที่ปุ่ม เพื่อเริ่มการหลอมรวม!",
  "Chat_BuildingBuild": "{0} ได้ร้องขอให้สร้าง {2}!",
  "Chat_BuildingMagicBuild": "{0} ได้เรียก {2} มา!",
  "Chat_HouseUpgrade": "{0} ได้รับการร้องขอ ให้ก่อสร้างบ้าน{1} !",
  "Chat_CommunityUpgrade": "{0} ได้รับการร้องขอ ให้พัฒนาศูนย์กลางชุมชน!",
  "Chat_AcceptedSpecialOrder": "{0} ยอมรับคำขอพิเศษ '{1}'!",
  "Chat_CompletedSpecialOrder": "คำขอพิเศษ '{0}' ได้สำเร็จลงแล้ว!",
  "Chat_DartsWin": "{0} ชนะเกมปาเป้าได้ในแค่ {1} ครั้ง!",
  "Chat_DartsWinPerfect": "{0} ชนะเกมปาเป้าแบบขาดลอย!",
  "Darts_OffTheIsland": "ออกจากเกาะ...",
  "Darts_Bull": "เกือบแล้ว!",
  "Darts_Bullseye": "เข้าเป้า!",
  "Darts_PointsToGo": "{0} กำลังเริ่ม",
  "Darts_PointToGo": "{0} ใกล้จะถึงเป้าหมายแล้ว",
  "Darts_WinText": "คุณชนะแล้ว {0} ปาฎิหาริย์!",
  "Darts_WinTextPerfect": "เพอร์เฟกต์ไปเลย!",
  "Chat_FieldOfficeDonation": "{0} ได้บริจาค {1} ให้ห้องทำงานภาคสนามบนเกาะ",
  "Chat_RepairBoatAnchor": "{0} ได้ซ่อมสมอเรือของวิลลี่ เรียบร้อยแล้ว!",
  "Chat_RepairBoatHull": "{0} ได้ซ่อมตัวเรือของวิลลี่ เรียบร้อยแล้ว!",
  "Chat_RepairBoatMachine": "{0} ได้ซ่อมเครื่องขายตั๋ว เรียบร้อยแล้ว!",
  "Chat_RepairBoat": "เตรียมซ่อมเรือของวิลลี่ เสร็จเรียบร้อยแล้ว!",
  "Chat_UpgradePerch_House": "{0} ถามนกแก้วเกี่ยวกับ การฟื้นฟูบ้านบนเกาะ!",
  "Chat_UpgradePerch_House_Mailbox": "{0} ถามนกแก้วเกี่ยวกับ การเริ่มส่งจดหมายไปที่เกาะ!",
  "Chat_UpgradePerch_VolcanoShortcutOut": "{0} ถามนกแก้วเกี่ยวกับ ทางลัดออกจากภูเขาไฟ!",
  "Chat_UpgradePerch_VolcanoBridge": "{0} ถามนกแก้วเกี่ยวกับ การสร้างสะพานในภูเขาไฟ!",
  "Chat_UpgradePerch_Turtle": "{0} ถามนกแก้วเกี่ยวกับ การเคลียร์เส้นทางไปยัง ฝั่งตะวันตกของเกาะ!",
  "Chat_UpgradePerch_ParrotPlatforms": "{0} ถามนกแก้วเกี่ยวกับ การทำระบบนกแก้วขนส่ง!",
  "Chat_UpgradePerch_Bridge": "{0} ถามนกแก้วเกี่ยวกับ การสร้างสะพานใกล้ๆ กับเต็นท์!",
  "Chat_UpgradePerch_Resort": "{0} ถามนกแก้วเกี่ยวกับ การฟื้นฟูรีสอร์ทขึ้นมา!",
  "Chat_UpgradePerch_Hut": "{0} ได้ให้วอลนัทกับนกแก้ว!",
  "UpgradePerch_Hut": "*แกว้ก*... วอลนัท! *แกว้ก*... ให้เหรอ?",
  "UpgradePerch_Resort": "*แกว้ก*... {0} วอลนัท! *แกว้ก*...  สร้างรีสอร์ท!",
  "UpgradePerch_House": "*แกว้ก*... {0} วอลนัท! *แกว้ก*... ซ่อมกระท่อมพักผ่อน!",
  "UpgradePerch_House_Mailbox": "*แกว้ก*... {0} วอลนัท! *แกว้ก*... ส่งจดหมาย!",
  "UpgradePerch_VolcanoShortcutOut": "*แกว้ก*... {0} วอลนัท! *แกว้ก*... ออกจากทางลัด!",
  "UpgradePerch_VolcanoBridge": "*แกว้ก*... {0} วอลนัท! *แกว้ก*... สร้างสะพาน!",
  "UpgradePerch_Turtle": "*แกว้ก*... {0} วอลนัท! *แกว้ก*... ปลุกเจ้าเต่านั่นขึ้นมา!",
  "UpgradePerch_ParrotPlatforms": "*แกว้ก*... {0} วอลนัท! *แกว้ก*... ทำระบบนกแก้วขนส่ง!",
  "UpgradePerch_Bridge": "*แกว้ก*... {0} วอลนัท! *แกว้ก*... ซ่อมสะพาน!",
  "ItemHover_DiamondForge_Singular": "+{0} หลอมรวมแบบสุ่มสถานะ",
  "ItemHover_DiamondForge_Plural": "+{0} หลอมรวมแบบสุ่มสถานะ",
  "UpgradePerch_Trader": "*แกว้ก*... {0} วอลนัท! *แกว้ก*... สร้างกระท่อมร้านค้าบนเกาะ!",
  "UpgradePerch_Obelisk": "*แกว้ก*... {0} วอลนัท! *แกว้ก*... สร้างเสาวาร์ป!",
  "Chat_UpgradePerch_Trader": "{0} ได้ถามนกแก้วเกี่ยวกับ กระท่อมร้านค้าบนเกาะ!",
  "Chat_UpgradePerch_Obelisk": "{0} ได้ถามนกแก้วเกี่ยวกับ การสร้างเสาวาร์ปไปยังฟาร์ม!",
  "Chat_FieldOfficeCompleteSet": "{0} รวบรวมชิ้นส่วนต่างๆ บนเกาะสำเร็จแล้ว!",
  "Chat_PassedOut_VolcanoDungeon": "{0} หลับอยู่ที่ภูเขาไฟตลอดคืน...",
  "Chat_PassedOut_Hospital": "{0} อยู่ในโรงพยาบาลทั้งคืน",
  "Chat_PassedOut_Saloon": "{0} เผลอหลับในซาลูน",
  "Chat_PassedOut_Tent": "{0} เผลอหลับในเต็นท์ของลีนัส",
  "Chat_PassedOut_Sewer": "{0} งีบหลับในท่อระบายน้ำ",
  "Chat_StockList": "ตอนนี้ปิแอร์ ขายเมล็ดพันธุ์จากทุกฤดูกาลแล้ว",
  "Chat_FinishedSurvey": "{0} ทำการสำรวจสิ่งมีชีวิต ที่อยู่บนเกาะนี้แล้ว",
  "Chat_HardModeMinesActivated": "{0} ได้นำตราผนึกจอมเวทย์โบราณในเหมืองออกแล้ว คืนนี้จะมีมอนสเตอร์ที่ทรงพลังมากๆ ขึ้นมาจากก้นบึ้งสู่โลกเบื้องบนใบนี้...",
  "Chat_HardModeMinesDeactivated": "{0} ได้ฟื้นฟูตราผนึกจอมเวทย์โบราณในเหมืองแล้ว พรุ่งนี้เหมืองก็จะกลับมาเป็นปกติสักที...",
  "ParrotPlatform_Volcano": "ภูเขาไฟ",
  "ParrotPlatform_Archaeology": "จุดขุดหลุม",
  "ParrotPlatform_Forest": "ป่าลึก",
  "ParrotPlatform_Farm": "ฟาร์ม",
  "ParrotPlatform_Docks": "ท่าเรือ",
  "Item_CantBeUsedHere": "ไม่สามารถใช้ไอเทมนี้ในที่นี่ได้",
  "Item_Tooltip_GalaxyForged": "เสริมวิญญาณ",
  "Chat_InfinityWeapon": "{0} ได้หลอมรวม {1}",
  "Chat_Lupini": "{0} ซื้อของต้นตำหรับ ของลูปินีแล้ว",
  "FruitTree_PlacementWarning": "{0} ของคุณ ไม่สามารถปลูกที่นี่ได้",
  "Chat_Eternal1": "คุณรู้สึกถึงมันได้ จากก้นบึ้งของหัวใจ: จากที่ใดที่หนึ่ง... คุณปู่กำลังยิ้มออกมา ด้วยความภาคภูมิใจ",
  "Chat_Eternal2": "มรดกของฟาร์ม {0} ไม่เคยหายไปไหนเลย",
  "Chat_Eternal3": "ได้ยินเสียงบางอย่าง ดังมาจากที่ไกลๆ...",
  "NameChange_EasterEgg1": "คุณอีริค: นั่นมันชื่ออะไรกันน่ะ? น่าสงสัยจัง...",
  "NameChange_EasterEgg2": "Mr. Qi: ง่ายจังนะ {0} หืม? ฉันผิดหวังในตัวเธอนะ เจ้าหนู นึกว่าอยากจะเอาชนะเกมนี้ ด้วยวิธีที่ถูกต้อง แล้วก็ตรงไปตรงมาซะอีก",
  "NameChange_EasterEgg3": "*คุณปู่ส่ายหัวไปมา*... 'ปู่สร้างฟาร์มนี้มา ด้วยวิถีแบบดั้งเดิม ไม่ใช่ด้วยการเสกของนะ {0}...'",
  "NameChange_EasterEgg4": "คุณอีริคกำลังไม่พอใจ ที่คุณกำลังเล่นแบบโกงเกม...",
  "NameChange_EasterEgg5": "คุณอีริค: ที่จริงฉันก็ไม่ได้โกรธหรอก... ขอให้สนุกละกัน",
  "NameChange_EasterEgg6": "เรียกทุกคนมาเร็ว! ทุกๆ คน! เราได้ตัวแล้ว {0} {1} คนเจ้าเล่ห์ ยอมแพ้ซะเถอะ!",
  "PT_Title": "ตัวติดตามความคืบหน้า",
  "PT_Shipped": "ผลิตและส่งขายผลผลิต",
  "PT_Obelisks": "มีเสาวาร์ปในฟาร์ม",
  "PT_GoldClock": "มีนาฬิกาทองคำในฟาร์ม",
  "PT_MonsterSlayer": "นักปราบมอนสเตอร์",
  "PT_GreatFriends": "เพื่อนที่ดี",
  "PT_FarmerLevel": "เลเวลชาวไร่",
  "PT_Stardrops": "ค้นพบสตาร์ดรอปทั้งหมด",
  "PT_Cooking": "ทำอาหาร",
  "PT_Crafting": "ประดิษฐ์สิ่งของ",
  "PT_Fish": "จับปลา",
  "PT_GoldenWalnut": "ค้นพบวอลนัทสีทอง",
  "PT_Total": "เสร็จสมบูรณ์แล้ว",
  "EndCredit_Neighbors": "เพื่อนบ้านทุกๆ คน",
  "EndCredit_Animals": "น้องสัตว์ทั้งหลาย",
  "EndCredit_Fish": "ปลา",
  "EndCredit_Monsters": "เหล่ามอนสเตอร์",
  "EndCredit_ShadowPeople": "ปีศาจเงา",
  "EndCredit_Slimes": "สไลม์",
  "EndCredit_Bats": "เหล่าค้างคาว",
  "ParrotPlatform_Question": "ต้องการใช้เส้นทางด่วนสายนกแก้วหรือไม่?",
  "NextPage": "ถัดไป",
  "PreviousPage": "ก่อนหน้า",
  "TextSignEntry": "เขียนข้อความบนป้าย",
  "Chat_RaceStarting": "การแข่งรอบถัดไปกำลังจะเริ่ม...",
  "Chat_GuessRacer_1": "{0} คิด {1} จะต้องชนะการแข่งขันนี้...",
  "Chat_GuessRacer_2": "{0} จะได้เห็น {1} ที่เส้นชัย!",
  "Chat_GuessRacer_3": "{0} หวังว่า {1} จะเข้าเส้นชัยเป็นที่ให้ได้สำเร็จ!",
  "Chat_GuessRacer_4": "{0} กำลังเป็นเจ๊ดันให้ {1}!",
  "Chat_GuessRacer_5": "{0} ร่วมมือกับ {1}!",
  "Chat_GuessRacer_6": "{0} พนันเลยว่า {1} ต้องมาแน่!",
  "Chat_GuessRacer_7": "{0} ส่งแรงเชียร์ให้ {1}!",
  "Chat_GuessRacer_8": "{0} กะจะ 'ทุ่มสุดตัว' ที่ {1}!",
  "Chat_GuessRacer_9": "{0} เดิมพันครั้งใหญ่ข้าง {1}!",
  "Chat_GuessRacer_10": "{0} มั่นใจได้เลยว่า {1} จะต้องชนะ",
  "Chat_RaceSabotage_1": "ลือกันว่า การแข่งรอบถัดไป มีล้มมวย...",
  "Chat_RaceSabotage_2": "ได้ยินเสียงหัวเราะอย่างบ้าคลั่ง มาจากด้านหลังโอเอซิสของแซนดี้...",
  "Chat_RaceSabotage_3": "ล็อกมงมาเลย...",
  "Chat_RaceSabotage_4": "สนามแข่งดูลื่นเล็กน้อย...",
  "Chat_RaceSabotage_5": "นักแข่งตัวน้อยดูเหมือนจะประหม่า กับการแข่งที่กำลังจะมาถึง...",
  "Chat_RaceWinners_Zero": "{0} ชนะการแข่งขัน! ยินดีด้วย!",
  "Chat_RaceWinners_One": "{0} ชนะการแข่งขัน! ยินดีด้วย {1}!",
  "Chat_RaceWinners_Two": "{0} ชนะการแข่งขัน! ยินดีด้วย {1} และ {2}!",
  "Chat_RaceWinners_Many": "{0} ชนะการแข่งขัน! ยินดีด้วย",
  "Chat_RaceWinners_List": "{0},",
  "Chat_RaceWinners_Final": "และ {0}!",
  "Chat_CalicoStatue_Activated": "รูปปั้นคาลิโก้: {0}",
  "Tomorrow": "พรุ่งนี้...",
  "Chat_HardModeSkullCaveActivated": "{0} ได้ถอดถอนเกราะเวทมนตร์โบราณ ในถ้ำหัวกะโหลกแล้ว ในคืนนี้ื เหล่ามอนสเตอร์ที่ทรงพลัง จะคลืบคลานขึ้นมาจากเบื้องลึก...",
  "Chat_HardModeSkullCaveDeactivated": "{0} ได้ติดตั้งเกราะเวทมนตร์โบราณ ในถ้ำหัวกะโหลกแล้ว ในวันพรุ่งนี้ื มันจะกลับคืนสู่สภาพปกติ...",
  "BirthdayOrder": "{1} {0}"
}
