{
  "RustySword_Name": "Rusty Sword",
  "RustySword_Description": "(ดาบขึ้นสนิม) ดาบเก่าและมีสนิม",
  "SilverSaber_Name": "Silver Saber",
  "SilverSaber_Description": "(เซเบอร์เงิน) ชุบด้วยเงินเพื่อป้องกันสนิม",
  "DarkSword_Name": "Dark Sword",
  "DarkSword_Description": "(ดาบแห่งความมืด) เปล่งประกายด้วยพลังแวมไพร์",
  "HolyBlade_Name": "Holy Blade",
  "HolyBlade_Description": "(ดาบศักดิ์สิทธิ์) รู้สึกมีความหวังตอนได้ควงมัน",
  "GalaxySword_Name": "Galaxy Sword",
  "GalaxySword_Description": "(ดาบกาแล็กซี) มันไม่เหมือนกับสิ่งที่คุณเคยเห็น",
  "BoneSword_Name": "Bone Sword",
  "BoneSword_Description": "(ดาบกระดูก) กระดูกที่แหลมคมมาก",
  "IronEdge_Name": "Iron Edge",
  "IronEdge_Description": "(ดาบเหล็ก) ดาบหนักๆ",
  "TemplarsBlade_Name": "Templar's Blade",
  "TemplarsBlade_Description": "(ดาบของอัศวินนักรบ) มันเคยเป็นของอัศวินผู้ทรงเกียรติ",
  "ObsidianEdge_Name": "Obsidian Edge",
  "ObsidianEdge_Description": "(ดาบออบซิเดียน) มันคมอย่างไม่น่าเชื่อ",
  "LavaKatana_Name": "Lava Katana",
  "LavaKatana_Description": "(ลาวาคาตานะ) ใบมีดอันทรงพลัง หลอมรวม เข้ากับแอ่งลาวาที่ปั่นป่วน",
  "Claymore_Name": "Claymore",
  "Claymore_Description": "(ดาบเคลย์มอร์) มันหนักจริงๆ",
  "SteelSmallsword_Name": "Steel Smallsword",
  "SteelSmallsword_Description": "(ดาบเหล็กเล่มเล็ก) เป็นดาบเหล็กธรรมดา",
  "WoodenBlade_Name": "Wooden Blade",
  "WoodenBlade_Description": "(ดาบไม้) ไม่เลวสำหรับชิ้นไม้แกะสลัก",
  "InsectHead_Name": "Insect Head",
  "InsectHead_Description": "(หัวแมลง) รู้สึกไม่ดีตอนที่ควงมัน",
  "NeptunesGlaive_Name": "Neptune's Glaive",
  "NeptunesGlaive_Description": "(ทวนเนปจูน) มรดกตกทอดจากท้องมหาสมุทร",
  "ForestSword_Name": "Forest Sword",
  "ForestSword_Description": "(ดาบแห่งป่า) ทรงพลังด้วยเวทมนตร์แห่งผืนป่า",
  "CarvingKnife_Name": "Carving Knife",
  "CarvingKnife_Description": "(มีดแกะสลัก) ใบมีดขนาดเล็กและน้ำหนักเบา",
  "IronDirk_Name": "Iron Dirk",
  "IronDirk_Description": "(ไอร่อนเดิร์ก) กริชของสามัญชน",
  "BurglarsShank_Name": "Burglar's Shank",
  "BurglarsShank_Description": "(มีดสั้นของขโมย) อาวุธทางเลือก สำหรับ ความว่องไวและเงียบ",
  "ShadowDagger_Name": "Shadow Dagger",
  "ShadowDagger_Description": "(ดาบสั้นแห่งเงา) เมื่อคุณถือใบมีดแนบที่หู คุณจะได้ยินเสียงกรีดร้อง ของวิญญาณ 1,000 ดวง",
  "ElfBlade_Name": "Elf Blade",
  "ElfBlade_Description": "(ดาบของเอลฟ์) มือที่ว่องไวของเอลฟ์เท่านั้น ที่สามารถประดิษฐ์สิ่งนี้ได้",
  "CrystalDagger_Name": "Crystal Dagger",
  "CrystalDagger_Description": "(ดาบสั้นคริสตัล) ใบมีดทำจากควอทซ์บริสุทธิ์",
  "WindSpire_Name": "Wind Spire",
  "WindSpire_Description": "(วินด์สไพร์) ใบมีดเล็กๆ ที่รวดเร็ว",
  "GalaxyDagger_Name": "Galaxy Dagger",
  "GalaxyDagger_Description": "(ดาบสั้นกาแล็กซี) มันไม่เหมือนสิ่งที่คุณเคยเห็นมาก่อน",
  "WoodClub_Name": "Wood Club",
  "WoodClub_Description": "(กระบองไม้) ชิ้นไม้ที่แกะสลักให้แหลม",
  "AlexsBat_Name": "Alex's Bat",
  "AlexsBat_Description": "(ไม้เบสบอลของอเล็กซ์) จุดที่น่ารักที่มีชื่อเสียงของอเล็กซ์",
  "LeadRod_Name": "Lead Rod",
  "LeadRod_Description": "(แท่งตะกั่ว) มันหนักอย่างไม่น่าเชื่อ",
  "WoodMallet_Name": "Wood Mallet",
  "WoodMallet_Description": "(ตะลุมพุกไม้) หัวที่เป็นของแข็ง ค่อนข้างเบา",
  "TheSlammer_Name": "The Slammer",
  "TheSlammer_Description": "(เดอะ สแลมเมอร์) เป็นอาวุธที่หนักมาก สามารถทำให้ศัตรูบินได้เลย",
  "GalaxyHammer_Name": "Galaxy Hammer",
  "GalaxyHammer_Description": "(ค้อนกาแล็กซี) มันทำจากวัสดุเบาเป็นพิเศษ ที่คุณไม่เคยเห็นมาก่อน",
  "SamsOldGuitar_Name": "Sam's Old Guitar",
  "SamsOldGuitar_Description": "(กีตาร์เก่าของแซม) มันทำให้เห็นวันที่ดีกว่า",
  "Femur_Name": "Femur",
  "Femur_Description": "(กระตูกต้นขา) กระดูกเก่าแก่ที่หนักหน่วง ปกคลุมไปด้วยสิ่งสกปรก หลายศตวรรษ",
  "Slingshot_Name": "Slingshot",
  "Slingshot_Description": "(หนังสติ๊ก) ต้องใช้หินเป็นกระสุน",
  "MasterSlingshot_Name": "Master Slingshot",
  "MasterSlingshot_Description": "(หนังสติ๊กของผู้เชี่ยวชาญ) ต้องใช้หินเป็นกระสุน",
  "GalaxySlingshot_Name": "Galaxy Slingshot",
  "GalaxySlingshot_Description": "(หนังสติ๊กกาแล็กซี) มันดูทรงพลังจริงๆ",
  "ElliottsPencil_Name": "Elliott's Pencil",
  "ElliottsPencil_Description": "(ดินสอของเอลเลียต) เอลเลียตใช้สิ่งนี้เพื่อเขียนหนังสือของเขา มันคมมาก!",
  "MarusWrench_Name": "Maru's Wrench",
  "MarusWrench_Description": "(ประแจของมารุ) ประแจเหล็กอันใหญ่ มันมีกลิ่นเหมือนมารุ",
  "HarveysMallet_Name": "Harvey's Mallet",
  "HarveysMallet_Description": "(ตะลุมพุกของฮาร์วีย์) มันทำให้ความทรงจำเกี่ยวกับ คลินิกของฮาร์วีย์กลับมา",
  "PennysFryer_Name": "Penny's Fryer",
  "PennysFryer_Description": "(กระทะของเพนนี) กระทะที่เพนนีชื่นชอบ ยังมีขยะติดอยู่ข้างใน",
  "LeahsWhittler_Name": "Leah's Whittler",
  "LeahsWhittler_Description": "(เครื่องมือแกะสลักของลีอา) เครื่องมือในการแกะสลักที่ลีอาชื่นชอบ",
  "AbbysPlanchette_Name": "Abby's Planchette",
  "AbbysPlanchette_Description": "(พลานเชตต์ของแอ็บบี้) กระดานที่ทำมาจากไม้หินอ่อนชั้นดี",
  "SebsLostMace_Name": "Seb's Lost Mace",
  "SebsLostMace_Description": "(คทาที่หายไปของเซบ) หนึ่งในแบบจำลองยุคกลาง ของเซบาสเตียน",
  "HaleysIron_Name": "Haley's Iron",
  "HaleysIron_Description": "(เครื่องม้วนผมของเฮลีย์) มันร้อนและมีกลิ่นเหมือนผมของเฮลีย์",
  "PiratesSword_Name": "Pirate's Sword",
  "PiratesSword_Description": "(ดาบของโจรสลัด) ดูเหมือนว่ามันเคยเป็นดาบ ของจ้าวแห่งโจรสลัด",
  "Cutlass_Name": "Cutlass",
  "Cutlass_Description": "(คัทลาส) ใบมีดถูกสร้างขึ้นอย่างประณีต",
  "WickedKris_Name": "Wicked Kris",
  "WickedKris_Description": "(วิกเค็กคริส) ดาบถูกสร้างจากอัลลอยอิริเดียม",
  "Kudgel_Name": "Kudgel",
  "Kudgel_Description": "(คัดเกิ้ล) สหายของเดรัจฉาน",
  "Scythe_Name": "Scythe",
  "Scythe_Description": "(เคียว) มันสามารถตัดหญ้าเป็นฟางได้ ถ้าคุณสร้างยุ้งฉาง",
  "YetiTooth_Name": "Yeti Tooth",
  "YetiTooth_Description": "(ฟันของเยติ) มันเย็นจัดเมื่อได้สัมผัส",
  "Rapier_Name": "Rapier",
  "Rapier_Description": "(ดาบราเพียร์) ใบมีดที่สง่างาม",
  "SteelFalchion_Name": "Steel Falchion",
  "SteelFalchion_Description": "(ดาบเหล็กปลายโค้ง) เบาและทรงพลัง",
  "BrokenTrident_Name": "Broken Trident",
  "BrokenTrident_Description": "(ตรีศูลหัก) มันมาจากก้นทะเล แต่ก็ยังเฉียบคมอยู่",
  "TemperedBroadsword_Name": "Tempered Broadsword",
  "TemperedBroadsword_Description": "(ดาบเทมเปอร์) ดูเหมือนว่ามันจะทนต่อทุกสิ่งได้",
  "GoldenScythe_Name": "Golden Scythe",
  "GoldenScythe_Description": "(เคียวทองคำ) มันทรงพลังกว่าเคียวธรรมดา",
  "DwarfSword_Name": "Dwarf Sword",
  "DwarfSword_Description": "(ดาบคนแคระ) เป็นของโบราณ แต่ใบดาบไม่เคยหมอง",
  "DwarfHammer_Name": "Dwarf Hammer",
  "DwarfHammer_Description": "(ค้อนคนแคระ) มันส่งเสียงหวีดหวิวอย่างแผ่วเบา",
  "DwarfDagger_Name": "Dwarf Dagger",
  "DwarfDagger_Description": "(มีดคนแคระ) เป็นของโบราณ แต่ใบมีดไม่เคยหมอง",
  "DragontoothCutlass_Name": "Dragontooth Cutlass",
  "DragontoothCutlass_Description": "(ดาบสั้นเขี้ยวมังกร) ใบมีดถูกหลอมมาจากเขี้ยววิเศษ",
  "DragontoothClub_Name": "Dragontooth Club",
  "DragontoothClub_Description": "(กระบองเขี้ยวมังกร) กระบองถูกหลอมมาจากเขี้ยววิเศษ",
  "DragontoothShiv_Name": "Dragontooth Shiv",
  "DragontoothShiv_Description": "(มีดชิฟเขี้ยวมังกร) ใบมีดถูกหลอมมาจากเขี้ยววิเศษ",
  "OssifiedBlade_Name": "Ossified Blade",
  "OssifiedBlade_Description": "(ออสซะไฟเบลด) ใบมีดแหลมคมขนาดใหญ่ ที่เกิดจากกระดูก",
  "IridiumNeedle_Name": "Iridium Needle",
  "IridiumNeedle_Description": "(อิริเดียมนีดเดิล) ปลายแหลมคมอย่างไม่น่าเชื่อ คมลึกถึงระดับอะตอม",
  "InfinityBlade_Name": "Infinity Blade",
  "InfinityBlade_Description": "(อินฟินิตี้เบลด) รูปลักษณ์ที่แท้จริงของดาบกาแล็กซี",
  "InfinityGavel_Name": "Infinity Gavel",
  "InfinityGavel_Description": "(ค้อนอินฟินิตี้) รูปลักษณ์ที่แท้จริงของค้อนกาแล็กซี",
  "InfinityDagger_Name": "Infinity Dagger",
  "InfinityDagger_Description": "(ดาบสั้นอินฟินิตี้) รูปลักษณ์ที่แท้จริงของดาบสั้นกาแล็กซี",
  "Meowmere_Name": "Meowmere",
  "Meowmere_Description": "(ดาบตะเมี๊ยว) อาวุธแปลกๆ ที่มาจากดินแดนอันไกลโพ้น..."
}
