{
  "GingerIsland_East_JungleHut": "กระท่อมในป่า",
  "GingerIsland_North_DigSite": "จุดขุดหลุม",
  "GingerIsland_North_FieldOffice": "ห้องทำงานภาคสนาม",
  "GingerIsland_North_Trader": "พ่อค้าชาวเกาะ",
  "GingerIsland_North_Volcano": "ภูเขาไฟ",
  "GingerIsland_South_Dock": "เรือของวิลลี่",
  "GingerIsland_South_Resort": "รีสอร์ท",
  "GingerIsland_SouthEast_PirateCove": "อ่าวโจรสลัด",
  "GingerIsland_West_BirdieShack": "กระท่อมของเบอร์ดี้",
  "GingerIsland_West_GourmandCave": "กบนักชิม",
  "GingerIsland_West_House": "บ้านบนเกาะ",
  "GingerIsland_West_QiWalnutRoom": "ห้องเก็บวอลนัทของ Qi",
  "GingerIsland_West_Shipwreck": "ซากเรืออัปปาง",
  "GingerIsland_West_TigerSlimeGrove": "รังสไลม์ลายเสือ"
}
