{
  "Sun.000": "ถ้าพวกเราแอบกันอยู่ตรงนี้ ก็ไม่จำเป็น ต้องไปคุยกับใครไง",
  "marriage_Mon.002": "โอ้ย!... ฉันผ่านด่านนี้ไม่ได้สักที$s",
  "spring_4.000": "ฮึ... ฉันมีนัด กับหมออีก แล้วล่ะ$s",
  "marriage_Fri.001": "มันดีนะ ที่ได้กลับมาเจอเพื่อนเก่า อีกครั้งน่ะ ยังรู้สึกเหมือนเมื่อก่อนเลย$h",
  "spring_4.002": "อีกนานแค่ไหนคะหมอ? หนูหิวข้าวแล้ว$s",
  "marriage_Mon.001": "ไง @ ฉันชอบมาพักผ่อนตรงนี้น่ะ... มันสงบมากเลย",
  "marriage_Fri.000": "ว่าไง! @? ฉันแค่อยาก จะแวะมาหาแม่สักหน่อยน่ะ",
  "marriage_Mon.000": "หลังจากที่ฉันไม่อยู่แล้ว พ่อก็ดูปกติดีนะ",
  "winter_15.000": "นี่มัน...ดูลึกลับจัง... ฉันชอบจังเลย!",
  "spring_4.001": "วันนี้หมอของฉัน นัดตรวจประจำปีล่ะ! ไม่ต้องห่วงหรอก ฉันไม่ได้ท้อง... ฉันหมายถึงไม่ได้ป่วยน่ะ! แฮะๆ$9"
}
