{
  "winter_17.000": "ได้ไปดู โชว์นางเงือกหรือยัง? ฉันชอบมันที่สุดเลย...",
  "marriage_Mon.000": "ผมจะอยู่ที่นี่ทั้งวันเลยนะ เพราะตากับยายของผม ไม่ได้แข็งแรงเหมือนแต่ก่อน...",
  "summer_16.000": "ว่าไง...เอ่อ ฉันแค่ข้อเท้าพลิกน่ะ มาดูกัน ว่าฉันจะพันข้อเท้าได้ไหม?",
  "summer_16.001": "ใช่ ใช่แล้ว... ผมสบายดีคุณหมอ แค่พันผ้าไว้ก็พอแล้ว ตกลงนะ?",
  "Sun.000": "%อเล็กซ์ กำลังหมกมุ่นอยู่กับเกม เขาไม่รู้ด้วยซ้ำ ว่าคุณอยู่ตรงนี้",
  "Sun.000_married": "เฮ้ @! มาดูการแข่งขัน กับพวกเราได้นะ ถ้าต้องการ ไม่ได้จะกดดันนะ ถ้าเกิดยุ่งอยู่"
}
