{
  "Fri.000": "เครื่องทอผ้านี่มันดีจังเลยนะ เหมือนอยู่ในสวรรค์เลยล่ะ",
  "marriage_Mon.002": "กัส ดูจะมีปัญหาตลอดเวลาเลยนะ เวลาฉันไม่อยู่คอยช่วย จัดการเรื่องต่างๆ เนี่ย",
  "winter_11.000": "หลายๆ คนที่นี่ ก็มาตรวจสุขภาพร่างกาย ประจำปีกันทั้งนั้นแหละ",
  "marriage_Fri.001": "ฉันมาตรงนี้ เพราะกลิ่นผลไม้มันพามาน่ะ",
  "winter_11.001": "หมอคะ ฉันขอออกไปรักษา ด้วยวิธีธรรมชาติได้ไหม ถ้ามันเป็นไปได้อ่ะนะ",
  "marriage_Mon.001": "วันนี้ฉันขอ ไปเดินออกกำลังกายนะ ตอนนี้เหมือนขาของฉัน มันเริ่มจะอ่อนปวกเปียก ไปหมดแล้ว",
  "marriage_Fri.000": "ฉันแค่มาดูนางเงือกน่ะ",
  "marriage_Mon.000": "มันดีนะ ที่ได้กลับมาเยี่ยมบ้านเก่า หลังจากที่ย้ายออกไปน่ะ บ้านหลังนี้ เต็มไปด้วยความทรงจำดีๆ เยอะแยะเลยล่ะ",
  "marriage_Fri.002": "คืนวันศุกร์นี่มันวุ่นวายมากๆ เลยล่ะ ฉันเลยจะต้องมาช่วยงาน นิดหน่อย แต่มันก็สนุกดีนะ!$h",
  "winter_15.000": "ฉันว่าฉันชอบเรือลำนี้นะ สีเรือมันดูดีมากๆ เลย!",
  "Sandy_Birthday_Greeting": "หวัดดี แซนดี้! ฉันมีของขวัญจะให้เธอ ฉันหวังว่าเธอจะชอบมันนะ!$h",
  "Sandy_Birthday_Hangout": "ฉันดีใจที่ได้หยุดงานสักวัน!$h#$e#ฉันรู้สึกพอใจ",
  "Sandy_Birthday_Lake": "ฟิ้วว... นี่มันร้อนจริงๆ!#$e#ดูเหมือนว่าจะเป็นวันที่ดี ที่จะไปเล่นน้ำ#$e#ที่นั่นน่าจะทำให้รู้สึกดี และเย็นสบาย$h",
  "Sandy_Birthday_Bones": "เธอเชื่อในสถานที่นี้ไหม?#$e#นี่มันน่าพิศวงมาก...",
  "Sandy_Birthday_Camel": "ฉันชอบที่จะอยู่ใกล้ๆพวกสัตว์#$e#โลกนี้เต็มไปด้วยวิญญาณ และเวทมนตร์",
  "Sandy_Birthday_Bye": "นั่นมันสนุกมาก!#$b#ฉันอยากจะกลับมา ในเร็วๆนี้อีก!$h"
}
