{
  "23.000": "หืมมมม... วันนี้ภรรยาของฉัน จะพาฉันไปที่คลินิกล่ะ",
  "23.001": "*งึมงำๆ*... เป็นหมอที่ไม่ได้เรื่อง เสียจริง... *งึมงำๆ*",
  "winter_17.000": "ฉันมาที่นี่ เพื่อมาดื่มกาแฟแค่นั้นแหละ",
  "Sun.000": "ฉันน่ะนะ ไม่เคยนับถือศาสนาหรอก แต่เดี๋ยวนะ เฮ้... มันก็นานมาแล้วนะ",
  "23.002": "เอาล่ะคุณหมอ ฉันมีเวลาอีกนานเท่าไหร่?",
  "Sun.001": "ฮ่าฮ่าฮ่าฮ่า... ฉันมาที่นี่แทนที่จะไปโบสถ์! หวังว่าโยบะท่าน จะไม่โกรธฉันมากนะ$h"
}
