{
  "winter_9.000": "ไม่มีอะไร ต้องให้เครียดหรอก... ฉันก็แค่ จะต้องไปตรวจร่างกายเฉยๆ",
  "winter_9.001": "คุณหมอคะ ฉันแค่มีน้ำมูกเฉยๆ นะ แต่ร่างกายฉันปกติแข็งแรงดี!",
  "winter.000": "มันหนาวเกินกว่าจะงัดตัวเอง ออกจากเตียงได้ง่ายๆ เลยล่ะ",
  "marriage_Mon.000": "ไงที่รัก! วันนี้ฉันกลับมาเยี่ยม พี่สาวของฉันน่ะ",
  "rain.000": "วันนี้สภาพอากาศแปรปรวนจัง ฉันไม่อยากจะลุก ออกจากเตียงเลย",
  "winter_16.001": "ลมหนาวก็ไม่เลวร้าย เท่าไรหรอก ถ้าเธอใส่เสื้อผ้าหนาๆ!$h",
  "winter_16.000": "หนาวจัง หนาวจนไม่อยากจะลุก ออกจากเตียงเลยล่ะ"
}
