{
  "winter_18.000": "วันนี้หนูต้องไป หาคุณหมอด้วยล่ะ แต่บอกไว้เลยว่า หนูไม่กลัวหรอก!",
  "winter_15.001": "หนูหวังว่าหนูโตพอที่จะได้ดู โชว์คุณนางเงือกสักที...$s",
  "winter_18.001": "คุณหมอฮาร์วีย์คะ ใช้อันนี้ให้หนูดูหน่อย ได้ไหมคะ?",
  "summer.000": "1... 2... 3... 4... คลื่นทะเลมาแล้ว! *คิกคัก*$h",
  "winter_15.000": "1... 2... 3... 4... ไม่นะ! หนูทำพลาดอีกแล้ว",
  "spring.000": "1... 2... 3... 4... ไม่นะ! หนูทำพลาดอีกแล้ว"
}
