{
  "winter_15.000": "ผมชอบมองไปที่แสงไฟ#$b#มันทำให้ผมนึกถึงบางอย่าง ที่นานมาแล้ว...$s",
  "winter.000": "มันคงจะต้องใช้เวลาสักพัก แต่ผมกำลังพยายามที่จะ อ่านหนังสือทุกเล่มในห้องสมุด#$b#ผมยังต้องตามใครๆ ให้ทันในอีกหลายๆ อย่าง...$s",
  "school": "ตอนนี้ยังคุยด้วยไม่ได้นะ @ ผมกำลังตั้งใจมากๆ...",
  "dinner": "โอ้ คุณหิวรึเปล่า? คือว่า... ผมกินอาหารไปเกลี้ยงแล้ว...$u",
  "tent": "พวกเราไม่รังเกียจฝนหรอกนะ แต่มันก็ดีอยู่แล้วที่ บางครั้งที่นี่จะแห้งน่ะ"
}
