{
  "fall_9.000": "เอ่อ... คุณหมอฮาร์วีย์? จะไม่มีใครรู้เรื่องนี้แน่ๆ ใช่ไหม?",
  "15.000": "ฉันชอบที่จะเข้าไปดู ร้านค้าท้องถิ่นแต่ละที่ ในเมืองของเรา เพื่อไปดูว่าพวกเขานั้น เป็นยังไงกันบ้าง",
  "6.000": "ฉันมาที่นี่เพื่อจะมา เก็บภาษีของคลินท์น่ะ",
  "1.000": "เอาล่ะ กลิ่นของปลาในฤดูนี้ มันจะต้องสดใหม่ เหมือนอย่างเคยแน่นอน",
  "Tue.000": "ฉันมักจะมาซื้อของ ที่ร้านนี้ประจำเลย$h",
  "3.000": "ฉันมาที่นี่เพื่อแค่จะมา เช็กดูว่าธุรกิจของมานี มันราบรื่น และเป็นไปได้ด้วยดีไหม",
  "6.001": "หอสมุดเป็นสิ่งก่อสร้าง ที่ดีที่สุดของเมืองนี้เลยล่ะ เพราะมันได้รับการสนับสนุนจาก การเก็บภาษีร้านค้า ในเมืองของเรายังไงล่ะ",
  "winter_16.000": "เธอรู้ไหม ฉันมักจะซื้อของบางอย่าง ที่ฉันชอบได้จากตลาดนี้..."
}
