{
  "winter_18.000": "รู้สึกว่า หนูแจส ดูจะชอบไปหาคุณหมอมากๆ เลยนะ ช่างเป็นเด็กที่แปลกคนจริงๆ",
  "fall_18.000": "เอ่อ... คุณหมอฮาร์วีย์? จะไม่มีใครรู้เรื่องนี้แน่ๆ ใช่ไหมคะ?",
  "Tue.000": "วันนี้ฉันต้องหลับฝันดีแน่ๆ เลย$h",
  "winter_18.001": "เรามาที่นี่เพราะมีนัดกับ คุณหมอตอนบ่ายโมงครึ่งน่ะ",
  "winter_18.002": "เอ่อ... หมอฮาร์วีย์คะ? ถ้าเกิดคุณตรวจเธอ เสร็จเรียบร้อยแล้ว เราขออมยิ้มสองอันได้ไหมคะ?",
  "winter_16.000": "โอ้... ผ้าไหมสีม่วงชั้นดีแบบนี้น่ะ เธอหาซื้อมันที่ร้านโจจ้า ไม่ได้หรอกนะ"
}
