{
  "marriage_Mon.002": "ฉันหวังว่าสักวันนึง เพนนีจะตัดสินใจแต่งงานนะ",
  "winter_16.000": "ว้าว เทคโนโลยีของเจ้านี่ มันน่าทึ่งมาก!",
  "marriageJob.000": "ฉันกำลังทำงานอยู่นะที่รัก! อย่าให้คุณหมอเห็นเข้าสิ",
  "marriageJob.002": "ฉันใกล้จะเลิกงานแล้ว...",
  "marriage_Mon.001": "พ่อก้าวหน้าไปไกลมากเลย กับการทดลองของเขา",
  "summer.000": "เป็นเรื่องยากมากเลยนะ ที่จะเข้าใจถึงขนาด ของจักรวาลน่ะ$8",
  "marriage_Mon.000": "เฮ้! เหมือนว่าแม่จะทำอะไรๆ ได้ดี โดยที่ฉันไม่ต้องคอยช่วยแล้ว สมกับฉายาหญิงแกร่งจริงๆ",
  "marriageJob.001": "รู้สึกดีจังที่คุณมาหาฉัน$h"
}
