{
  "winter_4.001": "เฮ้! ขอความเป็นส่วนตัว บ้างได้ไหม?$a",
  "marriage_Mon.002": "ฉันสงสัยจังว่า อนาคตข้างหน้า มารุจะแต่งงานกับใครไหม?",
  "marriageJob.000": "สวัสดีที่รัก รู้สึกดีจังที่คุณมาเยี่ยมฉัน ถึงที่ทำงาน$h",
  "marriage_Mon.001": "ไม่ต้องกังวล ฉันใช้เงินของตัวเอง ซื้อของพวกนั้นมา",
  "marriage_Mon.000": "ว่าไงที่รัก! ฉันกำลังชอปปิ้งอยู่เลย",
  "winter_15.000": "คุณได้กลิ่นนั่นไหม ฉันก็แค่พูดไปอย่างนั้นแหละ อย่าสนใจเลย...",
  "winter_4.000": "ฉันมีนัดที่คลินิก ตอนบ่ายนี้แหละ",
  "rain2.000": "ฉันจะเข้าไปข้างในนะ ก็แค่ต้องการเวลา ทำสมาธิเงียบๆ บ้าง"
}
