{
  "fall_11.000": "ฉันจะต้องไปหาลุงหมอวันนี้... เยี่ยมไปเลย$7",
  "winter_17.000": "บางทีถ้าฉันทำอย่างอื่น ล้มเหลวไปหมด ฉันจะไปเป็นกัปตันเรือดำน้ำ มันต้องเจ๋งมากแน่ๆ",
  "marriage_Fri.001": "ขอโทษนะที่รัก ตอนนี้ฉันกำลังพยายาม ทำสมาธิอยู่...$7",
  "marriage_Mon.001": "วินเซนท์ดูจะเหงาหน่อยๆ ตอนที่ฉันไม่ได้อยู่กับเขา ฉันควรจะไปเล่นกับน้อง ให้มากกว่านี้สินะ",
  "marriage_Fri.000": "อย่าบอกแม่ของฉันนะ... แต่จริงๆ แล้ว ฉันแค่มากินข้าวกลางวันฟรี ที่นี่เท่านั้นเอง$h",
  "fall_11.002": "ฉันเพิ่งจะเสร็จธุระจากคลินิก สุขภาพดีและแข็งแรงสุดๆ ไปเลยล่ะ เหมือนที่คิดไม่มีผิด$h",
  "marriage_Mon.000": "แม่ดูมีความสุขดีนะ แต่อาจจะทำงาน หนักเกินไปบ้าง",
  "fall_11.001": "ฉันเป็นคนที่สุขภาพดี มากเลยนะคุณหมอ ให้ฉันไปได้หรือยัง? นี่มันน่าเบื่อชะมัด",
  "rain2.000": "ไม่มีอะไรจะดีไปกว่า โจจ้าโคล่าเย็นๆ ในวันที่อากาศร้อน จนเหงื่อออกขนาดนี้แล้ว ฮะ?#$e#แค่ล้อเล่นน่า ฮี่ฮี่ฮี่$h"
}
