{
  "Sandy_Birthday_Greeting": "โอ้ เอมิลี่! ฉันหวังว่าคุณจะมา!$h#$b#เช้านี้ฉันรู้สึกเหงานิดหน่อยน่ะ#$e#แต่ฉันดีใจที่คุณมา!$h",
  "Sandy_Birthday_Hangout": "ตอนนี้ที่สตาร์ดิวแวลลีย์ อากาศเป็นยังไงบ้าง?#$e#ดอกไม้ที่นั่นมีกลิ่นหอมนะ$h",
  "Sandy_Birthday_Lake": "ดูเหมือนว่าที่ริมทะเลสาบ...#$b#อากาศจะเย็นลงนิดหน่อยนะ#$e#ในที่สุดฉันก็ออกจากบ้านได้แล้ว!$h",
  "Sandy_Birthday_Bones": "แปลกใช่ไหม?",
  "Sandy_Birthday_Camel": "ฉันคิดว่าเธอน่าจะขายของหายากนะ",
  "Sandy_Birthday_Bye": "ฉันมีช่วงเวลาที่ดีนะ$h#$b#ขอบคุณที่เป็นเพื่อนกับฉันนะ$h#$e#แวะมาได้ตลอดนะ!$h"
}
