{
  "name": "คืนแห่งวิญญาณ",
  "conditions": "Town/2200 2350",
  "set-up": "spirits_eve/-1000 -1000/farmer 12 54 1/changeToTemporaryMap Town-Halloween/viewport -1000 -1000/loadActors Set-Up/advancedMove Maru true 0 2 2 0 0 3 -11 0 0 -7 5 0 0 2 4 0/advancedMove Alex true -4 0 4 4000 4 0 4 5000/advancedMove Jas true 1 1500 4 1000/advancedMove Pam true 0 1 1 5000 0 -1 1 5000/advancedMove Shane true -7 0 0 2 2 9000 0 -2 7 0 4 9000/advancedMove Demetrius true 3 18000 4 3000/addTemporaryActor Skeleton 16 32 30 59 2 false Monster/advancedMove Skeleton true 0 1 3 4000 2 0 0 -1 4 2000 -1 0 3 1000 2 2000 0 -1 4 4000 -1 0 0 1 2 5000/addTemporaryActor Skeleton 16 32 35 58 2 false Monster/playerControl halloween/viewport player clamp true unfreeze/globalFadeToClear",
  "Abigail_spouse": "เธอบอกฉันว่า มีอะไรอยู่ข้างหน้านะ ไม่ ฉันไปไม่ได้... นั่นแมงมุม...$s",
  "Leah_spouse": "ฉันว่าฉันกินเหล้าฟักทอง มากเกินไปหน่อย...",
  "Maru_spouse": "ฉันกำลังสับสน... เธอเดินไปก่อนเลย ขอเวลาฉันคิดแป๊บนึง",
  "Penny_spouse": "โอ้.. หมอกควันพวกนี้... อืมม... เธอดูดีจังเลยคืนนี้$l",
  "Haley_spouse": "ข้างหน้ามันดูน่ากลัวเกินไป ฉันว่าฉันอยู่ตรงนี้ดีกว่า$s",
  "Sebastian_spouse": "มันน่าสนใจเหมือนกันนะ ที่จะมีเจ้านี่ในฟาร์มสักตัว",
  "Sam_spouse": "เฮ้ ฉันจะประหลาดใจมาก ถ้าเธอทำได้!$h",
  "Harvey_spouse": "สวัสดี... ฉันหวังอยู่แล้วว่า เธอจะมาหาฉันที่นี่...$l",
  "Elliott_spouse": "เอิ่มม... ฉันว่าฉันกินพายฟักทอง มากเกินไปแล้ว",
  "Abigail": "ฉันไม่กล้าไปต่อแล้ว... มันมีแมงมุมอยู่...$s",
  "Robin": "ใกล้จะถึง หน้าหนาวแล้ว มันเป็นเวลาที่ควร จะเก็บไม้และพวกหิน",
  "Demetrius": "ฉันไม่ได้เห็นมารุมาสักพักแล้ว... หวังว่าเธอ คงไม่เป็นไรนะ",
  "Maru": "ฉันคิดว่า ฉันเคยเดินผ่าน แถวนี้แล้วนะ.... ไม่สิ เดี๋ยวก่อนนะ...$s#$e#ฉันว่าฉัน หลงทางแล้วล่ะ...$s",
  "Sebastian": "ฉันไม่รู้เหมือนกันว่า โครงกระดูกนี้ เดินได้อย่างไร... น่าขนลุกชะมัด#$e#แต่มันก็ดูเท่ดี เหมือนกันนะ",
  "Pierre": "??",
  "Caroline": "ฉันเป็นคนขี้กลัวน่ะ ปล่อยให้พวกเด็กๆ เล่นเขาวงกตผีสิงดีกว่า",
  "Linus": "แสดงได้ดี เพื่อนเก่า",
  "Alex": "มีอะไรแปลกๆ อยู่ตรงนั้นล่ะ แต่จะไปยังไงดีล่ะ?#$e#มันต้องมีทางลับ อยู่สักที่แถวๆ นี้แหละ",
  "George": "อืมม... สะโพกไก่งวงรมควัน จะว่าไปงานเทศกาลนี้ก็ ไม่ได้เลวร้ายไปซะหมดนะ$h",
  "Evelyn": "ฉันว่ากัสควรจะมีทางเลือก สำหรับคนกินมังสวิรัติด้วยนะ อย่างเช่นบาร์บีคิวแตงซูกินี อะไรทำนองนี้?",
  "Lewis": "สวัสดียามดึก @ ได้เข้าไปใน เขาวงกตผีสิงรึยัง? ค่อนข้างน่ากลัวเลยล่ะ#$e#ผู้ชายแปลกๆ ที่อาศัยอยู่ในหอคอยนั่นน่ะ เป็นผู้สร้างเองเลยนะ เขาไม่อนุญาตให้ใคร เข้ามาใกล้ในขณะ ที่กำลังเตรียมการอยู่",
  "Clint": "เจ้าพวกนี้น่ะ แค่ใช้กระบองเสริมอิริเดียม ของฉันสักอันก็จัดการมัน ได้สบายแล้ว",
  "Emily": "เธอชอบโคมไฟฟักทอง แจ๊ค-โอ-แลนเทิร์น (Jack-o-Lanterns) รึเปล่า? ฉันแกะเองกับมือเลยนะ",
  "Penny": "ไอน้ำจากหม้อน้ำนี่... มันทำให้ฉันหัวหมุน แต่ดูเหมือน ฉันไม่สามารถออกไปได้...$u",
  "Pam": "ฉันจะมางานใดก็ตาม ที่มีของฟรี! แต่เธอจะไม่ได้เห็นฉัน ในเขาวงกตผีสิงหรอกนะ",
  "Haley": "อี๋ ฉันกลัวเหลือเกิน$s",
  "Jodi": "วินเซนท์ไม่พอใจที่ฉัน ไม่ให้เข้าไปเล่นที่ เขาวงกตผีสิง... เพราะเขายังเด็กอยู่เลย!",
  "Kent": "เฮ้ @ บรรยากาศยามเย็นนี่ดีนะ ว่าไหม?",
  "Sam": "นี่มันแปลกๆนะ... มันเป็นทางตันข้างหน้า#$e#ฉันสาบานเลยว่า มีบางคนอยู่ข้างหน้าฉัน ตอนที่ฉันผ่านเขาวงกต เขาไปที่ไหนกัน?",
  "Leah": "ง่ำๆ สวัสดี โทษที... กำลังกินแบล็กเบอร์รีอยู่น่ะ",
  "Marnie": "หวัดดีจ้ะ @ เธอมีผลผลิตดีๆ ของฤดูใบไม้ร่วงรึเปล่า?#$e#มันเริ่มที่จะหนาวแล้วนะ... ผลผลิตจะอยู่ได้ ไม่นานแล้ว",
  "Elliott": "อ้าว หวัดดี @ มันหนาวยะเยือกเลยนะ ว่าไหม?",
  "Gus": "การทำอาหารด้วยฟักทอง มันสนุกดีนะ ช่างเป็นผลไม้ที่น่าสนใจจริงๆ",
  "Dwarf": "มีฝนตกงั้นเหรอ? *เฮือก*#$e#ฝน.... นี่อาจเป็น ตำนานสำหรับพวกเราเลย พวกเราบางคน อยู่มาโดยไม่เคย เจอเรื่องแบบนี้ มาก่อน",
  "Wizard": "เรื่องงานเทศกาล ไร้สาระของพวกชาวบ้านนี่ ข้าไม่สนใจหรอก แต่เพราะมันเป็นโอกาสที่ จะได้จับตาดูเจ้าใกล้ๆ นี่สิ#$e#ข้าจึงยอมสร้างเขาวงกตโง่ๆ นี่ขึ้นมาให้พวกชาวบ้าน",
  "Harvey": "อ้าว! เจอตัวผมได้ไงอ่ะ...$8#$b#จริงๆ แล้วผมกลัวมาก ก็เลยเข้ามาซ่อนตัวที่นี่ อย่าไปบอกใครล่ะ$s",
  "Shane": "ทำไมไม่มี เหล้าเอลฟักทอง เหลืออีกแล้วล่ะ?",
  "Sandy": "ฉันได้ยินว่า ที่นั่นฝนตกล่ะ นั่นใช่เหตุผลที่คุณ มาที่นี่ไหม?$h#$e#จริงๆแล้ว บางครั้ง ฉันก็คิดถึงฝนนะ..$s",
  "Jas": "แต่ป้ามานีคะ! หนูอยากเข้าไป ในเขาวงกตนี่นา! หนูไม่กลัวหรอก!$s",
  "Vincent": "แม่ไม่ให้ผม เข้าไปในเขาวงกตล่ะ *เศร้า*$s",
  "Marlon": "อย่าอยู่ใกล้กรง มากเกินไปล่ะ",
  "Leo": "%ลีโอจ้องหน้าจอทีวี แบบตาไม่กะพริบ จนไม่ได้สังเกตคุณ",
  "shop_y2": "BO 113 5000 1 O 746 750 5 BL 746 2000 1 BO 47 350 -1 F 2870 4000 -1",
  "set-up_y2": "spirits_eve/-1000 -1000/farmer 12 54 1/changeToTemporaryMap Town-Halloween2/viewport -1000 -1000/loadActors Set-Up/advancedMove Pam true 1 10000 4 2500/advancedMove Jodi true 4 12300 3 3000/advancedMove Harvey true 3 9000 4 2000 3 500 2 2500/advancedMove Vincent true 2 11000 3 1250 2 500 1 1000/advancedMove Sebastian true 2 13500 3 1400 2 500 1 1200/advancedMove Willy true 4 12000 3 1550 4 10500 1 1750/advancedMove Emily true 2 6500 3 1000 2 4000 1 1250/advancedMove Leah true 2 4000 1 3000 4 2250 1 500 2 800 0 5 -4 0 3 1100 2 3500 3 600 -4 0 0 -4 4 500 3 4000 2 1500 3 2500 4 1500 3 1750 2 500 0 4 4 0 1 800 2 3000 3 1500 2 3250 1 500 4 0 0 -5 4 2500/advancedMove Robin true 4 8500 2 0 1 500 4 6250 3 650 -2 0 3 400 4 500/advancedMove Abigail true 4 7500 1 500 2 0 1 400 4 5500 2 0 0 -3 4 500 3 6250 2 500 0 3 -2 0 3 500 4 3750 3 400 -2 0 3 500/advancedMove Alex true 2 8000 1 1000 2 650 3 1250 2 5500 1 1500 2 750 3 1500 2 500/advancedMove Kent true 4 3800 1 400 3 0 1 400 4 9600 3 500 -2 0 3 500 4 7000 3 400 -1 0 3 400/positionOffset Clint 16 -24/positionOffset Willy 5 -15/positionOffset George 0 -12/positionOffset Evelyn 0 -16/addTemporaryActor Mummy 16 32 9 62 2 false Monster/advancedMove Mummy true 2 5000 1 0 1 800 2 4000 3 2000 2 500 1 2500 2 4000 3 500 4 500 0 -1 4 1500 1 3000 2 4000 3 800 -1 0 3 1500 2 3750 0 1 2 2000/addTemporaryActor Wilderness_Golem 16 24 18 59 2 false Monster/advancedMove Wilderness_Golem true 2 5000 3 2500 2 4000 1 2000 2 1000 3 500 -1 0 3 1000 2 6000 0 1 2 4000 3 3000 2 500 1 2500 4 650 0 -1 -1 0 3 2000 3 5000 3 3000 2 2000 1 1500 2 0 1 3000/addTemporaryActor Stone_Golem 16 24 16 61 2 false Monster/advancedMove Stone_Golem true 2 3500 0 1 2 0 1 500 2 4000 1 800 4 500 0 -1 4 2000 1 2500 2 500 3 3000 -2 0 3 3000/advancedMove Leo true 2 5000 1 3000 2 3500 1 4000/addTemporaryActor Mummy 16 32 11 60 1 false Monster/playerControl halloween/viewport player clamp true unfreeze/globalFadeToClear",
  "Abigail_spouse_y2": "เธอเคยต่อสู้กับมอนสเตอร์ พวกนี้มาก่อนไหม?$0#$e#แล้ว... มะ-แมงมุมก็ด้วยเหรอ?$2",
  "Leah_spouse_y2": "เหมือนฉันจะกิน เบียร์ฟักทองมากเกินไป ก่อนจะเข้ามาในเขาวงกต$2#$e#เธอนำเลย เดี๋ยวฉันตาม$0",
  "Maru_spouse_y2": "หยิบจานมาแล้วนั่งลง พร้อมหน้าทั้งครอบครัว!$1",
  "Penny_spouse_y2": "*ถอนหายใจ* ฉันหลงทางในเขาวงตก...$3#$e#ฉันกังวลว่าฉันจะติดอยู่ที่นี่ และทุกคนก็กลับบ้านกันหมด โดยปล่อยทิ้งฉันไว้!$12",
  "Emily_spouse_y2": "*หัวเราะคิกคัก* ฉันรู้ว่าเธอต้องหาทางมาที่นี่ได้$0",
  "Haley_spouse_y2": "อ๊า! มันไม่ใช่ของจริง$h#$b#.... ใช่ไหม @? ไม่ใช่ของจริง... ใช่ไหม?$12",
  "Alex_spouse_y2": "ไง เธอผ่านไอ้มือน่าสยอง นั่นมาจนได้$1#$e#ฉันคิดว่า ฉันได้ยินเสียง คนร้องขอให้ช่วยใกล้ๆ นี้$0",
  "Sebastian_spouse_y2": "นี่ เธอพอจะ... ช่วยฉันหน่อยได้ไหม? ฮ่าฮ่าฮ่า...$h#$e#ป้ายหลุมศพพวกนี้ น่าจะดูดีกับฟาร์มของเรานะ เธอว่าไหม?$0",
  "Sam_spouse_y2": "น้องชายกับฉัน มาไกลถึงตรงนี้ได้ แต่เราติดอยู่นี่ซะแล้ว#$e#เธอไปต่อได้เลย... หาสมบัติแทนพวกเราด้วย!",
  "Harvey_spouse_y2": "ผมสงสัยอยู่เลยว่า ผมจะได้เจอคุณเมื่อไร$1#$e#ไม่ต้องสนผมหรอกครับ ผมแค่พักหายใจสักเดี๋ยวนึง$0",
  "Elliott_spouse_y2": "ผมตัวสั่นเทิ้ม เมื่อคิดว่าจะเกิดอะไรขึ้น หากเจ้าสิ่งพวกนี้หลุดไปได้...%noturn$2#$e#อย่ากลัวไปเลยครับ ที่รัก! ผมจะไล่พวกสิ่งชั่วร้ายนี่ไป ก่อนที่พวกมันจะแตะต้องคุณ",
  "Shane_spouse_y2": "ผมคุยกับมานี เรื่องที่จะขอให้แจส เข้าไปในเขาวงกต ผมคิดว่าแจสโตพอแล้ว$0#$e#แต่เราจะค่อยๆ ไปกันแบบช้าๆ คุณไปก่อนเลย!$1",
  "Abigail_y2": "เธอเห็นของตกแต่ง ตรงบ้านของฉันไหม? ฉันไม่ชอบเลย...$2",
  "Robin_y2": "เธอตั้งตาคอยให้สิ่งต่างๆ ค่อยๆ ช้าลงอยู่รึเปล่า? ฤดูหนาวมาจ่อรอแล้ว$0",
  "Demetrius_y2": "คุณรู้ไหม... การศึกษาเรื่อง มานุษยกายวิภาคศาสตร์ พบว่าทำนอง จังหวะ และคีย์เพลง ส่งผลกระทบที่วัดได้ ต่อระดับของคอร์ติซอล?#$e#เอ่อ... ไอศกรีมวานิลาตรงนั้น เข้ากับพายแบล็กเบอร์รี ได้ดีเลยเนอะ?$0",
  "Maru_y2": "หลังจากที่ฉันกินเสร็จ ฉันจะเข้าไปในวงกต!$0",
  "Sebastian_y2": "ตรงนี้ที่ฉัน$0",
  "Pierre_y2": "อ้อ ชาวไร่ @ นี่เอง! ผมมีของที่คัดสรรมาอย่างดี สำหรับค่ำคืนนี้ มาดูก่อนสิ!$0",
  "Caroline_y2": "ฉันต้องตักอาหาร เผื่อให้สามีของฉันไว้น่ะจ้ะ เขาจะต้องเฝ้าร้านทั้งคืน$0",
  "Linus_y2": "ฮ่าฮ่า! งานดีอีกแล้วนะเนี่ย เพื่อนเก่าเพื่อนแก่ของฉัน$1",
  "Alex_y2": "ฉันว่า ฉันได้ยินเสียงสาวกรีดร้อง... เธอต้องการให้ฉันช่วย!$0",
  "George_y2": "ถ้าฉันไม่ต้องอยู่บน เก้าอี้โง่ๆ นี่ ฉันคงได้วิ่งน็อครอบทุกคน ไปทั่วเขาวงกตแล้ว!$0",
  "Evelyn_y2": "ที่รัก ช่วยส่งซูกินี่ทอด ให้หน่อยได้ไหมจ้ะ?$0",
  "Lewis_y2": "สายัณห์สวัสดิ์ @ และอีกครั้ง เราได้เผชิญกับวงกตสุดเฮี้ยน ที่สร้างขึ้นมาแบบลับๆ โดยบุคคลแปลกๆ ที่อาศัยอยู่ในป่า$0#$e#ฉันได้ยินมาว่า รอบนี้ใหญ่กว่าคราวที่แล้ว ขอให้โชคดี ถ้าเธอกล้าเข้าไปข้างใน...",
  "Clint_y2": "ฉันพิชิตเขาวงกตเสร็จแล้ว... ตอนนี้ถึงผ่อนคลาย ไปกับเบียร์ฟักทอง!#$e#...ฉันพยายามอย่างเต็มที่ ที่จะไม่สน แมงมุงที่อยู่ข้างหลังฉัน$0",
  "Emily_y2": "โอ้ววว เธอก็เจอทางเข้าลับ เหมือนกันเหรอเนี่ย!$1",
  "Penny_y2": "ฉันอยู่ในวงกตมาสักพักแล้ว แล้วตอนนี้ฉันก็เริ่มหิวแล้วละ$0#$e#คุณแม่ของฉัน กำลังสนุกเต็มที่เลย$0",
  "Pam_y2": "ส่งขวดเบียร์ฟักทองทางนั้น มาให้ฉันที!... *สะอึก*$1",
  "Haley_y2": "เธอเห็นพี่สาวฉันไหม?$2#$e#เอมิลี! เธอได้ยินฉันไหม?$2",
  "Jodi_y2": "แซมพาวินเซนท์ เข้าไปในเขาวงกต หวังว่าพวกเขา จะไม่เป็นไรนะ...$0",
  "Kent_y2": "พวกนี้ก็ดูไม่โหดเท่าไร$0",
  "Sam_y2": "ฉันใช่แซมรึเปล่า? หึ หึ หึ...$11",
  "Leah_y2": "ทางนี้รึเปล่า? หรืออาจจะทางโน้น?$0",
  "Marnie_y2": "ฉันหวังว่าแจสจะไม่เป็นไร$2#$e#ปีนี้ฟาร์มของเธอ ประสบความสำเร็จ ได้ด้วยดีไหมจ๊ะ @?",
  "Elliott_y2": "โอ้ อสูรที่น่าสงสาร.. อาณาจักรของเจ้าคือ ในถ้ำคละคลุ้งไปด้วยกลิ่นรึ?%noturn$0#$e#บางที คนเราก็ต้องมองลงไป ยังหุบลึกเพื่อให้หลุดพ้น จากความอ่อนล้า...",
  "Gus_y2": "การแกะสลักฟักทองนี่ เป็นพรสวรรค์ของผมเลย ผมมักจะแกะตะเกียงหัวฟักทอง ให้กับทุกคนในเมืองประจำ#$b#สิ่งเดียวที่ผมขอเป็นการตอบแทน ก็คือให้เก็บเมล็ดของมันไว้.... เอามาโรยน้ำตาลอบเชยลงไป และคุณก็จะได้ขนมขบเคี้ยว สีทอง!$h",
  "Dwarf_y2": "ที่แห่งนี้แปลกจริงๆ...$0",
  "Wizard_y2": "บททดสอบยังคงดำเนินต่อไป... จอมเวททุกคนควรจะมีลูกศิษย์...",
  "Harvey_y2": "ผมเกรงใจที่จะต้องบอกว่า ผมค่อนข้างงงกับมันจริงๆ...$0",
  "Shane_y2": "เธอต้องอยู่ใกล้ๆ ฉันไว้นะ แจ๊ส อย่าเพิ่งวิ่ง!%noturn$0",
  "Sandy_y2": "ฉันได้ยินมาว่าที่บ้านฝนตก เพราะแบบนั้นเธอก็เลยมาที่นี่เหรอ?$h#$e#ฉันก็คิดถึงฝนเหมือนกันนะ จริงๆ...$s",
  "Jas_y2": "ไปทางนี้กัน!%noturn$1",
  "Willy_y2": "ฉันจะระวังหลังให้เอง เจ้าหนุ่ม... มีบางอย่างที่เลวร้าย อยู่ในวงกตนั่น...^ฉันจะระวังหลังใหเอง แม่หนู... มีบางอย่างที่เลวร้าย อยู่ในวงกตนั่น",
  "Vincent_y2": "เราชนะวงกตรึยัง? รางวัลผมอยู่ไหน?$0",
  "Marlon_y2": "ปีนี้ข้าจับมอนสเตอร์ มาได้เยอะทีเดียว อย่าไปอยู่ใกล้กรงเกินไปล่ะ",
  "Leo_y2": "เขาวงกตอยู่ในเขาวงกตอีกที... ผมงงไปหมดแล้ว...$0",
  "Krobus_y2": "จะ-เจ้ามาทำอะไรที่นี่?$0"
}
