{
  "name": "สตาร์ดิวแวลลีย์แฟร์",
  "conditions": "Town/900 1500",
  "set-up": "fallFest/-1000 -1000/farmer 12 54 1/changeToTemporaryMap Town-Fair/viewport -1000 -1000/loadActors Set-Up/advancedMove Vincent true -3 0 2 5000 3 0 2 5000/advancedMove Jas true 2 0 4 5000 -2 0 4 5000/advancedMove Marnie true -2 0 4 5000 2 0 4 5000/advancedMove Abigail true 4 6000 5 0 0 3 2 6000 0 -3 -5 0/advancedMove Robin true 0 1 1 5000 0 -2 3 5000 0 1 1 5000/animate Sebastian false true 200 16 16 16 16 16 16 16 16 16 16 16 16 17 18 19 20 21 21 21 21 20 22 22 23/addTemporaryActor BabyPig 32 32 65 68 2 false Animal/addTemporaryActor Pig 32 32 65 70 3 false Animal/addTemporaryActor \"White Chicken\" 16 16 59 67 2 false Animal/addTemporaryActor \"Brown Chicken\" 16 16 61 67 2 false Animal/addTemporaryActor \"White Cow\" 32 32 59 72 0 false Animal/addTemporaryActor \"BabyWhite Cow\" 32 32 61 72 1 false Animal/advancedMove BabyPig true 0 1 3 5000 0 -1 0 7000/advancedMove Pig true 3 5000 0 1 1 5000 0 -1 3 5000/advancedMove White_Chicken true 1 0 2 7000 -1 0 2 10000/animate \"Brown Chicken\" false true 500 16 17/playerControl fair/viewport player clamp true unfreeze/globalFadeToClear",
  "Abigail_spouse": "เมื่อปีที่แล้ว ฉันชนะเกมพวกนี้มาหมดละ!$h",
  "Leah_spouse": "ฉันเรียนรู้ทุกอย่าง จากโรบินหมดแล้ว แต่เธอก็ยัง นำฉันอยู่หนึ่งก้าวเสมอ!",
  "Maru_spouse": "หมับบบ... โอกาสดีที่ฉันจะได้กิน แซนด์วิชหมูบาร์บีคิว มาถึงแล้ว",
  "Penny_spouse": "ฉันหวังว่า เราจะชนะการประกวด ผลผลิตประจำปีนะ!",
  "Haley_spouse": "เธอไม่ได้ลืมหยิบผลผลิต มาประกวดหรอกใช่ไหม? หวังว่าปีนี้เราจะชนะนะ",
  "Sebastian_spouse": "นี่ @ ฉันแค่กำลังหาตัวแซมน่ะ ว่าจะพาไปทำอะไรสนุกๆ ซะหน่อย",
  "Sam_spouse": "เซบาสเตียนน่ะ เป็นแบบนี้เสมอแหละ แล้วเธอล่ะ สนุกกับเทศกาลรึเปล่า?",
  "Alex_spouse": "ผมจะไปหาเพื่อนเก่าซะหน่อย เธอไปเดินหาอะไรสนุกๆ เล่นได้เลยนะ",
  "Harvey_spouse": "ผมรออยู่ตรงนี้ จนกว่าคุณ อยากจะกลับบ้านแล้วกันนะ...",
  "Elliott_spouse": "กลิ่นหอมรมควัน โชยเข้าจมูกผมเลย มันคือกลิ่นซอสเผ็ดร้อน ของกัสที่ผมชอบมากๆ...*กลืนน้ำลาย*$s",
  "Abigail": "ฉันเล่นชนะมาหมดแล้ว... ทีนี้จะเล่นอะไรต่อดีล่ะ?",
  "Robin": "งานไม้เป็นประเพณี ที่สืบต่อกันมายาวนาน ฉันภูมิใจมากนะ ที่ได้มีส่วนร่วมในงานนี้ด้วย$h",
  "Demetrius": "โรบินทุ่มเททำงานไม้นี้ อย่างเต็มที่เลยล่ะ... ไม่ว่าตอนนี้หรือตอนไหน ทุกคนจะจดจำเธอ",
  "Maru": "*ซรู้ดดด* อืมม... ซอสบาร์บีคิวนี่แจ่มมากเลย$h",
  "Sebastian": "วันนี้วุ่นวายน่าดูเลย... ฉันคงอยู่แถวนี้อีกพักหนึ่ง",
  "Pierre": "ร้านฉันมีสินค้าคุณภาพที่ดี ที่สุดในละแวกนี้ ลองเลือกชมสินค้า ที่ฉันนำมาแสดงใกล้ๆ สิ จะได้ให้เห็นกัน เต็มตาแบบชัดๆ ไปเลย!",
  "Caroline": "ปิแอร์เอาจริงเอาจัง กับการจัดแสดงสินค้ามากๆ เขาเตรียมการหลายสัปดาห์ เพื่อให้ได้ผลผลิตที่ดูดีที่สุด#$e#นี่ ถ้าเธอเข้าร่วมงานนี้เหมือนกัน ฉันก็ขอให้โชคดีนะ!",
  "Linus": "สัตว์พวกนี้ ไม่เคยตัดสินคนจากภายนอก แต่คำพูดนี้เอามาใช้กับคน ไม่ได้หรอก",
  "Alex": "ฉันเล่นเกม 'ประลองกำลัง' หลายครั้งเกินไป และตอนนี้ก็รู้สึกว่า แขนอ่อนยวบเหมือนยางเลย",
  "George": "อืมม... สะโพกไก่งวงรมควันงั้นเหรอ? งานเทศกาลนี้ก็ยังมีอะไรดีๆ เหลืออยู่บ้างนะเนี่ย$h",
  "Evelyn": "ฉันว่ากัสน่าจะมีทางเลือก สำหรับคนกินมังสวิรัติด้วยนะ อย่างเช่น แตงซูกินีเสียบไม้ อะไรทำนองนี้ล่ะมั้ง?",
  "Lewis": "คืองี้นะ @ วันนี้เป็นวัน 'สตาร์ดิวแวลลีย์แฟร์' ซึ่งเป็นวันที่ยิ่งใหญ่มาก... และเป็นเทศกาลที่ สำคัญที่สุดในปีนี้เลย#$b#ถ้าอยาก เข้าร่วมมาจัดแสดงสินค้า ฉันก็เตรียม ที่จัดแสดงเอาไว้ให้แล้วล่ะ จัดเตรียมเสร็จเมื่อไหร่ ก็มาบอกฉันแล้วกัน ฉันจะได้ตัดเข้าช่วงตัดสินเลย",
  "Clint": "บางครั้งฉันก็ บ่นเกี่ยวกับงานของตัวเอง แต่ฉันภูมิใจกับมันแหละ#$b#งานบางชิ้น เป็นผลงานชิ้นโบว์แดง ของฉันเลย หวังว่าเธอจะชอบนะ",
  "Emily": "เธอรู้ไหม ฉันน่าจะเล่นเป็นตัวตลกได้ดีนะ แต่ว่าคงไม่ทันแล้วล่ะ",
  "Penny": "ฉันชนะวงล้อโชคดีติดกัน 10 ครั้ง แต่ตอนนี้เขา ไม่ยอมให้ฉันเล่น อีกต่อไปแล้วล่ะ..$s",
  "Pam": "รีบเข้าเด็กๆ... ก่อนที่เจ๊แพม จะมาตกปลาจนหมดเต็นท์นะจ๊ะ ฮี่ฮี่$h",
  "Haley": "เธอเคยไปดูดวงหรือเปล่า หล่อนตั้งแผงอยู่ในสุสานแน่ะ#$e#ฉันไปเจิมมาแล้ว หล่อนบอกฉันเกี่ยวกับ บางอย่างที่น่าสนใจด้วยแหละ *ฮิๆ*$h",
  "Jodi": "เขาดูไม่มีความสุขเลย... ฉันว่านายกเทศมนตรีเลวิส คงลดงบค่าตัวตลกในปีนี้แน่ๆ",
  "Kent": "ฉันรอให้ตัวตลกนี่ เริ่มทำอะไรฮาๆ อยู่#$e#แต่ผลที่ได้คือ ค่อนข้างน่าผิดหวัง",
  "Sam": "เฮ้ @ สนุกไหม?#$e#เต็นท์ยิงหนังสติ๊กสนุกมากเลย แล้วถ้ายิงเก่ง จะสะสมเหรียญดาว ได้เยอะเลยล่ะ",
  "Leah": "ฉันนับถือทักษะ ช่างไม้ของโรบินมากเลยนะ ฉันเองก็ใช้เทคนิคหลายๆ อย่างที่เหมือนกับของเธอ ในงานตัวเอง",
  "Shane": "พวกสัตว์มีนิสัยเป็นมิตรนะ แล้วก็ชอบให้เราดูแลด้วย",
  "Marnie": "ฉันพยายามเต็มที่แล้ว แต่พอเอาสินค้าที่ฉันแสดง ไปเทียบกับของปิแอร์แล้ว ยังมีจุดอ่อนอยู่พอควรเลยล่ะ$s#$e#แต่ก็หวังว่าพวกกรรมการ จะให้คะแนนพิเศษสำหรับ ก้อนชีสขนาดใหญ่นั่นกับฉันนะ",
  "Elliott": "ฉันพยายามล่อให้กัส บอกสูตรซอสของเขาอยู่ แต่เขาไม่ปริปากสักนิด",
  "Gus": "กินเท่าที่ต้องการได้เลยนะ! วันนี้กินฟรีไม่อั้น... แถมท่านนายกเทศมนตรีเลวิส ยังเอ่ยปากชมด้วยล่ะ$h#$e#อ้อ! อย่าลืมใส่ซอส สูตรพิเศษของฉันด้วยนะ",
  "Dwarf": "มีฝนตกงั้นเหรอ? *เฮือก*#$e#ฝน.... สำหรับพวกเราแล้ว นี่อาจถือเป็นเรื่องแต่งเลยนะ พวกเราบางคน ใช้ชีวิตอยู่มาโดยไม่เคย เจอฝนตกก่อนเลยด้วยซ้ำ",
  "Wizard": "เวลวิกกับข้า รู้จักกันมานานแล้ว... เธอเป็นหมอดูที่วิเศษ และเพื่อนที่แสนดี#$e#...#$e#ตัวตลกนั่น... เหมือนข้าจะรู้จักเขา จากที่ไหนสักแห่ง#$e#อาจจะรู้จักจาก โรงเรียนมายาล่ะมั้ง? หรือไม่ก็จาก ละครสัตว์แห่งความลับ หรือเปล่านะ? อืมม...",
  "Harvey": "และเพียงไม่กี่ขั้นตอน โดยเริ่มทำตั้งแต่ตรงนั้น กัสกำลังย่างซี่โครงหมูอยู่... ยี้$s#$e#ผมควรจะไป หาอะไรสร้างสรรค์ ทำดีกว่า...$11",
  "Sandy": "ฉันได้ยินมาว่าที่นั่นฝนตกล่ะ นี่เลยเป็นเหตุผลให้คุณมาที่นี่หรือเปล่า?$h#$e#จริงๆ แล้ว บางครั้งฉันก็คิดถึงฝนนะ..$s",
  "Jas": "โอ๊ะ! ไก่จิกนิ้วก้อยหนู!$u",
  "Vincent": "มอออ!!",
  "Marlon": "มีดของคลินท์คมกริบยิ่งขึ้นทุกปี#$e#และราคาสินค้าของเขา ก็แพงขึ้นทุกปีเช่นกัน...",
  "Willy": "จัดของเสร็จหรือยังน่ะ @? นี่เป็นโอกาสดีเลยนะ ที่จะได้แสดงให้เห็นว่า ของดีจาก %farm มันเป็นยังไง!",
  "Leo": "ฮ่าฮ่า! ผมไม่เคยเห็นอะไรแบบนี้ มาก่อนเลย...$h",
  "set-up_y2": "fallFest/-1000 -1000/farmer 12 54 1/changeToTemporaryMap Town-Fair2/viewport -1000 -1000/loadActors Set-Up/animate Sebastian false true 200 16 16 16 16 16 16 16 16 16 16 16 16 17 18 19 20 21 21 21 21 20 22 22 23/animate Penny false true 1000 34/positionOffset Penny 0 24/advancedMove Marnie true 2 3500 3 300 -2 0 3 300 4 4000 1 300 2 0 2 5750/advancedMove Abigail true 4 6000 3 300 -1 0 3 300 4 4500 1 300 2 0 1 300 4 4750 3 300 -1 0 3 250 4 1000/advancedMove Maru true 2 8000 1 300 2 0 0 3 2 0 1 2500 2 3000 1 3000 2 300 3 300 -3 0 0 5 2 300 3 4000 2 300 1 3000 4 300 0 -5 1 0 0 -3 -2 0 3 3000 2 4000/advancedMove Linus true 2 7000 1 300 2 0 1 250 2 6000 3 300 -2 0 3 300 2 1000/advancedMove Demetrius true 1 6500 2 300 0 3 3 0 1 300 4 5500 3 300 -3 0 0 -3 4 300 1 2000/advancedMove Jas true 3 6000 4 250 0 -2 -4 0 3 300 2 5000 3 300 -2 0 0 4 2 300 1 5000 4 300 0 -4 2 0 1 300 2 4000 1 300 4 0 0 2 2 300 3 1000/advancedMove Leo true 2 7500 1 300 2 0 0 2 2 300 3 5000 4 300 0 -2 -2 0 3 300 2 1000/advancedMove Pam true 3 7750 4 300 0 -1 -2 0 0 -1 4 5000 1 300 2 350 0 1 2 0 0 1 2 300 3 1000/advancedMove Gus true 4 4300 1 300 1 0 1 300 4 3500 3 350 -2 0 3 350 4 4600 1 300 1 0 4 1000/advancedMove Robin true 4 4500 3 300 -1 0 0 -2 4 300 1 5000 2 300 0 2 1 0 1 300 4 1000/advancedMove Leah true 3 6300 4 300 0 -1 -1 0 3 300 2 5000 3 300 -1 0 0 1 2 300 1 5000 4 300 0 -1 1 0 1 300 2 4500 1 300 1 0 0 1 2 300 3 1250/advancedMove Elliott true 2 6800 3 2500 2 8000 3 2000 2 300/positionOffset Shane 12 -16/positionOffset Vincent 0 -12/positionOffset Kent? 12 -16/positionOffset Jodi 20 0/positionOffset Sebastian 16 0/positionOffset Clint 20 -8/positionOffset Marlon 0 -20/positionOffset George 12 16/positionOffset Alex 0 16/positionOffset Emily 12 -20/positionOffset Sandy 18 -24/positionOffset Wizard 24 -12/positionOffset Sebastian -8 -12/addTemporaryActor Brown_Chicken 16 16 25 36 1 false Animal/addTemporaryActor White_Chicken 16 16 25 33 2 false Animal/addTemporaryActor BabyWhite_Cow 32 32 16 33 2 false Animal/addTemporaryActor BabyBrown_Cow 32 32 13 34 3 false Animal/addTemporaryActor White_Cow 32 32 16 35 2 false Animal/addTemporaryActor Brown_Cow 32 32 14 36 1 false Animal/addTemporaryActor BabyRabbit 16 16 32 33 2 false Animal/addTemporaryActor Rabbit 16 16 30 33 3 false Animal/addTemporaryActor Sheep 32 32 30 35 1 false Animal/addTemporaryActor BabySheep 32 32 32 36 2 false Animal/addTemporaryActor Goat 32 32 22 35 1 false Animal/addTemporaryActor BabyGoat 32 32 21 33 3 false Animal/animate White_Chicken false true 500 16 17/advancedMove Brown_Chicken true 1 3500 4 500 0 -1 4 2000 3 1750 2 2000 0 1 2 1000 1 3000 2 1500 3 1750 2 500 1 1500/advancedMove Sheep true 1 2500 2 3000 3 2000 2 3000 1 4000 2 2500 3 4000 2 3000 1 1000/advancedMove Goat true 1 4500 2 500 3 6250/positionOffset BabyGoat 24 -8/positionOffset BabyRabbit 24 24/advancedMove Brown_Cow true 2 4000 1 3500 2 1000 3 2000/advancedMove BabyWhite_Cow true 2 3000 3 4500 2 2000 1 3500 2 1000/advancedMove White_Cow true 1 7500 2 2000 3 4600 2 1500 1 6000/viewport player clamp true unfreeze/playerControl fair/globalFadeToClear/pause 2000",
  "Abigail_spouse_y2": "อาวุธพวกนี้แจ๋วไปเลยนี่? ฉันอาจจะเอาพวกมันสักอัน กลับบ้านด้วยกันวันนี้$0",
  "Leah_spouse_y2": "นี่ ปีนี้โรบินสอนเทคนิกใหม่ๆ ให้ฉันด้วย#$e#ไว้ฉันจะทำให้เธอดูทีหลังนะ...$1",
  "Maru_spouse_y2": "ฉันอยากให้เราจะชนะ การจัดแสดงสินค้า! ปีนี้เธอทำงานหนักมากจริงๆ",
  "Penny_spouse_y2": "มาสิ มานั่งพักสักเดี๋ยวก่อน! ที่ม้านั่งตรงนั้น มีที่สำหรับเรา 2 คนด้วย$1",
  "Haley_spouse_y2": "มันก็ตลดนิดๆ นะที่เห็นอเล็กซ์ กินซะพุงกางแบบนี้ ดูเหมือนเขาจะสบายดี#$e#ฉันหวังว่าเราจะชนะ การจัดแสดงสินค้าในปีนี้นะ!$1",
  "Emily_spouse_y2": "แซนดี้เดินทางไกลมาจาก ทะเลทรายคาลิโก้ เพื่อมาที่นี่วันนี้#$b#นานๆ ฉันจะได้เจอเธอสักที!",
  "Sebastian_spouse_y2": "คุณผู้หญิงที่อยู่ในสุสาน พยากรณ์อนาคตของพวกเรา...$0#$b#ผลปรากฏว่า พวกเราถูกลิขิตให้ ใช้ชีวิตอยู่ด้วยกัน อย่างมีความสุข$1",
  "Sam_spouse_y2": "ไง เธอสนุกกับงานเทศกาลรึเปล่า? ฉันจะส่งแรงเชียร์ ให้กระบะจัดสินค้าของเรา!$0#$e#หึๆ... ถ้าเธออยากจะวางพนัน ที่วงล้อนั่น... แทงสีเขียว!$0",
  "Alex_spouse_y2": "เธอได้กินอะไรยัง? มีของให้กิน เยอะแยะไปหมดเลย!$0#$e#ฉันกินแซนวิชไป 3 อันแล้ว... อื้มม... ซอสนั่น...",
  "Harvey_spouse_y2": "ไงครับ ที่รัก ขอให้โชคดี ในการแข่งขันวันนี้ครับ ผมรู้เลยว่า คุณจะต้องโดดเด่นแน่นอน!$0",
  "Elliott_spouse_y2": "ชนะแล้ว! ผมทำคะแนนได้ '216' แต้ม ด้วยการตกปลา 5 ตัว... สถิติที่ดีที่สุดของผม!$1#$e#เอาล่ะที่นี้ ผมจะต้องเลือกรางวัล ที่เหมาะสมกับคุณ ด้วยเหรียญดาวพวกนี้...$0",
  "Shane_spouse_y2": "ผมอาจจะขอให้คุณ ดูสัตว์ให้สักหน่อย ผมจะได้ไปหยิบอาหาร$0",
  "Abigail_y2": "ดาบอันนี้อลังการมาก บางทีสักวัน ฉันคงจะมีเงินพอ ซื้อมันได้สักอันบ้าง!$0",
  "Robin_y2": "ถ้าเธออยากจะเป็น ยอดฝีมืองานไม้ เธอจะต้องคิดเหมือนต้นไม้...$0",
  "Demetrius_y2": "แกะมีความจำที่ดี... และยังอยู่กันเป็นครอบครัว กับทั้งฝูงและมนุษย์...$0#$e#พวกมันยังสร้างมิตรภาพ  และสะท้อนสายสัมพันธ์ อันเหนียวแน่นกับมนุษย์ที่เลี้ยงดู ให้กับแกะตัวอื่นด้ยว!$1",
  "Maru_y2": "มีอะไรให้ทำเยอะเลย! ฉันไม่รู้จะเริ่มจาก ตรงไหนก่อนดี$0",
  "Sebastian_y2": "คุณผู้หญิงตรงนั้น ดูดวงให้ฉัน ฉันไม่รู้ว่ามันหมายความว่าไง...$0",
  "Linus_y2": "สัตว์ก็เหมือนกับเด็กๆ... พวกมันก็มีความรู้สึก และอารมณ์เช่นกัน$0",
  "Pierre_y2": "ฉันมั่นใจมาก ว่าฉันจะต้องคว้าชัยชนะ ในการประกวด การจัดแสดงสินค้าในปีนี้!$1",
  "Caroline_y2": "ของบางส่วนที่นำมาจัดแสดง มาจากเรือนกระจก ของฉันเองจ้ะ พวกเราปลูกของพวกนี้ อย่างระมัดระวังมาทั้งปี!$0",
  "Alex_y2": "ทุกครั้งที่ฉันชนะ เกมวัดพลังรอบที่ 100 ฉันจะกินแซนวิชบาบีคิวอีกอัน$0",
  "George_y2": "%จอร์จกำลังจะผลอยหลับ",
  "Evelyn_y2": "ฮิ ฮิ... บางทีฉันน่าจะเริ่ม สะสมตุ๊กตาตัวตลก...",
  "Lewis_y2": "สวัสดี @! ในที่สุดก็ถึงงาน 'สตาร์ดิวแวลลีย์แฟร์' และผู้คนก็เริ่มหลั่งไหล เข้ามากันทุกนาที#$b#และเหมือนกับคราวที่แล้ว ฉันได้เตรียมกล่องจัดแสดงสินค้าเปล่า ไว้ให้เธอแล้ว มาคุยกับฉันได้ เมื่อเธอจัดเตรียมของพร้อม เพื่อการตัดสิน",
  "Clint_y2": "รู้สึกใจฟูจริงๆ ที่เห็นคนอื่น ให้ความสนใจในงานของฉัน มันทำให้ฉันรู้สึกเหมือนว่า ได้ทำอะไรดีๆ บนโลกใบนี#$e#บางชิ้นฉันเพิ่งทำเสร็จ เมื่ออาทิตย์ที่แล้วเอง โปรดลองตั้งใจดูพวกมัน ฉันทำดีที่สุดแล้ว!",
  "Penny_y2": "*ถอนหายใจ* หลังจากที่เดินไปเดินมา ตลอดทั้งวัน มันก็ดีเหมือนกันนะ ที่ได้พักสักครู่$0",
  "Pam_y2": "ไม่มีอะไรในชีวิต จะดีมากไปกว่านี้แล้ว เจ้าหนู!$1",
  "Emily_y2": "ตอนที่แซนดี้กับฉันยังเป็นเด็ก เราพูดกันตลกๆ ว่าจะหนีไปอยู่กับ คณะละครสัตว์$0#$e#ฉันไม่คิดว่า เราทำแบบนั้นกันจริงๆ หรอก แต่มันก็สนุกดี ที่ได้ลองจินตนาการดู$1",
  "Haley_y2": "ฉันพยายามจะควบคุมอาหาร ในฤดูใบไม้ร่วงนี้... แต่เบอร์เกอร์ฉ่ำๆ มันเกินต้านมาก!$h",
  "Jodi_y2": "โอ้ ไม่น่ะ ใครมาทิ้งขยะตรงนี้ล่ะเนี่ย?$2#$e#ทุกๆ ปีเราต้องเจอกับ นักท่องเที่ยวบางคน ที่ไม่เคารพต่อเมืองของเรา...$2",
  "Kent_y2": "*หัวเราะคิกคัก* ลูกชายฉันนี่แม่นจริงๆ เขาต้องได้มาจากฉันแน่ๆ$1",
  "Marlon_y2": "ข้ามาที่ตลาดเพื่อมองหาอาวุธใหม่ ข้าสงสัยว่า ข้าจะสามารถต่อรองราคา กับคลินท์ได้ไหม...",
  "Sam_y2": "อั่ก... ฉันไปเสี่ยงดวงกับกงล้อ แล้วก็เสียหมดเลย...$2#$e#ฉันน่าจะแทงสีเขียว$0",
  "Leah_y2": "ฉันว่าโรบิกับฉัน ต้องเป็นทีมที่ดีแน่ คิดแบบนั้นไหม?",
  "Shane_y2": "พวกสัตว์ควรได้กินอาหารที่ชอบ พวกมันจะได้มีความสุข$h#$e#ลูบได้เลย ไม่กัด",
  "Marnie_y2": "ปีนี้สัตว์เลี้ยงของฉัน ประสบความสำเร็จมาก! ฉันหวังว่าผลผลิตคุณภาพสูง จะทำให้กรรมการประทับใจ$1#$e#แล้วสินค้าจัดแสดงของเธอ เป็นยังไงบ้างล่ะจ๊ะ @? นี่เป็นช่วงเวลาที่จะได้อวด ผลงานจากน้ำพักน้ำแรง$0",
  "Elliott_y2": "อ้า อย่าใส้ใจเรื่องกลิ่นนะครับ... ผมเพิ่งจะออกมาจาก ซุ้มแข่งขันตกปลา พร้อมกับเจ้าตัวเบิ้ม!$1#$e#ตอนนี้ ผมต้องคิดแล้วว่า จะเอาเหรียญดาวพวกนี้ ไปทำอะไรดี...$0",
  "Gus_y2": "ย่างของ 4 อย่างรวดนี่ งานหนักเอาเรื่องเลย! เพื่อรองรับฝูงชนที่หิวโหยในวันนี้$0#$e#ผมเลยใส่ซอสรสฉุน ลงไปนิดๆ ในแต่ละชิ้นด้วย *ขยิบตา*",
  "Dwarf_y2": "ข้าใคร่สงสัย ในการรวมตัวของ พวกมนุษย์ครั้งนี้... $0#$e#โปรดอย่าบอกใครล่ะ ข้าจะซ่อนตัวอยู่ตรงนี้...$0",
  "Wizard_y2": "หากเจ้าปรารถนาที่จะ แหวกผ่านม่านหมอกแห่งวันพรุ่งนี้ จงไปสนทนากับเวลวิคสหายข้า$0#$b#หล่อนมีของขวัญ ที่ไม่ธรรมดา...#$e#ชายหนุ่มที่ยืนอยู่ข้างต้นไม้นั่น ดูเหมือนจะยังขบคิดถึง คำพยากรณ์ที่เขาได้รับ แม้แต่พลังของข้าเอง ก็ยังมิอาจหยั่งถึง ความลับข้างในจิตใจ...$0",
  "Harvey_y2": "ผมรู้สึกประหลาดใจ กับระดับของผลงานจัดแสดงที่นี่ บางคนมีพรสวรรค์มากจริงๆ!$0",
  "Sandy_y2": "ชุมชนชาวสตาร์ดิวแวลลีย์นี่ ไม่มีใครเหมือนเลยจริงๆ...$0",
  "Jas_y2": "มออ! มออออออ!$1#$e#หนูพยายามคุยกับลูกวัวอยู่$0",
  "Vincent_y2": "ผมขอเล่นเกมยิงหนังสติ๊ก อีกรอบได้ไหมฮะ พ่อ!? นะ?$0",
  "Willy_y2": "ฉันตั้งใจตกเจ้าพวก ระดับอิริเดียมที่งดงาม เพื่อให้ทันงานเทศกาลนี้เลย!$1#$e#หลังจากการแสดงสินค้าของเรา ตัดสินเสร็จเรียบร้อยแล้ว ฉันว่าจะไปลองฝีมือ ที่ซุ้มแข่งตกปลาซะหน่อย$0",
  "Leo_y2": "ผมจะเป็นเพื่อนกับนกพวกนี้!$1"
}
