{
  "spring13": "เทศกาลไข่",
  "spring24": "เทศกาลระบำดอกไม้",
  "summer11": "เทศกาลลัวร์",
  "summer28": "ระบำแมงกะพรุนแสงจันทร์",
  "fall16": "สตาร์ดิวแวลลีย์แฟร์",
  "fall27": "คืนแห่งวิญญาณ",
  "winter8": "เทศกาลน้ำแข็ง",
  "winter25": "เทศกาลแห่งดวงดาวฤดูหนาว"
}
