{
  "name": "เทศกาลระบำดอกไม้",
  "conditions": "Forest/900 1400",
  "set-up": "event1/22 22/farmer 76 17 1/changeToTemporaryMap Forest-FlowerFestival/viewport -1000 -1000/loadActors Set-Up/advancedMove Vincent true -6 0 0 -1 6 0 0 1/advancedMove Jas true 1 0 0 1 -6 0 0 -1 5 0/advancedMove Pam true 2 25000 0 -3 4 0 4 25000 -4 0 0 3/advancedMove Haley true 0 1 2 3000 2 0 0 -1 -2 0 3 500 4 500 1 500 2 500 2 0 1 500 2 500 3 500 4 500 0 2 0 -2 -2 0/advancedMove Caroline true 7 0 0 1 1 18000 0 -1 -7 0 3 18000/advancedMove Willy true 2 25000 1 500 7 0 1 500 2 12500 3 500 -7 0 3 500 2 1000/playerControl flowerFestival/viewport player clamp true unfreeze/globalFadeToClear",
  "mainEvent": "pause 500/playMusic none/pause 500/globalFade/viewport -1000 -1000/loadActors MainEvent/warpFarmers 14 30 0 3 22 1 3 26 1 7 31 0 12 31 0 18 31 0 25 29 3 right 24 25 3/warp Girls 9 24/warp Guys 9 27/showFrame Girls 40/showFrame Guys 44/viewport 14 25 clamp true/pause 2000/playMusic FlowerDance/pause 600/animate Girls false true 600 43 41 43 42/animate Guys false true 600 44 45/pause 9600/animate Girls false true 600 46 47/animate Guys false true 300 46 47/positionOffset Guys 0 -2/pause 300/positionOffset Guys 0 -2/pause 300/positionOffset Guys 0 -2/pause 300/positionOffset Guys 0 -2/pause 300/positionOffset Guys 0 -2/pause 300/positionOffset Guys 0 -2/pause 300/positionOffset Guys 0 -2/pause 300/positionOffset Guys 0 -2/pause 300/positionOffset Guys 0 -2/pause 300/positionOffset Guys 0 -2/pause 300/positionOffset Guys 0 -2/pause 300/positionOffset Guys 0 -2/pause 300/positionOffset Guys 0 -2/pause 300/positionOffset Guys 0 -2/pause 300/positionOffset Guys 0 -2/pause 300/positionOffset Guys 0 -2/pause 300/positionOffset Guys 0 -2/pause 300/positionOffset Guys 0 -2/pause 300/positionOffset Guys 0 -2/pause 300/positionOffset Guys 0 -2/pause 300/positionOffset Guys 0 -2/pause 300/positionOffset Guys 0 -2/pause 300/positionOffset Guys 0 -2/pause 300/positionOffset Guys 0 -2/pause 300/positionOffset Guys 0 -2/pause 300/positionOffset Guys 0 -2/pause 300/positionOffset Guys 0 -2/pause 300/positionOffset Guys 0 -2/animate Girls false true 600 43 41 43 42/animate Guys false true 600 44 45/pause 7600/stopAnimation Girls/stopAnimation Guys/pause 3000/globalFade/viewport -1000 -1000/message \"นี่มันสนุกจริงๆ! แต่ถึงเวลาต้องกลับบ้าน แล้วล่ะ...\"/waitForOtherPlayers festivalEnd/end",
  "Abigail": "ฉันเกลียดการ เต้นรำต่อหน้าคนอื่น มันดูน่าอายมาก...#$e#แต่แม่ก็ให้ฉันเต้น$u",
  "Robin": "อ๊าา... อากาศช่างหอมหวนไปด้วย กลิ่นของดอกไม้$h",
  "Demetrius": "การเต้นรำ ฤดูใบไม้ผลิเนี่ยเป็นพิธีกรรม แบบโบราณเลยนะ#$e#เฮ้... เธอควรรู้เอาไว้นะ",
  "Maru": "ฉันชอบการเต้นรำ คนนี้ดูเกร็งไปนิด แต่ก็ถูกใจคนแก่ๆ ล่ะนะ",
  "Sebastian": "โอ้ยย...",
  "Linus": "โอ้ สวัสดี ดีจังที่คุณคุยกับฉัน#$b#ฤดูใบไม้ผลิจะจบลงแล้ว... น่าเสียดายจัง",
  "Pierre": "อะไรกัน! มาแถวนี้ ทำไม?$u#$b#อย่าแตะต้อง อะไรล่ะ",
  "Caroline": "ฉันอยากให้ปิแอร์ได้ใช้เวลาอยู่กับ ครอบครัวบ้าง...$s",
  "Alex": "ฉันกำลังเพลิน ไปกับวิวทิวทัศน์น่ะ... อิอิ",
  "George": "ดอกไม้เหรอ? ฉันแทบไม่เห็น พวกมันเลย#$e#ข้างนอกนี่มันจ้าเกินไป!",
  "Evelyn": "ฉันจัดดอกไม้พวกนี้ เป็นอาทิตย์เลยนะ ชอบไหมล่ะ",
  "Lewis": "ถ้าเธออยากเต้นรำกับ บรรดาหนุ่มสาวทั้งหลาย เธอก็ต้องหาคู่เต้นแล้วล่ะ",
  "Clint": "เอมิลี่จะมาเต้นรำ กับฉันไหมนะ?",
  "Penny": "*เอื๊อก* ฉันกังวลจัง$s",
  "Pam": "นี่แหละคือชีวิต... ล่ะ เจ้าเด็กน้อย? ไวน์หวานๆ เสียงน้ำจากลำห้วย ที่กำลังไหล อากาศอุ่นๆ... นี่ฉันพูดถึงไวน์ ไปรึยัง?",
  "Emily": "วู้... ฉันอิ่มพุงกางเลย เฮ้ เธอลองเยลลี่สีแดง นี่หรือยัง?",
  "Haley": "ฉันกำลังฝึกการเต้นรำอยู่... มันจะต้องสมบูรณ์แบบ#$e#ฉันได้รับตำแหน่ง ราชินีดอกไม้ติดต่อกัน 5 ปี และฉันยังไม่พร้อม ที่จะก้าวลงจากบัลลังก์!",
  "Jodi": "เธอจะเต้นรำไหม วันนี้ หืม @?$h",
  "Kent": "ทุ่งหญ้าโล่งๆ นี่... มันทำให้ฉันรู้สึกประหม่า#$e#*กระซิบเบาๆ* คิดถึงสิ่งที่มี ความสุขสิเคนท์ คิดถึงสิ่งที่มี ความสุขเข้าไว้",
  "Marlon": "มานีดูดีนะวันนี้...",
  "Sam": "รู้อะไรไหม? ฉันยอมรับ... ฉันชอบ ดอกไม้จริงๆ!",
  "Leah": "ว่าไง @ ดีใจนะ ที่เจอเธอที่นี่$h",
  "Shane": "อื้มม... ซอสนี้อร่อยสุดๆ ไปเลย *ซู้ด*#$e#อาห์ เขียวๆ นี้ก็แซ่บมาก! *หยับๆ*#$b#*แจ้บๆ* ...อู้ว$s",
  "Marnie": "*ถอนหายใจ*... ความรักลอยอยู่ในอากาศ... และฉันยังโสด$s",
  "Elliott": "ฉันสวมเสื้อตัวโปรด เพื่องานเต้นรำเลยนะเนี่ย... เรื่องแบบนี้ไม่ได้ เกิดขึ้นบ่อยๆนะ!",
  "Gus": "ฤดูจับกบ กำลังเริ่มแล้ว",
  "Dwarf": "มีฝนตกงั้นเหรอ? *เฮือก*#$e#ฝน... นี่อาจเป็น ตำนานสำหรับพวกเราเลย พวกเราบางคน อยู่มาโดยไม่เคย เจอเรื่องแบบนี้ มาก่อน",
  "Wizard": "เจ้าไม่ควรมาที่นี่เลย",
  "Harvey": "ผมกำลังรวบรวม ความกล้าหาญเพื่อที่ จะขอใครสักคน เต้นรำด้วย$11",
  "Sandy": "ฉันได้ยินว่า ที่นั่นฝนตกล่ะ นั่นใช่เหตุผล ที่คุณมาที่นี่ไหม?$h#$e#จริงๆแล้ว บางครั้งฉันก็ คิดถึงฝนนะ...$s",
  "Jas": "สักวันหนึ่ง หนูจะต้องเป็นราชินีดอกไม้ให้ได้!",
  "Vincent": "ไม่ยุติธรรมเลย... ทำไมผมเป็นราชินีดอกไม้ไม่ได้?",
  "Willy": "ฉันควรเอาเบ็ดตกปลา มาด้วยนะเนี่ย!",
  "Leo": "ดอกไม้ที่นี่ก็สวยดีนะครับ แต่ว่าก็สวย ไม่เท่าที่เกาะหรอก!$h#$e#ผมก็คิดอยู่นะ ว่าผมจะต้องไปเต้นกับพวกเค้า รึเปล่า...$u",
  "set-up_y2": "event1/22 22/farmer 76 17 1/changeToTemporaryMap Forest-FlowerFestival2/viewport -1000 -1000/loadActors Set-Up/advancedMove Jas true 3 620 4 620 1 620 2 620/advancedMove Vincent true 0 4 2 0 0 -4 -2 0/advancedMove Haley true 0 1 2 3000 2 0 0 -1 -2 0 3 500 4 500 1 500 2 500 2 0 1 500 2 500 3 500 4 500 0 2 0 -2 -2 0/advancedMove Alex true 4 12500 1 2000/advancedMove Gus true 4 8000 -2 0 3 400 4 6000 2 0 4 1000/advancedMove Elliott true 4 14500 1 2350/advancedMove Emily true 2 2000 1 1200 1 0 3 1750 4 650 3 600 2 500 1 675 4 1000 0 -1 4 1250 3 600 2 600 1 600 4 600 3 1000 -1 0 3 1000 2 800 1 800 4 800 3 800 2 2000 0 1 2 2000 1 500 2 500 3 500 4 500 1 500 2 500/positionOffset Sebastian -6 -20/positionOffset Leah -24 10/positionOffset Clint -12 24/positionOffset Caroline -12 12/positionOffset Jodi 16 6/positionOffset Robin -6 12/positionOffset Kent? -12 24/positionOffset Marlon -16 0/positionOffset Penny -20 -9/positionOffset Sam 6 12/positionOffset Shane 12 -12/playerControl flowerFestival/viewport player clamp true unfreeze/globalFadeToClear",
  "Abigail_spouse_y2": "เราไม่ต้องเต้นก็ได้นะ ถ้าเธอไม่อยากเต้น!$1",
  "Penny_spouse_y2": "ฉันจินตนาการได้เลย ว่าสักวัน เราจะต้องมาถึงจุดนี้แน่$h",
  "Leah_spouse_y2": "เราน่าจะมาปีนเขา ในป่านี้กันบ้างนะ! ฉันพนันได้เลยว่าจะต้องมีเห็ด...",
  "Haley_spouse_y2": "วันนี้คือวันสำคัญ! เราจะต้องเป็นจุดศูนย์กลาง ตลอดทั้งการเต้นรำ!$1",
  "Maru_spouse_y2": "ฉันไม่ได้ฝึกซ้อมล่วงหน้า มากเท่าไรนัก แต่ฉันจะทำให้เต็มที่ เพื่อพวกเราทั้งคู่$0",
  "Emily_spouse_y2": "ไง ฉันกำลังสงสัยเลย ว่าเธอทำอะไรอยู่!$0",
  "Harvey_spouse_y2": "ผมใส่เนคไทที่ดีที่สุด เพื่อวันนี้เลยครับ$4",
  "Alex_spouse_y2": "ไง ฉันรู้สึกว่าวันนี้ต้องดีมากๆ เราต้องทำได้ดี ในช่วงพิธีการแน่นอน... แค่ทำตามฉันก็พอ$0",
  "Sam_spouse_y2": "ว้าว วันนี้เธอดูดีจัง$0",
  "Sebastian_spouse_y2": "เธอคือเหตุผลเดียว ที่ทำให้ฉันมาที่นี่ได้...$1",
  "Elliott_spouse_y2": "ผมขอเต้นกับคุณได้ไหมครับ?$4",
  "Shane_spouse_y2": "*เรอ* ผมคงจะกินมากไป จนเต้นไม่ไหว... ขอโทษนะ$0",
  "Abigail_y2": "ปีนี้พวกเขาน่าจะให้ พวกรุ่นใหญ่เต้นกันนะ ฉันพนันได้เลยว่า พวกเขาจะต้องชอบ!",
  "Robin_y2": "นั่นกลิ่นดอกไม้รึเปล่า? หรือกลิ่นน้ำหอมของแคโรไลน์?$0",
  "Demetrius_y2": "มารวมตัวกันแบบนี้ รู้สึกเหมือน ทำให้ชุมชนของเรา มีตัวตันขึ้นมา#$b#หรือที่ภรรยาผมพูดว่า... 'มันทำให้เมืองมีชีวิตชีวา'!",
  "Maru_y2": "มันก็เครียดนิดๆ เหมือนกันนะ การที่ขอให้ใครสักคน ให้มาเต้นรำกับเธอ$0",
  "Sebastian_y2": "ฉันไม่ได้มาที่นี่โดยสมัครใจ$0",
  "Linus_y2": "การเก็บเกี่ยว แซลมอนเบอร์รีของเธอ ราบรื่นดีรึเปล่า?$0#$b#ฉันเก็บได้เยอะพอ ที่จะเอามาทำเยลลี่ รสเปรี้ยวอมหวาน! วันนี้ฉันเอามาให้ทุกคน ได้ลองชิมด้วย$1",
  "Pierre_y2": "เฮ้ เธอเข้ามาข้างหลังนี่ไม่ได้นะ!$3#$e#เอ่อ ถ้าเธอติดอยู่ตรงนี้ล่ะก็... ช่วยเฝ้าร้านให้สักเดี๋ยวนึงสิ? ฉันอยากจะไปชิม  เยลลี่เปรี้ยวอมหวาน ของลินัส#$e#ล้อเล่นน้ะ ฉันออกห่างจากตรงนี้ไม่ได้หรอก...$2",
  "Caroline_y2": "ฉันขอให้สามีของฉันมาเต้นด้วย แต่เขาไม่รู้ว่าต้องทำยังไง$0",
  "Alex_y2": "กุญแจสำคัญของการเต้นรำ ก็คือต้องมีความมั่นใจ$1",
  "George_y2": "ดอกไม้เรอะ? เหมือนแม่เหล็กดูดผึ้งมากกว่า ฮึ่ม อย่าดมมากเกินไปล่ะ$0",
  "Evelyn_y2": "ฉันเคยมาที่นี่ ตอนที่ฉันยังสาวๆ ผ่านไปหลายปีแล้ว มันก็ไม่เปลี่ยนไปมากเท่าไร$0",
  "Lewis_y2": "สวัสดีตอนกลางวัน @ สภาพอากาศ ในงานเทศกาลวันนี้ ยอดเยี่ยมที่สุดจริงๆ$0#$b#มาคุยกับฉัน เมื่อเธอพร้อมเริ่มพิธีการ$0",
  "Clint_y2": "*ถอนหายใจ* ใครๆ ก็มีคู่... แล้วฉันก็อยู่แบบเหงาๆ คนเดียวอีกแล้ว...$2#$e#เอาเถอะ... ฉันจะดื่มด่ำกับความเศร้า ด้วยเยลลี่เปรี้ยวอมหวานนั่นเอง",
  "Penny_y2": "วินเซนท์ขอให้ฉัน เต้นรำกับเขา น่ารักจังเลยเนอะ?$0",
  "Pam_y2": "เยลลี่สีแดงที่พริ้วไหวไปตามลม ทำให้ดูเหมือนมันกำลังเต้นอยู่!$1#$e#หึ... สงสัยไวน์จะเป็นคนพูด$0",
  "Emily_y2": "โอ้ หวัดดี! ปีนี้ฉันจะให้น้องสาวของฉัน แข่งขันชิงตำแหน่งราชินีดอกไม้$0#$b#ส่วนฉันกำลังออกแบบ ท่าเต้นอยู่!$1",
  "Haley_y2": "หนึ่ง และสอง และสาม... หนึ่ง และสอง และสาม... โอ้ หวัดดี ฉันยุ่งนิดหน่อยน่ะ$0",
  "Jodi_y2": "ฉันมีต่างหูคู่พิเศษ ที่เอาไว้ใส่แค่ปีละครั้ง ในงานเทศกาลนี้เลยจ้ะ$0#$e#มันเป็นดอกแดฟโฟดิลเล็กๆ... เห็นไหมจ๊ะ?$h",
  "Kent_y2": "คุณเคยสงสัยไหม... ว่าทำไมเราถึงบอกว่า ดอกไม้สวย?#$e#ถ้าโจดี้กับผมมีลูกสาว บางทีพวกเราก็อาจจะตั้งชื่อลูก เป็นชื่อดอกไม้ก็ได้$h",
  "Marlon_y2": "หืมมม เหมือนข้าจะเห็นอะไร ว่ายผ่านน้ำไป$0",
  "Sam_y2": "*สูดน้ำมูก* ฉันคงจะสนุกได้มากกว่านี้ ถ้าฉันไม่เป็นภูมิแพ้ ฉันต้องอยู่กับมันให้ได้!$0",
  "Leah_y2": "ฉันรู้สึกผูกพันกับธรรมชาติ ที่อยู่ห่างไกลจากตัวเมือง แบบนี้จริงๆ$0",
  "Shane_y2": "ผมหาเสื้อที่สะอาดเอี่ยมไม่ได้ ก็เลยต้องใส่ตัวนี้$0",
  "Marnie_y2": "พื้นที่เปิดโล่งแบบนี้ เหมาะกับการเลี้ยงสัตว์เลย เธอว่าไหมจ๊ะ?$0#$e#หึๆ... ฉันคิดว่าเลวิส จะต้องชวนให้ฉัน เต้นรำกับเขา!$1",
  "Elliott_y2": "ได้เต้นรำโดยมีฉากหลัง เป็นดอกไม้ที่ดูแปลกตา เป็นประสบการณ์ที่น่าดูชม$1",
  "Gus_y2": "คุณได้ลองชิม สลัดแดนดิไลออน หรือยังครับ? ผมเพิ่งทำเสร็จที่นี่เลย!$0",
  "Dwarf_y2": "เจ้าบอกว่า มีฝนตกทางตอนบนรึ?#$e#สายฝน... เป็นสิ่งลี้ลับสำหรับพวกเรา พวกข้าบางคน อยู่มาทั้งชีวิตโดย ไม่ได้พบเจอกับมัน",
  "Wizard_y2": "หืมม? เจ้าขึ้นมาบนนี้ได้ยังไง?$0",
  "Harvey_y2": "หากคุณได้ลองใช้เวลาสักครู่ ไตร่ตรองถึง ความยากลำบากในชีวิต มันก็จะสามารถเปลี่ยน สิ่งพวกนั้น ให้กลายเป็นมุมมองได้$0#$b#ทันใดนั้น การเต้นต่อหน้าคนทั้งเมือง ด้วยชุดที่ไม่พอดีตัว ก็คงไม่แย่เท่าไร!$h",
  "Sandy_y2": "ฉันได้ยินมาว่าที่บ้านฝนตก เพราะแบบนั้นเธอก็เลยมาที่นี่เหรอ?$h#$e#ฉันก็คิดถึงฝนเหมือนกันนะ จริงๆ...$s",
  "Jas_y2": "*หัวเราะคิกคัก* หนูเต้นถูกไหม?$1",
  "Vincent_y2": "ถ้ามีราชินีดอกไม้... ก็ต้องมีราชาดอกไม้!$0",
  "Willy_y2": "อะฮ้อย ในน้ำนี่เหมือนมีปลาใหญ่นะ น่าเสียดายที่ฉันไม่ได้เอาเบ็ดมา!$0",
  "Leo_y2": "คุณต้องมีคู่เต้น ถึงจะร่วมเต้นรำได้เหรอ? นกนี่นับไหมครับ?$0"
}
