{
  "name": "เทศกาลไข่",
  "conditions": "Town/900 1400",
  "set-up": "fallFest/27 60/farmer 12 54 1/changeToTemporaryMap Town-EggFestival/viewport -1000 -1000/loadActors Set-Up/advancedMove Vincent true -2 0 0 -2 2 0 0 2/advancedMove Jas true 2 0 0 2 -2 0 0 -2/advancedMove Leo true 0 -2 2 0 0 2 -2 0/advancedMove Pam true 0 -1 3 5000 0 2 3 5000 0 -1 3 4000/advancedMove Clint true 1 7000 0 1 3 7000 0 -1/advancedMove Demetrius true 2 15000 -3 0 0 8 3 20000 0 -8 3 0/advancedMove Willy true 2 25000 -4 0 0 -12 4 0 0 -1 4 30000 0 1 -4 0 0 12 4 0/advancedMove Shane true 4 40000 2 0 0 2 1 35000 0 -2 -2 0/advancedMove Harvey true 0 6 -6 0 0 9 -3 0 3 15000 3 0 0 3 20 0 0 -8 1 0 0 -11 -15 0 0 1 2 30000/playerControl eggFestival/viewport player clamp true unfreeze/globalFadeToClear",
  "afterEggHunt": "pause 100/playSound whistle/waitForOtherPlayers endContest/pause 1000/globalFade/viewport -1000 -1000/playMusic event1/loadActors MainEvent/warpFarmers 27 69 0 26 67 1 32 67 3 28 71 0 22 65 1 25 63 2 32 65 3 32 62 2 right 31 71 0/pause 1000/viewport 27 67 true/pause 2000/speak Lewis \"ว้าว ดูไข่พวกนี้สิ!$h#$b#แหม ถ้าฉันสามารถทำให้เด็กๆ อย่างพวกเธอ มาตั้งหน้าตั้งตา เก็บขยะกันให้ได้แบบนี้บ้าง เราคงจะได้เป็นเมืองที่ อยู่ติดชายฝั่งทะเลอัญมณี ที่สะอาดที่สุดแล้วแหละ! *หัวเราะคิกคัก*$h\"/pause 800/playMusic none/speak Lewis \"และแล้ว ผู้ชนะเลิศในปีนี้ ก็คือ...\"/playMusic none/pause 3000/cutscene eggHuntWinner/null/playMusic event1/pause 500/fork AbbyWin/move Lewis 0 1 2/speak Lewis \"นี่รางวัลของเธอ! รับไปเลย\"/awardFestivalPrize/null/move Lewis 0 -1 0/speak Lewis \"ฉันก็ขอจบ เทศกาลไข่ปีนี้ไว้เพียงเท่านี้ ขอขอบคุณทุกคนด้วยนะ ที่มาร่วมงานกัน!\"/pause 600/viewport move 1 0 5000/pause 2000/globalFade/viewport -1000 -1000/waitForOtherPlayers festivalEnd/end",
  "AbbyWin": "pause 100/jump Abigail/faceDirection Vincent 3/pause 800/move Abigail 0 -1 0/faceDirection Vincent 0/speak Lewis \"อบิเกล นี่รางวัลของเธอ รับไปเลย!\"/pause 500/move Abigail 0 -1 0/playSound coin/pause 400/move Abigail 0 2 0/faceDirection Lewis 0/speak Lewis \"ฉันก็ขอจบ เทศกาลไข่ปีนี้ไว้เพียงเท่านี้ ขอขอบคุณทุกคนด้วยนะ ที่มาร่วมงานกัน!\"/pause 1000/viewport move 1 -1 5000/pause 2000/globalFade/viewport -1000 -1000/waitForOtherPlayers festivalEnd/end",
  "mainEvent": "pause 500/playMusic none/pause 500/globalFade/viewport -1000 -1000/loadActors MainEvent/warpFarmers 27 69 0 27 67 1 32 67 3 28 71 0 26 71 0 25 63 2 32 63 2 34 63 2 left 33 71 0/pause 1000/viewport 27 67 true unfreeze/pause 2000/speak Lewis \"และแล้วก็ถึงเวลาเด็ด ของเทศกาลในวันนี้แล้ว นั่นก็คือ... การล่าไข่ประจำปีฤดูใบไม้ผลิ!$h\"/pause 100/jump Jas/jump Vincent/pause 1000/speak Lewis \"ใจเย็นก่อนเด็กๆ เธอต้องใช้ เรี่ยวแรงทุกเฮือกนะ ถ้าอยาก หาไข่ให้เจอได้มากที่สุด เพื่อที่จะได้รางวัล กลับบ้านไปเป็นที่ระลึก\"/pause 100/faceDirection Vincent 3 true/faceDirection Jas 1 true/pause 1000/faceDirection Vincent 0 true/faceDirection Jas 0/pause 800/faceDirection Lewis 3/faceDirection Lewis 2/faceDirection Lewis 1/faceDirection Lewis 2/pause 800/speak Lewis \"ตอนนี้... ทุกคนพร้อมกันหรือยัง?\"/pause 1000/waitForOtherPlayers startContest/jump Lewis/pause 1000/speak Lewis \"เริ่มการล่าไข่ได้!$h\"/advancedMove Maru false -2 0 0 6 -9 0 0 -2 -9 0 0 -1 2 0 0 -12 6 0 0 -7 3 0/advancedMove Abigail false 0 21 -20 0 0 3 7 0 0 -15 -9 0 9 0 0 18/advancedMove Jas false 0 12 8 0 0 10 3 0 0 4 14 0 0 -20 -6 0 0 3/advancedMove Sam false 4 0 0 -4 2 0 0 -4 12 0 0 -6 19 0 0 20 0 -20 0 20/advancedMove Vincent false 0 3 24 0 0 21 9 0 0 4 -20 0 20 0 -20 0/advancedMove Leo false 0 -10 -1 0 0 -3 -6 0 0 -2 -3 0 0 -3 -1 0 0 20 -5 0 0 -10 -2 0/playSound whistle/playMusic tickTock/playerControl eggHunt",
  "set-up_y2": "fallFest/27 60/farmer 12 54 1/changeToTemporaryMap Town-EggFestival2/viewport -1000 -1000/loadActors Set-Up/advancedMove Vincent true -2 0 0 -2 2 0 0 2/advancedMove Jas true 2 0 0 2 -2 0 0 -2/advancedMove Leo true 0 -2 2 0 0 2 -2 0/advancedMove Demetrius true 1 5000 2 6750 1 400 3 0 0 -1 3 0 0 -5 7 0 2 7000 3 400 -7 0 0 5 -3 0 0 1 -3 0 3 350 2 4000/advancedMove Gus true 1 5500 0 -2 4 400 1 7000 2 400 0 2 2 400 1 1000/advancedMove Shane true 2 8250 3 2250 2 5000 3 3000 2 500/advancedMove Abigail true 2 5000 3 400 4 300 0 -4 4 5500 1 400 2 400 0 2 7 0 1 3000 2 400 3 350 -2 0 0 -11 4 3500 1 400 2 350 0 3 -3 0 3 3250 2 400 1 350 3 0 0 8 -5 0 0 2 2 2500/advancedMove Haley true 4 12500 1 2750 4 6500 3 3000 4 500/advancedMove Jodi true 1 3000 4 12500/advancedMove Elliott true 2 8500 3 3750 2 100/advancedMove Penny true 2 13500 1 2500 2 500/positionOffset Sam 12 -8/positionOffset Sebastian -6 4/positionOffset Leah -12 -24/positionOffset Maru -4 -16/positionOffset Marnie -12 4/positionOffset Jodi 8 16/positionOffset Kent? 12 -20/positionOffset Linus 10 0/playerControl eggFestival/viewport player clamp true unfreeze/globalFadeToClear",
  "afterEggHunt_y2": "pause 100/playSound whistle/waitForOtherPlayers endContest/pause 1000/globalFade/viewport -1000 -1000/playMusic event1/loadActors MainEvent/warpFarmers 29 70 0 26 68 1 27 70 0 33 68 3 33 70 3 30 71 0 29 72 0 27 72 0 right 34 70 3/pause 1000/positionOffset Demetrius 5 -10/positionOffset Jodi 5 -8/positionOffset Marnie -12 10/positionOffset Shane -6 -6/viewport 29 69 true/pause 2000/speak Lewis \"ว้าว ดูไข่พวกนี้สิ!$h#$b#แหม ถ้าฉันสามารถทำให้เด็กๆ อย่างพวกเธอ มาตั้งหน้าตั้งตา เก็บขยะกันให้ได้แบบนี้บ้าง เราคงจะได้เป็นเมืองที่ อยู่ติดชายฝั่งทะเลอัญมณี ที่สะอาดที่สุดแล้วแหละ! *หัวเราะคิกคัก*$h\"/pause 800/playMusic none/speak Lewis \"และแล้ว ผู้ชนะเลิศในปีนี้ ก็คือ...\"/playMusic none/pause 3000/cutscene eggHuntWinner/null/playMusic event1/pause 500/fork AbbyWin/move Lewis 0 1 2/speak Lewis \"นี่รางวัลของเธอ! รับไปเลย\"/awardFestivalPrize/null/pause 300/faceDirection Lewis 1/faceDirection Lewis 0/move Lewis 0 -1 0/speak Lewis \"ฉันก็ขอจบ เทศกาลไข่ปีนี้ไว้เพียงเท่านี้ ขอขอบคุณทุกคนด้วยนะ ที่มาร่วมงานกัน!\"/pause 600/viewport move 1 0 5000/pause 2000/globalFade/viewport -1000 -1000/waitForOtherPlayers festivalEnd/end",
  "mainEvent_y2": "pause 500/playMusic none/pause 500/globalFade/viewport -1000 -1000/loadActors MainEvent/warpFarmers 29 70 0 26 68 1 27 70 0 33 68 3 33 70 3 30 71 0 29 72 0 27 72 0 left 34 70 3/pause 1000/positionOffset Demetrius 5 -10/positionOffset Jodi 5 -8/positionOffset Marnie -12 10/positionOffset Shane -6 -6/viewport 29 69 true unfreeze/pause 2000/speak Lewis \"และแล้วก็ถึงเวลาเด็ด ของเทศกาลในวันนี้แล้ว นั่นก็คือ... การล่าไข่ประจำปีฤดูใบไม้ผลิ!$h\"/pause 100/jump Jas/jump Vincent/pause 1000/speak Lewis \"ใจเย็นก่อนเด็กๆ เธอต้องใช้ เรี่ยวแรงทุกเฮือกนะ ถ้าอยาก หาไข่ให้เจอได้มากที่สุด เพื่อที่จะได้รางวัล กลับบ้านไปเป็นที่ระลึก\"/pause 100/faceDirection Vincent 1 true/faceDirection Jas 3 true/pause 1000/faceDirection Vincent 0 true/faceDirection Jas 0/pause 800/faceDirection Lewis 3/pause 100/faceDirection Lewis 2/pause 125/faceDirection Lewis 1/pause 100/faceDirection Lewis 2/pause 800/speak Lewis \"ตอนนี้... ทุกคนพร้อมกันหรือยัง?\"/pause 1000/waitForOtherPlayers startContest/jump Lewis/pause 1000/speak Lewis \"เริ่มการล่าไข่ได้!$h\"/advancedMove Abigail false -2 0 0 -3 -7 0 0 -2 -2 0 0 -5 1 0 0 -4 -3 0 0 5 -2 0 0 14 54 0/advancedMove Sam false 0 11 26 0 0 15 -14 0 0 -5 -9 0 0 -9 6 0 0 8 -4 0/advancedMove Jas false 0 1 3 0 0 1 15 0 0 -8 7 0 0 9 -7 0 0 7 -20 0 0 10 -21 0/advancedMove Vincent false 4 300 1 400 1 0 0 1 3 0 0 1 15 0 0 -8 7 0 0 9 -7 0 0 7 -20 0 0 10 -20 0/advancedMove Maru false 0 -4 2 0 0 -3 3 0 0 -2 12 0 0 -6 19 0 0 19 -31 0 0 -10/advancedMove Leo false 0 2 -2 0 0 1 -3 0 0 1 -5 0 0 2 22 0 0 -4 30 0 0 -18 -15 0/advancedMove Haley true 3 7000 2 5000/advancedMove Gus true 1 5500 0 -2 4 400 1 7000 2 400 0 2 2 400 1 1000/playSound whistle/playMusic tickTock/playerControl eggHunt",
  "Event.cs.1862": "จากจำนวนรวมของไข่ที่ พวกเขาหาได้... แจสและวินเซนท์!$1",
  "Abigail_spouse": "ไปให้พ้นเลย! เราเป็นคู่แข่งกัน จนกว่ากิจกรรมล่าไข่จะจบลง!$h",
  "Leah_spouse": "ฉันไม่มีเพื่อนในเมืองมากนัก กิจกรรมพวกนี้เลย ดูน่าเบื่อสำหรับฉันน่ะ แต่ถึงอย่างนั้น ฉันก็ชอบบุฟเฟต์ในงานนี้นะ",
  "Maru_spouse": "ฉันกำลังคุยอัปเดตเรื่องราวกับเพนนีอยู่ เธอกินไข่จนอิ่มจุใจหรือยัง?",
  "Penny_spouse": "มารุพยายามโน้มน้าวฉัน ให้ลองกินไข่ปีศาจ ฉันไม่แน่ใจว่าท้องฉัน จะย่อยมันได้รึเปล่าเนี่ยสิ...",
  "Haley_spouse": "ฉันกำลังไปลองกินเมนูไข่ อะไรสักอย่างหนึ่ง แต่แล้วก็นึกได้ว่า ฤดูใบไม้ผลิ ฉันคุมน้ำหนักอยู่นี่นา",
  "Sebastian_spouse": "ฉันจะเอาใจช่วยเธอ ในกิจกรรมล่าไข่นะ$h",
  "Sam_spouse": "เดอะแก๊งยังเป็นเหมือนเดิม แบบที่เคยเป็นนั่นแหละ แล้วเธอมีความสุขรึเปล่า?",
  "Alex_spouse": "อึกก... ฉันว่า ฉันคงกินไข่ต้ม เยอะเกินไปแน่เลย...$s",
  "Harvey_spouse": "ทุกคนเป็นยังไงบ้าง? ผมแค่นั่งพัก ให้หายเหนื่อยสักแป๊บน่ะ หวังว่าจะเจอเธอ ในกิจกรรมล่าไข่นะ!",
  "Elliott_spouse": "ผมพอใจมาก ที่ได้เห็นคุณผ่อนคลายนะ ที่รัก$h",
  "Abigail": "การค้นหาไข่เนี่ย ก็เหมือนการล่าสมบัติแหละ$h",
  "Robin": "ฤดูใบไม้ผลิเป็นช่วงเวลา ที่ยุ่งหัวหมุนแห่งปีเลย... ดังนั้นควรมีวันหยุด มาสังสรรค์กับเพื่อนๆ บ้าง",
  "Demetrius": "ไข่... พอเอามากิน มันก็ออกจะดูแปลกๆ นะ",
  "Maru": "ฉันตั้งตารอ เทศกาลครั้งนี้เลยล่ะ... มันทำให้ชาวบ้าน ได้พบปะสังสรรค์กัน",
  "Sebastian": "พวกเราเคยเอาไข่เน่า มาโยนเล่นกัน...#$b#นายกเทศมนตรีเลวิส ก็รีบมาห้ามเลย",
  "Linus": "ไม่มีใครมาพูดคุยกับฉันเลย... ฉันมาเพื่อ หาไข่ปีศาจเท่านั้นแหละ",
  "Pierre": "เฮ้ย! เข้ามาหลังร้านได้ยังไง$u#$b#ห้ามจับอะไรเป็นอันขาดล่ะ",
  "Caroline": "แอ็บบี้ชอบเทศกาลไข่นี้มากเลย เธอชอบตั้งแต่ยังเป็น เด็กตัวเล็กๆ แล้ว",
  "Alex": "ฉันพยายามกินไข่ ทุกวันอย่างน้อยวันละ 3 ฟอง#$e#ฉันต้องการโปรตีนมาสร้างกล้ามเนื้อน่ะ",
  "George": "ทุกคนมีความสุขอะไรกันนักหนา? ฮึ...#$b#ไข่... ทำไมต้องเป็นไข่ด้วยนะ?",
  "Evelyn": "เทศกาลนี้เป็น ประเพณีที่สืบสานต่อกัน มานานตั้งแต่ฉัน จำความได้#$b#ประเพณี คอยเป็นกาวเชื่อมเรา เข้ากับทั้งอดีตและปัจจุบัน... ช่างน่าอุ่นใจอะไรแบบนี้",
  "Lewis": "สนุกกับงานไหม @?$h",
  "Clint": "ยังมีอาหารอีกไหมนะ?$s",
  "Penny": "เด็กๆ ตั้งตารอเทศกาลนี้ มาทั้งสัปดาห์เลย",
  "Pam": "ฮิๆ... ฉันใส่ส่วนผสมดีๆ ลงไปในน้ำพันช์ด้วยแหละ$h#$e#จุ๊ๆ... เรื่องนี้รู้กันแค่เราสองคนนะ เจ้าหนู",
  "Emily": "ฉันทาสีไข่ มาตั้งแต่เช้าแล้วล่ะ... นี่เป็นกิจกรรมที่ฉันชอบทำ ที่สุดในเทศกาลนี้เลย$h",
  "Haley": "เทศกาลนี้ก็ดีอยู่หรอก... แต่ฉันตั้งตารอ เทศกาลระบำดอกไม้มากกว่า",
  "Jodi": "วินเซนท์ชอบเทศกาลนี้มาก... ฉันดีใจ ที่ได้เห็นเขามีความสุขนะ",
  "Kent": "ความจริงแล้ว ฉันไม่ค่อยชอบไข่เท่าไร",
  "Marlon": "ถึงขาข้าจะไม่ค่อยดี แต่ข้าก็ไม่เคยพลาด งานเทศกาลสักครั้ง",
  "Sam": "*ฟุดฟิดๆ*... เอ่อ... ฉันเป็น... ภูมิแพ้...$s",
  "Leah": "อืมมมม... น้ำพันช์นี่อร่อยเหาะไปเลย$h",
  "Shane": "เหล่าแม่ไก่ของเรา หักโหมตัวเอง เพื่อเทศกาลนี้เลยนะ#$b#พวกมันสมควร จะได้รางวัลในคืนนี้... จัดข้าวโพดเหลืองเต็มชาม ให้เลย!$h",
  "Marnie": "ยินดีต้อนรับ สู่เทศกาลไข่... เติมเต็มไปด้วยไข่ จากแม่ไก่ของฉัน",
  "Elliott": "การพักจากงาน จะทำให้เธอทำงาน ได้ดีกว่าในระยะยาวนะ",
  "Gus": "หวังว่าอาหารจะอร่อย สำหรับทุกคนนะ... กว่าจะเตรียมเสร็จ ฉันทำมาตั้งหลายวันเลย#$b#ทั้งไข่ดาว, ไข่ต้ม, ไข่คน, ไข่ปีศาจ, ไข่กวน, ไข่ช็อกโกแลต... เธอว่ามาได้เลย ฉันทำมาหมดแหละ!$h",
  "Dwarf": "เจ้าว่ามีฝนตก งั้นเหรอ? *เฮือก*#$e#ฝน... แทบจะเป็นตำนานสำหรับ พวกเราเลยนะ พวกเราบางคน ใช้ชีวิตมาโดยไม่เคย เจอเรื่องแบบนี้มาก่อน",
  "Wizard": "หืม... แล้วไข่กิ้งก่าดิบที่ โรยด้วยไขกระดูกดำล่ะ",
  "Harvey": "ไข่เป็นสุดยอดอาหาร ซึ่งอุดมไปด้วย สารอาหารที่ครบถ้วนเลยครับ#$e#อุ๊บ... ผมคงต้องหยุด ทำตัวเป็นหมอ ในวันเทศกาลนี้หน่อยแล้วล่ะ$11",
  "Sandy": "ฉันได้ยินว่ามีฝนตกที่บ้าน เพราะแบบนี้ เธอเลยมาที่นี่หรือเปล่า?$h#$e#จริงๆ ฉันก็แอบคิดถึงฝน เหมือนกันนะ...$s",
  "Jas": "หนูหวังว่าจะหาไข่ได้บ้าง ก่อนที่วินเซนท์ จะเอาไปทั้งหมด....$s",
  "Vincent": "เมื่อไหร่ กิจกรรมล่าไข่จะเริ่มนะ?! ผมตื่นเต้นมากเลย!!$h",
  "Willy": "บางครั้งฉันซ่อนไข่ดีเกินไป จนไม่มีใครหาเจอเลย...#$b#ก็นะ ซ่อนอยู่จนถึงหน้าร้อนนู่น แล้วพออากาศร้อน ก็จะเริ่มได้กลิ่นไข่เน่า ขึ้นมาเลยแหละ... ฮิๆ$h",
  "???": "อ่า น้ำในท่อระบายน้ำวันนี้ไหลเร็ว วันนี้คงจะชุ่มชื้นน่าดู... ฉันชอบอากาศแบบนี้แหละ",
  "Leo": "ผมว่าไอ้เจ้าการล่าไข่อะไรเนี่ย มันจะดูแปลกๆ ไปหน่อย... แต่ผมว่าไข่พวกนั้นคงไม่ใช่ ไข่จากพวกนก ของผมหรอกนะ...$s#$b#แต่ยังไงผมก็ จะร่วมเล่นอยู่ดีแหละ!$h",
  "Abigail_y2": "$y 'เธอคิดว่าฉันแก่เกิน ที่จะมาเล่นอะไรแบบนี้เหรอ?_ใช่_ฮึม... เธอตอบเหมือนแม่ฉันเลย!$a_ไม่_จ้ะ ฉันก็ว่างั้นแหละ อะไรที่ทำแล้วมีความสุข ก็ทำมันไปต่อเถอะเนอะ!'",
  "Robin_y2": "รู้สึกดีจังเนอะ ที่ได้ออกมาข้างนอกอีกรอบ หลังจากที่ ฤดูหนาวอันยาวนานหมดไป ว่างั้นไหม",
  "Demetrius_y2": "ไง @ ได้ลองพายไข่ปลาคาร์ป ของฉันหรือยัง?#$b#...อะไร? ก็นี่มันเทศกาล 'ไข่' ไม่ใช่เหรอ?",
  "Maru_y2": "คิดว่าเธอจะชนะการล่าไข่ ในปีนี้ไหม?",
  "Sebastian_y2": "รู้อะไรไหม? ฉันว่าฉันคิดถึงฤดูหนาวล่ะ... มองในมุมหนึ่ง ฤดูนี้ก็ดูเรียบง่ายดีนะ",
  "Linus_y2": "เดี๋ยวฉันค่อยเนียน เข้าไปกินทีหลัง ฉันเล็งไอเจ้าพาย ที่ดูน่าอร่อยนั้นอยู่!",
  "Pierre_y2": "พยายามจะทำ ข้อตกลงลับเหรอ? อะฮ่า! ฉันยอมรับใน ความกล้าของเธอนะ",
  "Caroline_y2": "บางทีมันก็แอบน่าเบื่อ เหมือนกันนะ แต่เทศกาลพวกนี้มันก็ เป็นโอกาสดีที่จะได้ สร้างความสัมพันธ์กันบ้าง",
  "Alex_y2": "ฉันอยากรู้จังเลย ถ้าเกิดว่ากินไข่เข้าไป 30 ฟองต่อวัน แขนขาฉัน จะมีสภาพเป็นยังไงนะ",
  "George_y2": "เอเวอลิน ทำไข่ดาวกับกระเทียมต้น เป็นมื้อเช้า ฉันเลยอารมณ์ดีน่ะ$h",
  "Evelyn_y2": "$y 'ที่ฟาร์มเธอมีแม่ไก่ไหม?_มี_โอ้ ดีจัง! ฉันว่าพวกมันต้องออกไข่ ที่อร่อยสุดๆ แน่เลย...$h_ไม่มี_ฉันว่าเธอลองเลี้ยงไก่ดูสิ ฤดูนี้น่าจะเหมาะมากเลยนะ'",
  "Clint_y2": "โอ้ไม่นะ... *เฮือก* ...ปีนี้ แทบจะมีแต่สลัดทั้งนั้นเลย...$s",
  "Penny_y2": "หวังว่าปีนี้วินเซนท์ จะหาไข่เจอสักฟองนะ...#$b#มันน่าจะดีต่อตัวน้องเอง ที่จะได้มีความรู้สึกว่า เขาแข่งกับคนอื่นได้",
  "Pam_y2": "ไง... ถ้าเธอจะให้ไข่ฉันล่ะก็ ฉันต้องไปเตรียม ซอสพริกแล้วแหละ เจ้าหนู!",
  "Emily_y2": "ปีนี้ฉันเย็บกางเกงกับหมวก ให้ไข่ใส่ด้วยนะ พวกมันน่ารักสุดๆ เลย!$h",
  "Haley_y2": "โอ๊ะ! ฉันยังต้องไปถ่ายรูป ที่สแตนดี้กระต่ายนี่นา ผมฉันดูเป็นไงบ้าง?",
  "Jodi_y2": "เวลามีกิจกรรม ที่คนมารวมตัวกันเยอะๆ แบบนี้ เคนท์ดูเหมือนจะ กระสับกระส่ายตลอดเลย...",
  "Marlon_y2": "เธอเคยลอง ไปล่าไข่สไลม์หรือยัง? นั่นล่ะ คือของจริง...",
  "Leah_y2": "หืม... ทำไมน้ำพันช์มันไม่อร่อย เท่าของปีที่แล้วเลยอะ ฉันว่าคนทำต้องลืมใส่ อะไรสักอย่างลงไปแน่ๆ!",
  "Shane_y2": "ไข่บางฟอง เป็นไข่ที่เพิ่งออกมาจากแม่ไก่ เมื่อเช้านี้เอง เห็นไหม? ยังอุ่นอยู่เลย!",
  "Marnie_y2": "แม่ไก่คอยออกไข่ แต่พ่อไก่ ก็ทำหน้าที่ที่สำคัญเช่นกัน พวกมันจะปกป้องไม่ให้แม่ไก่ ตีกับไก่ตัวอื่นๆ#$b#นั่นก็หมายความว่า ยิ่งแม่ไก่มีความสุข ไข่ที่ออกมาก็จะยิ่งมีคุณภาพ...$h",
  "Elliott_y2": "ระวังอย่าเผลอหยิบ ไข่ของอีกานะ ไม่งั้นพวกมันจะตามล่าเธอ ไปจนชั่วชีวิตเลยล่ะ!",
  "Gus_y2": "ชู่... อย่าเอาไปบอกใครนะ ปีนี้ฉันลองทำเมนูใหม่ ด้วยแหละ... เมนูที่ว่าคือ คัสตาร์ดผสมไข่เป็ด!$h",
  "Harvey_y2": "กินไข่มันดีต่อสุขภาพก็จริง แต่ผมไม่แนะนำให้กิน 30 ฟองต่อวันนะครับ!",
  "Jas_y2": "ปีนี้ หนูจะเป็นนักล่าไข่อันดับหนึ่ง ให้ได้เลย!",
  "Vincent_y2": "ผมอยากลอง เข้าไปอยู่ในไข่ฟองใหญ่จัง!",
  "Willy_y2": "เอ้ย... วันไหนฝนตกเธอจะ เจอปลาดุกในแม่น้ำด้วยนะ พวกมันตกยากเอาเรื่อง แต่ก็คุ้มค่าที่จะตกนะ!"
}
