{
  "name": "เทศกาลลัวร์",
  "conditions": "Beach/900 1400",
  "set-up": "event2/-1000 -1000/farmer 38 3 2/changeToTemporaryMap Beach-Luau/viewport -1000 -1000/loadActors Set-Up/addTemporaryActor Governor 16 32 32 4 2/advancedMove Vincent true 3 0 3 3000 -3 0 3 3000/advancedMove Jas true 3 0 1 3000 -3 0 1 3000/advancedMove Pam true 4 25000 -5 0 4 20000 5 0/advancedMove Gus True 0 -1 3 4000 0 1 3 4000/advancedMove Shane true 1 10000 0 1 1 10000 0 -1/advancedMove Clint true 4 15000 -3 0 4 15000 6 0 4 10000 -3 0/animate Emily false true 250 16 17 16 17 20 21 20 21 18 19 18 19 22 23 22 23/animate Robin false true 500 20 21 20 22/animate Demetrius false true 500 24 25 24 26/animate Marnie false true 200 17 18 17 19/positionOffset Marnie 0 16/viewport player clamp true unfreeze/globalFadeToClear/playerControl luau",
  "mainEvent": "pause 500/playMusic ocean/globalFade/viewport -1000 -1000/loadActors MainEvent/addTemporaryActor Governor 16 32 35 10 2/warpFarmers 33 19 0 32 19 0 40 19 0 28 9 1 42 9 3 37 19 0 38 19 0 34 19 0 right 36 6 2/viewport 35 12 true/pause 2000/faceDirection Lewis 3/pause 100/faceDirection Lewis 2/pause 100/faceDirection Lewis 1/pause 100/faceDirection Lewis 2/speak Lewis \"เอาล่ะทุกคน! ตอนนี้ก็เป็นอีกครั้ง สำหรับกิจกรรมปรุงซุปนี้#$b#ฉันหวังว่าทุกคน จะใส่ของดีมีคุณภาพ ลงไปในหม้อนะ เราไม่อยาก ให้ท่านผู้ว่าเสียใจ ที่มาที่หมู่บ้านนี้!\"/pause 1000/faceDirection Lewis 3/pause 500/speak Lewis \"เอ่อ.. ท่านครับ กรุณาให้เกียรติ ชิมซุปนี่ได้ไหมครับ?\"/pause 500/speak Governor \"แน่นอน! ฉันรอชิมเจ้านี้ มาเกือบทั้งปีเลยล่ะ\"/playMusic none/pause 500/move Governor 0 1 2/pause 1000/playSound dwop/showFrame Governor 8 true/pause 1000/animate Governor false false 200 8 8 9 10 11 11/pause 1100/playSound sipTea/pause 1000/playSound gulp/pause 500/showFrame Governor 8 true/animate Governor false false 200 11 10 9 8/pause 900/speak Governor \"...$h\"/pause 300/cutscene governorTaste/null",
  "governorReaction6": "pause 1000/playMusic ocean/speak Governor \"อืม... มันหนืดๆ นิดหน่อย... แต่จริงๆแล้ว รสชาติค่อนข้างดี!\"/pause 600/emote Governor 8/speak Governor \"รอเดี๋ยว... มีอะไร อยู่ในชาม... นี่ล่ะ?$2\"/pause 500/showFrame Governor 14/playSound slimeHit/jump Governor/pause 500/showFrame Lewis 24/jump Lewis/textAboveHead Lewis \"น นี่มัน?!\"/showFrame Emily 26/pause 1000/showFrame Marnie 16/jump Marnie/textAboveHead Marnie \"*อ้าปากค้าง*\"/pause 1000/shake Governor 2000/emote Governor 12/pause 500/showFrame Emily 4/showFrame Marnie 8/speak Governor \"นี่... ช่างอุกอาจ!$1#$b#ตลอดชีวิตของฉัน ไม่เคยถูกดูถูก มาก่อน!$1\"/pause 600/showFrame Governor 13/playSound throw/specificTemporarySprite luauShorts/pause 500/jump Lewis/pause 1000/speak Governor \"หยี๋... ลิ้นฉัน บวมขึ้น.... คิดว่าฉันกำลัง คลื่นไส้$u\"/pause 400/globalFade/viewport -1000 -1000/pause 1000/warp Governor -100 -100/playSound slimedead/faceDirection Lewis 2/viewport Lewis clamp true/pause 1000/speak Lewis \"ใครก็ตามที่มี ส่วนร่วมใน การกระทำ ที่น่ากลัวนี้ ควรได้รับการตำหนิ กล้าใช้รายการ ส่วนตัวของฉัน เพื่อจุดประสงค์นี้!$4#$b#และเพื่อ ทำลายซุปที่ สมบูรณ์แบบนี้... ไม่อาจยกโทษให้ได้! ฉันไม่เคยรู้สึก อับอายมากขนาดนี้ มาก่อนใน ชุมชนนี้... ช่างน่า รังเกียจจริงๆ$4\"/pause 500/faceDirection Lewis 0/emote Lewis 12/speak Lewis \"กลับบ้านไปซะ เทศกาล จบลงแล้ว$s\"/pause 500/globalFade/viewport -1000 -1000/message \"ฉันเดาว่า 'การแกล้ง เล็กๆน้อยๆ' ก็ไม่ใช่เรื่องดี หรอก ...\"/pause 500/message \"ได้เวลากลับบ้านแล้วล่ะ\"/waitForOtherPlayers festivalEnd/end",
  "governorReaction5": "emote Governor 40/pause 400/speak Governor \"อืม... มันก็ไม่ได้แย่นะ แต่รู้สึกเหมือนมันขาด อะไรบางอย่างไป...$s#$b#นี่ได้ใส่อาหาร ที่เตรียมมาลงในหม้อ กันครบทุกคนรึยังเนี่ย? มันรู้สึกเหมือนยังขาด เสียงในหัวใจของใครบางคนไป\"/showFrame Governor 0/pause 400/showFrame Lewis 18/emote Lewis 28/pause 600/showFrame Lewis 0/pause 400/move Lewis 2 0 2/move Lewis 0 2 3/pause 500/animate Lewis false false 200 19 19 22 23 23 22 23 23 22 19 19/pause 800/playSound gulp/pause 600/playSound gulp/pause 1000/speak Lewis \"จริงด้วย... รสชาติมันออกจะจืดๆ ไปหน่อยนะ$s\"/pause 1000/speak Lewis \"ขอบคุณที่มาร่วมงานในปีนี้ ด้วยนะครับท่านผู้ว่า ต้องขอโทษด้วยนะครับ ที่น้ำซุปของปีนี้ ออกจะธรรมดาไปหน่อย\"/pause 500/faceDirection Lewis 2/speak Lewis \"เอาหละ... มีใครจะกินซุปอีกไหม?\"/faceDirection Marnie 0 true/moveToSoup/pause 1000/globalFade/viewport -1000 -1000/pause 300/message \"ถึงแม้น้ำซุปปีนี้ จะจืดไปหน่อย แต่งานลัวร์ ก็ยังสนุกดีนะ!!\"/pause 500/message \"ได้เวลากลับบ้านแล้วล่ะ.\"/waitForOtherPlayers festivalEnd/end",
  "governorReaction4": "emote Governor 16/pause 600/shake Governor 1000/jump Governor/pause 800/playMusic SettlingIn/speak Governor \"โอ้พระเจ้า... นี่มัน เป็นซุปที่ยอดเยี่ยมมาก!$h\"/shake Governor 5000/animate Governor false true 100 9 10 11 11 10/pause 800/move Lewis 2 0 2/move Lewis 0 2 3/pause 500/animate Lewis false false 200 19 19 22 23 23 22 23 23 22 19 19/pause 800/playSound gulp/pause 600/playSound gulp/pause 1000/speak Lewis \"ท่านพูดถูก มันโคตรอร่อยเลย!$h\"/pause 500/faceDirection Lewis 2/speak Lewis \"เยี่ยมมากทุกคน เอาล่ะไหนใคร อยากชิมซุปนี่บ้าง$h\"/faceDirection Marnie 0 true/moveToSoup/pause 1000/globalFade/viewport -1000 -1000/pause 300/message \"ผู้ว่าไม่ได้ล้อเล่นเลยแฮะ ซุปนี่มันอร่อยจริงๆ!\"/pause 500/message \"ได้เวลากลับบ้านแล้วล่ะ\"/waitForOtherPlayers festivalEnd/end",
  "governorReaction3": "emote Governor 32/pause 400/playMusic jaunty/speak Governor \"อ้า... นี้เป็นซุปที่น่ารื่นรมย์มาก ของจากหุบเขานี้ ไม่เคยทำให้ฉันผิดหวัง!\"/showFrame Governor 0/pause 400/move Lewis 2 0 2/move Lewis 0 2 3/pause 500/animate Lewis false false 200 19 19 22 23 23 22 23 23 22 19 19/pause 800/playSound gulp/pause 600/playSound gulp/pause 1000/speak Lewis \"อืมมม... อร่อย คุณทำได้ดีทีเดียว\"/pause 500/faceDirection Lewis 2/speak Lewis \"เอาล่ะ... ใครอยากได้ซุปบ้าง?\"/faceDirection Marnie 0 true/moveToSoup/pause 1000/globalFade/viewport -1000 -1000/pause 300/message \"เทศกาลลัวร์ เป็นไปได้ด้วยดี! โชคดี ที่เราเอาของอร่อยสำหรับซุปมา\"/pause 500/message \"ได้เวลากลับบ้านแล้วล่ะ\"/waitForOtherPlayers festivalEnd/end",
  "governorReaction2": "pause 400/playMusic ocean/speak Governor \"อืม... ฉันไม่รู้จะว่ายังไงดี ซุปนี้มันก็รสชาติเหมือน ซุปทั่วๆไปอ่ะนะ\"/showFrame Governor 0/pause 400/showFrame Lewis 18/emote Lewis 28/pause 600/showFrame Lewis 0/pause 400/move Lewis 2 0 2/move Lewis 0 2 3/pause 500/animate Lewis false false 200 19 19 22 23 23 22 23 23 22 19 19/pause 800/playSound gulp/pause 600/playSound gulp/pause 1000/speak Lewis \"ท่านพูดถูก แต่ มันก็ไม่ได้แย่อย่างที่คิดนะ\"/pause 500/faceDirection Lewis 2/speak Lewis \"เอาละ... ใครต้องการซุปบ้าง?\"/faceDirection Marnie 0 true/moveToSoup/pause 1000/globalFade/viewport -1000 -1000/pause 300/message \"ซุปมันรสชาติกลางๆแฮะ แต่ก็ดีที่ เทศกาลลัวร์ ผ่านไปด้วยดี!\"/pause 500/message \"ได้เวลากลับบ้านแล้วล่ะ\"/waitForOtherPlayers festivalEnd/end",
  "governorReaction1": "emote Governor 28/pause 400/playMusic ocean/speak Governor \"อืม... มันน่าขยะแขยงจัง ปีนี้ฉันขอผ่านก็แล้วกัน.$s\"/showFrame Governor 0/pause 400/showFrame Lewis 18/emote Lewis 28/pause 600/showFrame Lewis 0/pause 400/move Lewis 2 0 2/move Lewis 0 2 3/pause 500/animate Lewis false false 200 19 19 22 23 23 22 23 23 22 19 19/pause 800/playSound gulp/pause 600/playSound gulp/pause 1000/speak Lewis \"แหวะ.. คงต้องมีใครบางคน ใส่วัตถุดิบเกรดต่ำลงไปแน่เลย$s\"/pause 500/faceDirection Lewis 2/speak Lewis \"เอาละ.... มีใครอยากจะลองบ้าง?\"/faceDirection Marnie 0 true/moveToSoup/pause 1000/globalFade/viewport -1000 -1000/pause 300/message \"ซุปออกมาไม่ค่อยดีสักเท่าไหร่ แต่เทศกาลลัวร์ก็จบลงได้ด้วยดี!\"/pause 500/message \"ได้เวลากลับบ้านแล้วล่ะ\"/waitForOtherPlayers festivalEnd/end",
  "governorReaction0": "pause 500/showFrame Governor 13/pause 500/shake Governor 2000/emote Governor 12/pause 500/speak Governor \"อั๊ก! นี่มันเลวร้ายเป็นที่สุด! ฉันแทบจะอ้วกออกมาแล้ว......$u\"/showFrame Governor 13/jump Lewis/pause 800/speak Governor \"ฉันไม่ไหวแล้ว...$u\"/globalFade/viewport -1000 -1000/pause 1000/warp Governor -100 -100/playSound slimedead/faceDirection Lewis 2/viewport 35 12 true/pause 1000/speak Lewis \"เข้าใจเล่นนี่ ทุกคน... ใครก็ตามที่มันบังอาจใส่ ของห่วยแตกลงไปในซุปนั่น! ฉันผิดหวังในตัวแกที่สุด$4\"/pause 500/faceDirection Lewis 0/emote Lewis 12/speak Lewis \"แยกย้ายกลับบ้านกันไปได้แล้ว งานเทศกาลมันจบสิ้นลงแล้ว$s\"/pause 500/globalFade/viewport -1000 -1000/message \"วินาศสันตะโรอะไรกันขนาดนี้...\"/pause 500/message \"ได้เวลากลับบ้านแล้วล่ะ\"/waitForOtherPlayers festivalEnd/end",
  "set-up_y2": "event2/-1000 -1000/farmer 38 3 2/changeToTemporaryMap Beach-Luau2/viewport -1000 -1000/loadActors Set-Up/addTemporaryActor Governor 16 32 27 4 2/animate Wizard false true 100 20/positionOffset Governor -8 0/advancedMove Harvey true 2 380 1 500 2 380 3 500/advancedMove Gus true 1 5300 4 300 0 -2 4 300 1 7500 2 300 0 2 2 300 1 1000/animate Emily false true 250 16 17 16 17 20 21 20 21 18 19 18 19 22 23 22 23/advancedMove Abigail true 4 6250 1 300 3 0 1 250 4 4500 3 300 -3 0 3 250 4 1250/advancedMove Caroline true 4 2500 1 350 2 0 1 300 4 8500 3 300 -2 0 3 250 4 1500/advancedMove Clint true 1 7000 2 300 0 2 3 0 0 -3 4 300 3 6500 2 300 0 3 -3 0 0 -2 4 300 1 1000/advancedMove Pam true 3 7500 2 300 0 4 -5 0 3 300 2 5250 1 300 5 0 0 -4 4 300 3 800/advancedMove Leo true 2 4000 2 0 2 5000 4 0 2 4500 -4 0 2 5000 -2 0 2 1000/advancedMove Linus true 4 4000 2 0 0 -1 3 5000 0 -2 -1 0 2 3000 -2 0 0 1 1 4000 0 2 1 0 4 1000/advancedMove Elliott true 2 7300 3 2300/animate Willy true true 250 28 29 30 31/animate Robin false true 500 20 21 20 22/animate Demetrius false true 500 24 25 24 26/animate Marnie false true 200 17 18 17 19/positionOffset Marnie 0 16/positionOffset Leah 0 -12/positionOffset Elliott -8 -12/positionOffset Evelyn -8 8/positionOffset George 12 8/positionOffset Kent? -30 -8/positionOffset Jodi -10 -12/positionOffset Marlon -20 -12/animate Maru false true 100 31/positionOffset Maru 12 24/positionOffset Emily 16 -16/positionOffset Penny -8 16/viewport player clamp true unfreeze/globalFadeToClear/playerControl luau",
  "mainEvent_y2": "pause 500/playMusic ocean/globalFade/viewport -1000 -1000/loadActors MainEvent/addTemporaryActor Governor 16 32 24 9 2/warpFarmers 24 18 0 28 18 0 32 15 3 26 19 0 20 19 0 15 10 1 15 13 1 34 11 3 right 29 5 2/showFrame Maru 31/showFrame Penny 34/positionOffset Maru 8 24/positionOffset Penny 0 24/positionOffset Jodi 0 16/positionOffset Kent? 8 16/positionOffset Clint 0 -24/positionOffset Haley -8 12/viewport 24 11 true/pause 2000/faceDirection Lewis 3/pause 100/faceDirection Lewis 2/pause 100/faceDirection Lewis 1/pause 100/faceDirection Lewis 2/speak Lewis \"สวัสดี และยินดีต้อนรับทุกท่าน! ฉันมีความยินดี ที่จะได้กล่าวเปิดงาน เทศกาลลัวร์ประจำปีนี้#$b#ฉันหวังเป็นอย่างยิ่งว่า พวกเธอทุกคน จะนำแต่วัตถุดิบคุณภาพดีมาใส่! เราอยากจะให้ ท่านผู้ว่า ได้พบกับ ความประทับใจ\"/pause 1000/faceDirection Lewis 3/pause 500/speak Lewis \"เอ่อ.. ท่านครับ กรุณาให้เกียรติ ชิมซุปนี่ได้ไหมครับ?\"/pause 500/speak Governor \"ยินดีเป็นอย่างยิ่ง! ฉันมองดูซุปนี้มา ตลอดทั้งกลางวันนี้เลย\"/playMusic none/pause 500/move Governor 0 1 2/pause 1000/playSound dwop/showFrame Governor 8 true/pause 1000/animate Governor false false 200 8 8 9 10 11 11/pause 1100/playSound sipTea/pause 1000/playSound gulp/pause 500/showFrame Governor 8 true/animate Governor false false 200 11 10 9 8/pause 900/speak Governor \"...$h\"/pause 300/cutscene governorTaste/null",
  "Governor": "ช่างเป็นงานที่ อบอุ่นจริงๆ... สนุกทุกครั้ง ที่มาเยือนหุบเขาเลย#$e#ฉันต้องไปคุยกับภรรยา เรื่องซื้อบ้านพักตากอากาศ ที่นี่สักหน่อยแล้ว",
  "Abigail_spouse": "อย่าให้ฉันไปหยุดความสนุก ของเธอเลย ฉันแค่อยากยืนมองทะเล สักหน่อยน่ะ",
  "Leah_spouse": "มันดีอยู่หรอกนะ ที่ได้เห็นทุกคนมารวมกัน แต่ฉัน อยากกลับไปที่ฟาร์มมากกว่า",
  "Maru_spouse": "ฮาร์วีย์พยายามมาคุยกับฉันอยู่ แต่ที่ฉันต้องการทั้งหมด ก็แค่ได้กินของย่างบ้างอ่ะ",
  "Penny_spouse": "ฉันแค่กำลังขำเพื่อนเก่าคนนึง เกี่ยวกับเรื่องของซุปนั้น",
  "Haley_spouse": "ฟู่... ฉันไม่อยากขยับหรือทำอะไรอีก ฉันเริ่มจะเหงื่อออกแล้วนะ",
  "Sebastian_spouse": "ฉันกำลังทำสิ่งที่ ฉันทำได้ดีที่สุด นั่นคือ พยายามอารมณ์ดีเข้าไว้",
  "Sam_spouse": "ฉันคิดว่ามันคงไม่ดีแน่ ถ้ามีบางคน เอาบางสิ่งไม่ดีใส่ลงไปในซุป...",
  "Alex_spouse": "เฮ้ ฉันจะอ้อนวอนเธอ ทุกวิถีทางเพื่อจะมา พักผ่อนที่หาดนี้ อากาศมันดีมากๆเลยล่ะ!",
  "Harvey_spouse": "โอ้ ที่รัก... ทราย มันเข้าไปในถุงเท้าฉันน่ะ...$s",
  "Elliott_spouse": "กระท่อมเก่าดูเหมือนจะดีขึ้น ทุกๆครั้งที่ฉันกลับมา ฉันนึกว่ามันจะพังไปแล้วซะอีก",
  "Abigail": "มันเหนื่อยนะ ที่จะเข้าสังคม กับทุกคน... มานั่งดูทะเล ยังดีกว่า",
  "Emily": "%เธอไม่ตอบ",
  "Robin": "โอ้ว... ที่รัก คุณเหยียบเท้า ฉันอยู่นะ",
  "Demetrius": "ผมเหนื่อย มากแล้วนะที่รัก นี่เราจะไป กินบุฟเฟ่ต์กันได้รึยัง *แฮ่กๆ*",
  "Maru": "ฉันไม่รู้หรอกนะว่าลีนัส กำลังย่างตัวอะไรอยู่ แต่กลิ่นมันหอม ชะมัดเลย... *เฮื้อก*",
  "Sebastian": "มีอยู่ปีหนึ่งที่แซม เอาปลาแอนโชวี่หนึ่งปอนด์ ใส่ลงไปในหม้อ#$e#ไม่แปลกใจเลยสินะ ว่าทำไมชั่วโมง บำเพ็ญประโยชน์ สาธารณะของแซมถึงได้นำโด่งกว่า ชาวบ้านไปขนาดนี้?$h",
  "Linus": "ค่อยๆ หมุนช้าๆ ไปเรื่อยๆ นี่แหละเคล็ดลับ แห่งการย่างเนื้อ ให้อร่อย",
  "Pierre": "อืมม... ถ้าเข้าหาท่านผู้ว่าถูกจังหวะ บางที อาจจะได้ยกเว้นภาษีร้านค้า ก็ได้นะ...#$b#หวังว่า ท่านน่าจะชอบวิสกี้ชั้นดีนะ?#$e#แต่ตอนนี้ คงต้องรอให้นายกเทศมนตรี หยุดพล่ามกับเขา ตลอดบ่ายแบบนี้ก่อน",
  "Caroline": "ฉันใส่ผักสดๆ จากสวนของฉัน ลงไปในหม้อซุป ส่วนกลางด้วยล่ะ",
  "Alex": "อากาศดี เหมาะแก่การ จัดปาร์ตี้ชายหาด เนอะ ว่าไหม?",
  "George": "เสียงเพลงจะดังมากเกิน ไปแล้ว!#$b#จะหาความสงบ เพื่อดื่มด่ำกับทะเล ได้ยังไงกัน?",
  "Evelyn": "อาห์... กลิ่นอายของทะเล ทำให้ฉันหวนกลับไป เมื่อหลายปีมาแล้ว ก่อนที่เธอจะเกิด เสียอีก",
  "Lewis": "ตื่นตัวหน่อย! ท่านผู้ว่ามาที่นี่ เพื่อตรวจตราประจำปีนะ#$b#ถ้าเธอเตรียมอะไรมาใส่ซุป ก็อย่าลืมเอาไปใส่หม้อซะละ",
  "Clint": "ฉันอิ่มแล้ววว แต่จะมีอะไรอื่นอีกล่ะ นอกจากการกิน?",
  "Penny": "เราจัด เทศกาลนี้ขึ้นทุกปี เพื่อให้ท่านผู้ว่า ได้ลิ้มลองของทุกอย่าง ที่หมู่บ้านเราหามาได้#$e#นายกเทศมนตรีเลวิส หวังว่ามันจะช่วยให้ ท่านผู้ว่าอยู่ข้างเรา นั่นเป็นเหตุผลว่าทำไม เขาถึงกังวล กับรสชาติของซุป เป็นอย่างมาก",
  "Pam": "เห... บุฟเฟต์ฟรีไง นี่แหละหนึ่งในเป้าหมาย ของการอยู่ที่นี่ล่ะ สนุกกับมันซะ เจ้าหนู!",
  "Haley": "ก็อยากจะเต้นนะ แต่ไม่อยากให้ เหงื่อออกเลย",
  "Jodi": "ฉันหวังว่าซุปปีนี้ จะอร่อยนะ",
  "Kent": "เฮ้ ยินดีที่ได้เจอคุณ",
  "Marlon": "ฉันมาอยู่ตรงนี้ เพราะมีต้นไม้อยู่... มันทำให้ อากาศเย็นน่ะ",
  "Sam": "ผู้ว่าเหรอ? ใครสน...#$e#แล้วทำไมถึงต้อง สนใจลุงแก่ๆ ที่ไม่ซ้ำหน้า แบบนี้ด้วยล่ะ?",
  "Leah": "ทำฟาร์ม ถึงไหนแล้ว? ดูเหมือนฤดูนี้ จะทำให้เธอ ยุ่งมากเลยนะ",
  "Shane": "ว้าว... คุณไม่มีทางหา ชัทนีย์พริกขี้หนู ในเมืองใหญ่ ได้แบบนี้หรอก",
  "Marnie": "ถ้าเธอนำของ มาใส่ซุปนะ ปีนบันได ด้านโน้นแล้วก็ โยนมันลงไปเลยจ้ะ",
  "Elliott": "วันนี้ฉันตื่นสาย เมื่อตอนก้าวออก จากประตูไปแล้ว ฉันก็พบว่าตัวเอง อยู่ท่ามกลาง เสียงเอะอะวุ่นวาย!#$e#ฉันลืมไปเลย ว่าวันนี้ มีงานลัวร์$h",
  "Gus": "หนอย พวกแมลงวันทรายนี่ ชอบมาตอมอาหาร อยู่เรื่อยเลย!",
  "Dwarf": "มีฝนตกงั้นเหรอ? *เฮือก*#$e#ฝน.... นี่อาจเป็น ตำนานสำหรับพวกเราเลย พวกเราบางคน อยู่มาโดยไม่เคย เจอเรื่องแบบนี้ มาก่อน",
  "Wizard": "พวกเงือกเอง ก็สนใจเกี่ยวกับ เทศกาลของมนุษย์ เหมือนกัน#$e#พวกเขา จะหัวเสียมาก ถ้าพวกเจ้าทิ้งขยะ ลงไปในทะเล",
  "Harvey": "ดีนะที่ผม ทาครีมกันแดด มาก่อน#$e#หวังว่ามารุจะไม่ลืม ทาครีมกันแดด ที่ไหล่ของเธอนะ?",
  "Sandy": "ฉันได้ยินว่า ที่นั่นฝนตกล่ะ นั่นใช่เหตุผล ที่คุณมาที่นี่ไหม?$h#$e#จริงๆแล้ว บางครั้งฉันก็ คิดถึงฝนนะ...$s",
  "Jas": "วินเซนท์เต้นไม่เก่ง เลยสักนิด",
  "Vincent": "น่าเบื่อจัง...",
  "Willy": "ว่าไง @ ออกมาสูดอากาศ เหมือนกันเหรอ#$e#พูดจริงๆนะ ตอนนี้ฉันอยาก ไปยืนตกปลา มากกว่าจะมา ร่วมงานนี้อีก",
  "Leo": "ชู่... ผมกำลังศึกษาการย่าง แบบพิถีพิถันอยู่น่ะ",
  "Governor_y2": "ฉันตั้งตาที่จะได้มาเยี่ยมเยียน สตาร์ดิวแวลลีย์ทุกปี อากาศช่างมีมนตร์สเน่ห์!",
  "Abigail_spouse_y2": "หลังจากกินซุปแล้ว เราไปเที่ยวตรงท่าเรือ ไกลๆ จากผู้คนกันเถอะ$0",
  "Penny_spouse_y2": "ฉันได้ยินข่าวลือมาว่า ท่านผู้ว่ากำลังคิดจะซื้อ บ้านพักตากอากาศที่นี่$0",
  "Leah_spouse_y2": "เธอควรจะตักอาหารไว้ ก่อนที่มันจะหมดเกลี้ยงนะ!$1",
  "Haley_spouse_y2": "ฉันอยากจะวิ่งกลับบ้าน ไปเอาบิกินี่มาจังเลย$0#$b#อุณหภูมิของน้ำกำลังดีเลย... ฉันเอานิ้วเท้าจุ่มดูแล้ว!$1",
  "Maru_spouse_y2": "อยู่ใต้ร่มแบบนี้เย็นกว่าน่ะ เดี๋ยวฉันค่อยตามไปกินนะ โอเคไหม?$0",
  "Emily_spouse_y2": "*หายใจหอบ* ถึงเวลาต้องหยุดพักหน่อยแล้ว$0#$e#ไว้เรามาเต้นด้วยกัน ทีหลังนะ โอเคไหม?$1",
  "Harvey_spouse_y2": "เพลงนี้ทำให้ขาของผม ขยับไปเองเลยครับ... เหมือนในคลาสเต้นแอโรบิก!$0",
  "Alex_spouse_y2": "วันนี้... ฉันจะกินเท่าที่อยากกิน พรุ่งนี้ฉันค่อยวิดพื้นเพิ่ม!$0",
  "Sam_spouse_y2": "ซุปนั่นกลิ่นหอมชะมัด...#$e#เธอเอาอะไรดีๆ ใส่ลงไปรึเปล่า? ฉันชักจะหิวแล้วสิ!$1",
  "Sebastian_spouse_y2": "เธอจำตอนที่เธอมาเจอฉัน ที่ตรงนี้ในวันฝนตกได้ไหม?$0#$e#ถึงแม้ว่ามันจะเป็นสถานที่ ที่ฉันชอบมาอยู่ตามลำพัง... แต่ฉันก็ดีใจจริงๆ ที่เธอมา$1",
  "Elliott_spouse_y2": "ผมอยากแนะนำให้เรา หาเวลา 'มาเจอกัน' ในกระท่อมหลังเก่า ของผมสักหน่อย... แต่ผมเกรงว่า มันคงจะ... เหม็นอับ... น่าดู หลังจากที่ีผมไม่อยู",
  "Shane_spouse_y2": "อืมม... ไอ้ที่ย่างอยู่นั่น หอมจัง$0",
  "Abigail_y2": "พ่อฉันเอาแต่หมกมุ่น อยู่กับการมาของท่านผู้ว่า ทุกอย่างจะต้องสมบูรณ์แบบ!#$e#ฉันคิดว่า พ่อคงอยากจะเป็น นายกเทศมนตรี ให้ได้สักวัน...$9",
  "Robin_y2": "ดิมิเทรียส... เพราะว่ามันสนุกไงล่ะ!%noturn$5",
  "Demetrius_y2": "ทำไมมนุษย์ ถึงสนุกกับการเต้น? บางที มันอาจเป็นกลไก โดยสัญชาตญาณ ดังนั้นเราจึงส่งต่อ คุณภาพทางพันธุกรรม ไปยังคู่ครองโดยไม่ได้ตั้งใจ?%noturn",
  "Maru_y2": "โอ้ย... ชายหาดโดนดวงอาทิตย์ ย่างจนสุกไปแล้ว$2",
  "Sebastian_y2": "โอ้ ไง มาหาที่หลบเสียงดังๆ เหมือนกันเหรอ?$0",
  "Linus_y2": "อ้อ เธอได้กลิ่นไหม?$0#$b#มันเป็นสัญญาณว่า เรากำลังย่างได้ที่แล้ว!$1",
  "Pierre_y2": "วินาทีที่เลวิส เดินออกไปจากท่านผู้ว่า... นั่นล่ะคือวินาที ที่ฉันจะเข้าไปตีสนิท...$0#$e#อ้ะ ฉันไม่ทันเห็นเธอตรงนี้$4#$e#ถ้าเธออยากจะซื้ออะไร ก็ไปคุยกับฉันอยู่อีกฟาก ของเคาน์เตอร์สิ$1",
  "Caroline_y2": "กัสใช้มันฝรั่งของฉัน ทำหลากหลายเมนูบุฟเฟต์ ในวันนี้เลย$0#$e#แล้ว เธอใส่วัตถุดิบชนิดไหน ลงไปในซุปล่ะ?$0",
  "Alex_y2": "เธอคิดว่าไง ถ้าฉันจะลงไปในน้ำ คนอื่นจะตามฉันลงมารึเปล่า? ฉันไม่อยากจะว่ายน้ำ อยู่คนเดียว!$0",
  "George_y2": "มันบดผสมต้นกระเทียม และกระทียม? หึหึ... ที่รัก ฉันว่าฉันคงตายตาหลับแล้ว!%noturn$1",
  "Evelyn_y2": "ทีนี้ ก็อย่ากินมากเกินไปล่ะ ที่รัก ฉันไม่อยากให้คุณปวดท้อง%noturn$0",
  "Lewis_y2": "ท่านผู้ว่าเป็นแขกผู้มีเกียรติ ของเราในวันนี้! ฉันหวังว่าพวกเธอทุกคน จะทำตัวดีๆ#$b#สำหรับใครที่นำวัตถุดิบ มาใส่ลงในหม้อ ก็ให้เตรียมวัตถุดิบ ใส่ลงในหม้อซุปได้",
  "Clint_y2": "*เคี้ยวอาหาร* เทศกาลนี้มีแต่อาหารดีๆ",
  "Penny_y2": "มันเป็นอะไรที่วิเศษมากเลยนะ ที่ได้เห็นทุกคนในชุมชน มารวมตัวกันแบบนี้? ฉันจะพยายามเต็มที่ เพื่อรักษาช่วงเวลาดีๆ แบบนี้เอาไว้$0",
  "Pam_y2": "*ซด* โอ้ ใช่เลย! ฉันต้องการอันนี้เพิ่มอีก!$1",
  "Emily_y2": "*แฮ่ก* ใส่แรงไปตรงสะโพก!$0#$e#ถึงเวลาต้องหยุดพักสักหน่อย เหงื่อท่วมหมดแล้ว!$0",
  "Haley_y2": "อย่าบังแดดสิ! ฉันกำลังได้ที่เหมาะๆ ที่จะเลี่ยงไม่ให้เกิด ผิวสีแทนกระดำกระด่าง$0",
  "Jodi_y2": "ฉันได้ยินมาว่า ฤดูร้อนเป็นฤดูที่ชาวไร่ยุ่งมาก ต้องระวังไม่ทำงานหักโหม จนเกินไปนะจ๊ะ!$0",
  "Kent_y2": "*ดมกลิ่น* ...กลิ่นรุนแรงแบบนี้ ชวนให้นึกถึง ความทรงจำเก่าๆ...$0#$e#จะออกมาดี หรือไม่ดีก็ได้...",
  "Marlon_y2": "สวัสดี#$e#ซุปรึ? เต้นรำรึ? ไม่ล่ะ ขอบคุณ ข้าขออยู่ตรงนี้ก็ดีแล้ว นอกจากนี้ ต้องมีใครสักคน ที่คอยจับตาดู เผื่อว่ามีมอนสเตอร์ ปรากฏตัวขึ้นมา...$0",
  "Sam_y2": "ปีหน้า ฉันต้องไม่ลืม เอากีตาร์ไฟฟ้ามาด้วย... ลองจินตนาการ ท่อนที่ฉันขึ้นไปโซโล่สิ!$0",
  "Leah_y2": "ฉันเลือกไม่ได้เลยว่า จะกินอะไรดี! ก็มันมีตัวเลือกให้เลือก เต็มไปหมดเลยนี่นา$0",
  "Shane_y2": "ฉันไม่มีทางปฏิเสธ อาหารฟรีอยู่แล้ว",
  "Marnie_y2": "สวัสดีจ้ะ @! เธอได้นำวัตถุดิบ มาใส่ลงในหม้อไหมจ๊ะ? เดินขึ้นบันได้ไป แล้วโยนลงไปได้เลย!$1",
  "Elliott_y2": "อา เทศการลัวร์... ความเอะอะมะเทิ่ง ของทั่วทั้งเมือง มาอยู่ที่หน้าประตูบ้านของผม!$0",
  "Gus_y2": "วิตถุดิบแย่ๆ แค่อย่างเดียว ก็สามารถทำให้ซุปทั้งหม้อ เสียของได้...$0",
  "Dwarf_y2": "เจ้าบอกว่า มีฝนตกทางตอนบนรึ?#$e#สายฝน... เป็นสิ่งลี้ลับสำหรับพวกเรา พวกข้าบางคน อยู่มาทั้งชีวิตโดย ไม่ได้พบเจอกับมัน",
  "Wizard_y2": "ในห้วงลึกอันมืดมิดของทะเล ยังมีปริศนามากมาย หลับใหลอยู่ รอคอยให้ได้ถูกค้นพบ$0",
  "Harvey_y2": "*หายใจหอบ*... *หายใจหอบ*... ผมรอที่จะได้กินซุปร้อนๆ สักชาม แทบไม่ไหวแล้ว...$h",
  "Sandy_y2": "ฉันได้ยินมาว่าที่บ้านฝนตก เพราะแบบนั้นเธอก็เลยมาที่นี่เหรอ?$h#$e#ฉันก็คิดถึงฝนเหมือนกันนะ จริงๆ...$s",
  "Jas_y2": "ตะ...แต่... หนูต้องกินมันด้วยเหรอ?$2",
  "Vincent_y2": "ทำไมผมถึงไปเล่น ข้างแอ่งน้ำขังไม่ได้?$s",
  "Willy_y2": "ไม่ต้องห่วง เดี๋ยวฉันจะกลับไปกินซุป... ฉันขออยู่เพลินๆ ในช่วงเวลานี้ กับกล้องยาสูบของฉันก่อน!$3",
  "Leo_y2": "บ้านผมอยู่ทางโน้น ข้ามทะเลไป ดูเหมือนใกล้ แต่ไกลมาก$0#$e#หวังว่าเพื่อนของผมจะสบายดี$0"
}
