{
  "name": "ระบำแมงกะพรุนแสงจันทร์",
  "conditions": "Beach/2200 2400",
  "set-up": "ocean/-1000 -1000/farmer 38 3 2/changeToTemporaryMap Beach-Jellies/viewport -1000 -1000/loadActors Set-Up/advancedMove Vincent true 0 12 3 3000 2 0 1 3000 0 -12 -2 0 3 3000/advancedMove Jas true 0 2 3 5000 0 -2 3 5000/advancedMove Clint false 2 50000 -2 0 3 500 2 1000 3 1000 1 0 2 1000/advancedMove Harvey True 0 -12 -10 0 0 6 2 25000 0 -6 10 0 0 12 2 25000/playerControl jellies/viewport player clamp true unfreeze/globalFadeToClear",
  "mainEvent": "pause 500/globalFade/viewport -1000 -1000/loadActors MainEvent/changeLocation Beach/warpFarmers 28 36 2 29 35 2 34 36 2 37 35 2 25 36 2 10 39 3 30 35 2 33 35 2 36 35 2 up 25 33 3/positionOffset farmer 0 16/warp spouse 29 36/faceDirection spouse 2/specificTemporarySprite candleBoat/showFrame Pam 24/positionOffset Pam 0 12/showFrame Haley 30/viewport 26 36 true/pause 2000/move Lewis 0 1 2/move Lewis -2 0 3/pause 400/showFrame Lewis 16 true/animate Lewis false false 200 25 16 17 17/pause 800/playSound parry/specificTemporarySprite candleBoatMove/pause 500/showFrame Lewis 0 true/animate Lewis false false 200 25 12/pause 400/move Lewis 1 0 2/pause 6000/specificTemporarySprite moonlightJellies/pause 10000/playMusic moonlightJellies/pause 18000/emote Jodi 16 true/pause 800/emote Emily 16 true/pause 700/emote Abigail 56 true/pause 8500/move Jas 0 1 2/pause 300/faceDirection Jas 3 true/pause 300/jump Jas 8 true/pause 500/emote Jas 20/pause 500/viewport move -1 0 8000/pause 4000/move Caroline -2 0 3 true/pause 4000/faceDirection Sebastian 2/move Abigail 1 0 2/showFrame Abigail 24/pause 500/viewport move 1 0 21000/pause 5000/move Lewis 0 1 2/showFrame Lewis 18/pause 3000/showFrame Haley 31/pause 100/showFrame Haley 24/pause 1000/showFrame Haley 31/pause 100/showFrame Haley 30/pause 1800/showFrame Jodi 25/pause 1000/showFrame Emily 27/showFrame Haley 31/pause 100/showFrame Haley 24/pause 1000/showFrame Haley 31/pause 100/showFrame Haley 30/pause 1000/move Clint -1 0 2/pause 2000/globalFade/viewport -1000 -1000/pause 2000/pause 1000/message \"ช่วงเวลาดีๆ ของฤดูร้อนกำลังผ่านไป และตอนนี้... กะพรุนแสงจันทร์ กำลังลอยผ่านไปสู่จุดหมาย ที่ไม่มีใครรู้\"/playMusic none/pause 2000/waitForOtherPlayers festivalEnd/end",
  "Leah_spouse": "เฮ้ ฉันเคยมาดูมันแล้ว เมื่อฤดูร้อนก่อนๆนี้ ฉันจะมาพบเธออีกที ตอนปล่อยเรือเทียนละกัน",
  "Abigail": "ช่างเป็นประสบการณ์ อันน่าตื่นเต้นที่หาดู ได้ยากจริงๆ ...",
  "Robin": "*หาว*... นี่มันเลยเวลานอน ของฉันมาแล้วนะ$s#$e#เฮ้ เห็นกระทงนั่นไหม? ฉันทำเองแหละ$h",
  "Demetrius": "'กะพรุนแสงจันทร์'... เป็นสายพันธุ์ที่น่าทึ่งดีนะ เราโชคดีมาก ที่พวกมันผ่านมาที่นี่ในการ เดินทางไกลไปทางใต้#$e#ไม่รู้เหมือนกันว่า ทำไมพวกมันถึงมีแสง... น่าประหลาดมาก",
  "Maru": "ดูเหมือนอากาศ จะเริ่มหนาวแล้วนะ ฉันว่าฤดูใบไม้ร่วง กำลังจะมาถึงแล้วแหละ",
  "Sebastian": "ฉันว่าฉันเห็น บางอย่างขยับในนั้นนะ... บางอย่างที่มันใหญ่ บางอย่างที่มันลึกลับ#$e#พยายามที่จะหลอกให้คุณกลัว...$h",
  "Pierre": "ชู่วว... พรุ่งนี้เข้ามาเอา เมล็ดพันธุ์ฤดูใบไม้ร่วง ที่ร้านฉันสิ!",
  "Caroline": "แสงเทียนพวกนี้ ช่างดูโรแมนติกเสียจริง เห็นด้วยไหม?",
  "Linus": "เดี๋ยวฉันค่อยๆ ย่องไปแอบดู ตอนที่แมงกะพรุนลอยมา แล้วกันนะ... ฉันไม่อยากจะไป รบกวนคนอื่นเขา",
  "Alex": "ไม่อยากเชื่อเลยว่า หน้าร้อนกำลังจะหมดไป... เหมือนเพิ่งจะเริ่มต้นนี่เอง$s",
  "George": "อะไรกัน ทำไมถึงมองฉัน ด้วยสายตาแบบนั้น? เธอคิดว่าฉันแก่เกินกว่า จะสนุกกับอะไรแบบนี้ หรือไง?",
  "Evelyn": "ฉันยังจำได้ว่า เคยเห็นแมงกะพรุนพวกนี้ เมื่อตอนที่ยังเป็นเด็ก ฉันกระโดดไปมา ด้วยความสนุกเมื่อพวกมันมาถึง!#$e#แต่นั่นก็นานมาแล้ว... ฉันไม่มีเรี่ยวแรง ขนาดนั้นอีกแล้วล่ะ",
  "Lewis": "สวัสดียามดึก @ พวกแมงกะพรุนแสงจันทร์ กำลังใกล้เข้ามาแล้วล่ะ... ฉันเห็นตัวนึงเรืองแสงอยู่ลิบๆ นู่นแหนะ#$b#เดี๋ยวพอเราปล่อย เรือแสงเทียนนี้ไปนะ พวกมันจะลอยมา ทักทายเราที่ท่าเรือนี้เอง",
  "Clint": "คืนนี้ฉันสวมรองเท้าคู่เก่ง มาด้วยล่ะ... แต่ไม่มีใครสังเกตเลย$s",
  "Emily": "มองดูสิที่ทะเล ที่ไร้ซึ่งจุดสิ้นสุดนั่น ใต้น้ำลึก มีสัตว์ทะเลหลากหลายชนิด กำลังเคลื่อนที่ ภายใต้ความมืดมิดอยู่#$b#ใช่เอรี่ รึเปล่านะ",
  "Penny": "ชีวิตของแมงกะพรุน นี่ช่างง่ายดายดีจัง... เพียงแค่ปล่อยให้คลื่นลม พัดพาผ่านไปตลอดกาล",
  "Pam": "อย่าไปบอกกัสนะ แต่ฉันผิดหวังนิดหน่อยนะเนี่ย ที่คืนนี้ไม่มีบุฟเฟต์ด้วย",
  "Haley": "ฉันจะถ่ายรูปแมงกะพรุน ตอนที่พวกมันมาถึงฝั่งแล้ว",
  "Jodi": "ตรงนั้นน่ะ! ฉันเห็นอะไรบางอย่าง เรืองแสงด้วย!#$b#โธ่... ไปซะแล้ว$s",
  "Kent": "สวัสดีตอนเย็น @ หวังว่าเธอจะหาเวลาพักผ่อน ได้ก่อนฤดูเก็บเกี่ยวนะ",
  "Sam": "ฉันว่าพวกมัน อาจจะมีพิษร้ายแรงนะ?#$e#แบบนี้คงผลักเซบาสเตียน ลงน้ำไม่ได้แล้ว...$h",
  "Leah": "เฮ้ ฉันเคยมาดูมันแล้ว เมื่อฤดูร้อนก่อนๆนี้",
  "Shane": "พวกแมงกะพรุน เคยมาที่นี่เมื่อปีที่แล้ว และพวกมันก็จะกลับมาอีกครั้ง ในหนึ่งปีจากนี้... ธรรมชาติช่างน่าอัศจรรย์จริงๆ",
  "Marnie": "เหมือนคนจะเยอะเกินไป สำหรับท่าที่เป็นไม้เก่าๆนะ! ฉันจะอยู่ตรงนี้ใกล้ๆ ชายหาดดีกว่า",
  "Elliott": "ถ้าเราทำให้มหาสมุทรเกิดมลพิษ แมงกะพรุนก็จะสูญพันธ์ มันพร้อมที่จะเกิดขึ้นตลอด#$e#น่าละอายใจ... ที่เราไม่เคารพธรรมชาติ อีกต่อไป",
  "Gus": "'แมงกะพรุนแสงจันทร์'... ฉันสงสัยจังว่ามันรสชาติยังไง?$h#$b#แน่นอน! ฉันยังไม่เคยลองมันเลยนะ!$u",
  "Dwarf": "มีฝนตกงั้นเหรอ? *เฮือก*#$e#ฝน.... นี่อาจเป็น ตำนานสำหรับพวกเราเลย พวกเราบางคน อยู่มาโดยไม่เคย เจอเรื่องแบบนี้ มาก่อน",
  "Wizard": "หาข้าเจอได้ยังไงกันเนี่ย? ข้าว่าข้าหาที่ซ่อนดีแล้วนะ#$b#บางทีเจ้าอาจจะมี ญาณทิพย์ก็ได้#$e#ข้ามาที่นี่เพื่อสังเกตลูนาลูส (Lunaloos)... หรือที่พวกเจ้าเรียกกันว่า 'กะพรุนแสงจันทร์' พวกมันเป็นสิ่งมีชีวิตใต้น้ำ ที่แลดูมีมนต์ขลังเอามากๆ",
  "Harvey": "ดีแล้วที่ฤดูร้อนกำลังจะผ่านไป เอาจริงๆนะ ผมรู้สึกมีความสุขมากที่จะได้ บอกลาบรรดายุงไปเสียที!",
  "Sandy": "ฉันได้ยินว่าที่นั่นฝนตกล่ะ นั่นใช่เหตุผล ที่คุณมาที่นี่ไหม?$h#$e#จริงๆแล้ว ฉันก็คิดถึงฝนเหมือนกันนะ...$s",
  "Jas": "หนูหวังว่าพวกมันจะออกลูกเยอะๆ ในปีนี้นะ!",
  "Vincent": "ผมอยากเห็นแมงกะพรุนสีเขียวจัง เพราะมันหาได้ยากมาก!",
  "Willy": "พวกปลากลางคืนส่วนใหญ่ มักจะกลัวแสงนะ... แต่เจ้าพวกนี้ มันแปลกกว่าใครเพื่อนเลย",
  "Leo": "พวกแมงกะพรุนแสงจันทร์ เคยเป็นเพื่อนผมด้วยนะ... พวกเค้าก็ไปที่เกาะทุกปีเหมือนกัน",
  "set-up_y2": "ocean/-1000 -1000/farmer 38 3 2/changeToTemporaryMap Beach-Jellies2/viewport -1000 01000/loadActors Set-Up/positionOffset Willy 0 -20/advancedMove Haley true 3 6750 4 300 0 -2 4 300 3 5500 2 300 0 2 2 250 3 2000/advancedMove Vincent true 3 4000 2 300 1 250 3 0 0 -2 4 250 1 5350 4 300 0 -3 4 300 1 5750 2 300 0 3 2 300 1 5000 2 250 0 2 -3 0 3 2000/advancedMove Abigail true 3 4250 2 250 0 5 2 300 3 7500 4 300 0 -5 4 250 3 1000/advancedMove Caroline false 2 12500 -2 0 0 1 -13 0 0 8 2 300 3 1000/advancedMove Alex true 2 7250 1 250 3 0 1 250 2 5000 3 300 -3 0 2 3000/playerControl jellies/viewport player clamp true unfreeze/globalFadeToClear",
  "mainEvent_y2": "pause 500/globalFade/viewport -1000 -1000/loadActors MainEvent/changeLocation Beach/warpFarmers 28 36 2 26 36 2 33 35 2 40 35 2 27 35 2 30 35 2 37 34 2 39 34 2 up 42 35 3/positionOffset farmer 0 16/warp spouse 29 36/faceDirection spouse 2/warp Caroline 36 35/faceDirection Caroline 2 true/warp Pierre 37 35/faceDirection Pierre 2 true/specificTemporarySprite candleBoat/viewport 26 36 true/pause 2000/move Lewis 0 1 2/move Lewis -2 0 3/pause 400/showFrame Lewis 16 true/animate Lewis false false 200 25 16 17 17/pause 800/playSound parry/specificTemporarySprite candleBoatMove/pause 500/showFrame Lewis 0 true/animate Lewis false false 200 25 12/pause 400/faceDirection Lewis 2/pause 6000/specificTemporarySprite moonlightJellies/pause 10000/playMusic moonlightJellies/pause 18000/emote Robin 16/pause 500/emote Jodi 56/pause 500/jump Maru/pause 500/emote Penny 20/pause 1250/emote Caroline 16/pause 1250/faceDirection Robin 1 true/pause 750/faceDirection Demetrius 3 true/pause 2000/faceDirection Robin 2 true/pause 750/faceDirection Demetrius 2 true/pause 2500/showFrame Willy 24/pause 500/showFrame Willy 25/pause 1500/viewport move -1 0 8000/pause 2650/showFrame Kent 16/pause 1500/move Jodi 0 1 2/pause 1500/showFrame Jodi 25/pause 4500/faceDirection Vincent 2 true/pause 300/faceDirection Vincent 1 true/pause 150/move Vincent 1 0 2/move Vincent 0 2 2/pause 600/jump Vincent/pause 400/viewport move 1 0 20000/pause 2000/faceDirection Vincent 1 true/pause 1000/faceDirection Vincent 2 true/pause 1000/move Lewis 1 0 2/move Lewis 0 1 2/showFrame Lewis 18/pause 4300/showFrame Demetrius 19/pause 3000/faceDirection Caroline 1 true/pause 1000/faceDirection Pierre 3 true/pause 2000/globalFade/viewport -1000 -1000/pause 2000/pause 1000/message \"แสงเรืองรองแห่งฤดูร้อน กำลังจางหายไป และตอนนี้... กะพรุนแสงจันทร์ กำลังลอยผ่านไปสู่จุดหมาย ที่ไม่มีใครรู้\"/playMusic none/pause 2000/waitForOtherPlayers festivalEnd/end",
  "Abigail_spouse_y2": "ฉันเอาผ้าห่มมาด้วย เผื่อว่าถ้าเราเกิดหนาวขึ้นมา$0#$e#มันเล็กไปหน่อย แต่ฉันว่าพวกเราห่มมันได้...$4",
  "Haley_spouse_y2": "งุ้ยย... เทียนพวกนี้ โรแมนติกจังเลย$4#$e#ลาก่อนนะ ฤดูร้อน...$s",
  "Maru_spouse_y2": "เธอคิดว่าฉันจะมีเวลามากพอ กลับไปหยิบกล้องส่องทางไกล ที่บ้านมาไหม?$0#$e#อืมม... น่าจะไม่ ฉันไม่อยากพลาดมัน!$0 ",
  "Emily_spouse_y2": "ไง เธออยู่นี่เอง!$0#$e#ทะเลเก็บงำความลับ และสิ่งมหัศจรรย์ เอาไว้มากมาย มันอัศจรรย์จริงๆ$0",
  "Leah_spouse_y2": "ฉันเอาสปาร์คกลิ้งไวน์ มาเพื่อกิจกรรมหลักของวันนี้เลย... ฤดูร้อนยังไม่จบซะหน่อย!$0",
  "Penny_spouse_y2": "ฉันคงจะเอากาน้ำชา มาด้วยแล้ว ถ้าฉันรู้ว่า อากาศจะหนาวแบบนี้!$0",
  "Alex_spouse_y2": "ฉันขอใช้เวลากับครอบครัว สักแป๊บนึง เดี๋ยวเสร็จแล้วฉันจะไปหาเธอ ที่ท่าเรือทันทีเลย โอเคไหม?$0",
  "Sam_spouse_y2": "ว้าว... คืนนี้เธอดูดีมาก!$10",
  "Harvey_spouse_y2": "ไงครับ ที่รัก แมงกะพรุงจะโผล่ออกมา ตอนไหนก็ได้... ไม่เคยชวนให้เบื่อเลยครับ!$0",
  "Shane_spouse_y2": "คุณเตรียมตัวสำหรับ ฤดูใบไม่ร่วงแล้วหรือยัง? ส่วนผม...#$e#ห๊ะ? โอ้ ผมเอาฟักทองอบกรอบ ถุงเบิ้มมาด้วยนะ กินได้เลยนะ ถ้าคุณอยากกิน",
  "Sebastian_spouse_y2": "ฉันจำตอนที่เธอมา เทศกาล ระบำแมงกะพรุนแสงจันทร์ ครั้งแรกได้#$b#เธอคงไม่ได้สังเกต แต่ฉันมองเธออยู่ ตอนที่แมงกะพรุนโผล่ขึ้นมา เธองดงามมาก อยู่ท่ามกลางแสงสีฟ้า...$l",
  "Elliott_spouse_y2": "อา ผมกำลังสงสัยอยู่เลยครับ ว่าเมื่อไรคุณจะมา!$0#$e#เราไปที่ท่าเรือกันเถอะ และรอต้อนรับแขกผู้มาเยือน จากท้องทะเล!$1",
  "Abigail_y2": "จะต้องมีแมงกะพรุนสีเขียว ที่หายากอยู่แน่ คืนนี้ฉันจะต้องได้เห็นมัน เป็นครั้งแรก!$0",
  "Robin_y2": "ทุกปีเราจะต้องตรวจสอบ เรือแสงเทียนนี้ และอุดรอยรั่วทั้งหมด#$e#ลองจินตนาการว่า ถ้าเกิดมันจมระหว่างเทศกาลสิ...$1",
  "Demetrius_y2": "มันมี 'แมงกะพรุน' ชนิดอื่น ที่บางครั้งนักตกปลา จะตกขึ้นมาจากน้ำได้ นอกจากชื่อแล้ว พวกมันยังมีธรรมชาติ ต่างกับแมงกะพรุนแสงจันทร์ มาก...",
  "Maru_y2": "เธอเห็นแสงเรืองๆ ที่เส้นขอบฟ้าไหม? นั่นต้องเป็นพวกมันแน่!$0",
  "Sebastian_y2": "เวลาที่เธอจ้องมองลงไปทะเล มันมีโอกาสที่ บางอย่างที่อยู่ลึกลงไปนั่น จะจ้องมองเธอกลับมา...$0",
  "Linus_y2": "ฉันสังเกตว่า ไม่มีคนอื่นมาใช้ท่าเรือฝั่งนี้ เพราะงั้นฉันก็เลยย่องมาเงียบๆ$0#$e#ฉันก็ชอบดู แมงกะพรุนเหมือนกัน",
  "Pierre_y2": "สวัสดี ชาวไร่ @ พรุ่งนี้อย่าลืมมาแวะที่้ร้านฉัน เพื่อซื้อเมล็ดพันธุ์ ประจำฤดูใบไม้ร่วงไปด้วยล่ะ!$0",
  "Caroline_y2": "ฉันมีความสุขมาก ที่พวกแมงกะพรุน เลือกที่จะแวะมาหาเรา ระหว่างการอพยพลงใต้ มันเป็นช่วงเวลาแห่งมนตร์ขลัง ที่ชุมชนของเรา จะได้แบ่งปันแก่กัน$0",
  "Alex_y2": "น่าเสียดายที่ฤดูร้อนกำลังจะจบ แต่ก็นะ ชีวิตก็แบบนี้...$0",
  "George_y2": "ถ้าย้อนกลับไปสมัยก่อน พวกเราเคยช้อนมันขึ้นมา แล้วเอามาใส่ขวดโหลไว้...$h#$e#วันเวลาผ่านไป... ผ่านไป...",
  "Evelyn_y2": "จอร์จกับฉัน ดูแมงกะพรุน ผ่านมาแล้วก็ผ่านไป มาหลายทศวรรษแล้วจ้ะ$1",
  "Lewis_y2": "สวัสดี @ ยามเย็นมาถึงแล้ว และเหล่ากะพรุนแสงจันทร์ ก็กำลังใกล้เข้ามายังชายฝั่ง#$b#เมื่อเราปล่อยเรือแสงเทียนนี้แล้ว พวกมันก็จะมารวมตัวที่ท่าเรือ$0",
  "Clint_y2": "ฉันอยู่ใกล้คลื่นมากไป จนเท้าฉันเปียกเลย...$2",
  "Penny_y2": "บรื๋อ... ลมพัดหนาวจังเลย ฉันน่าจะใส่หมวกมา!",
  "Pam_y2": "ไง เจ้าหนู เธอเป็นชาวไร่ เพราะงั้นบอกฉันมา... เธอสามารถเอา แมงกะพรุนพวกนี้ มาทำอย่างอื่นได้ไหม?#$e#มันคงจะประหยัดเงินฉันได้ ถ้าฉันสามารถเอามันมา ป้ายขนมปังกิน!$1",
  "Emily_y2": "แมงกะพรุนแสงจันทร์ เปล่งแสงสีน้ำเงิน แห่งความลึกลับออกมา...$0#$e#พวกมันมีอะไร มากกว่าที่ตาเห็น$0",
  "Haley_y2": "ฉันไม่มีเวลาแต่งหน้าเลย... เธอคิดว่าคนอื่นจะสังเกตเห็น ในที่มืดๆ ไหม?",
  "Jodi_y2": "พระจันทร์เต็มดวง ชวนเหล่าแมงกะพรุน มาที่ชายหาดของเรา",
  "Kent_y2": "ไง วางแผนสำหรับฤดูใบไม้ร่วง ไว้แล้วรึยัง?",
  "Marlon_y2": "ข้าอาจจะเหลือแค่ ตาซ้ายข้างเดียว แต่ข้าขอให้เจ้ามั่นใจได้เลย ว่าข้าจะมองเห็น พวกสัตว์ร้าย ที่ซุ่มซ่อนอยู่ในความมืด",
  "Sam_y2": "ฤดูร้อนใกล้จะหมดลงแล้ว ฉันคงจะคิดถึง กลางวันยาวนานแน่!",
  "Leah_y2": "มีแผนสนุกๆ ที่จะทำในฤดูใบไม้ร่วงรึยัง? เดี๋ยวฉันจะต้อง ตกแต่งบ้านแล้วล่ะ",
  "Shane_y2": "สงสัยจังว่าปีนี้ จะแห่กันมากี่ตัว?$0",
  "Marnie_y2": "ฉันออกไปไกลจากท่าเรือไม่ได้ เสียงไม้ลั่นเอี๊ยดอ๊าด ทำให้ฉันตัวสั่น$s#$e#ตอนที่ฉันยังเป็นเด็ก ฉันเคยตกจากท่าเรือที่ผุพัง แล้วก็เลยฝังใจ...$s",
  "Elliott_y2": "แสงเทียนระยิบระยับบนผิวน้ำ งดงามจนแทบหยุดหายใจ มันดูเหมือนภาพวาด ที่มีชีวิตเลย$0",
  "Gus_y2": "*ดมกลิ่น* อา... กินสดชื่นของทะเลนี่ ไม่เคยทำให้ไม่พอใจเลย$0",
  "Dwarf_y2": "เจ้าบอกว่า มีฝนตกทางตอนบนรึ?#$e#สายฝน... เป็นสิ่งลี้ลับสำหรับพวกเรา พวกข้าบางคน อยู่มาทั้งชีวิตโดย ไม่ได้พบเจอกับมัน",
  "Wizard_y2": "ไข่เรืองแสงของลูนาลู ใช้ทำน้ำยาที่ทรงพลังได้...",
  "Harvey_y2": "ทุกวินาทีที่ผ่านไป ความคาดหวังของผม ก็เพิ่มมากขึ้น...$0",
  "Sandy_y2": "ฉันได้ยินมาว่าที่บ้านฝนตก เพราะแบบนั้นเธอก็เลยมาที่นี่เหรอ?$h#$e#ฉันก็คิดถึงฝนเหมือนกันนะ จริงๆ...$s",
  "Jas_y2": "แมงกะพรุนรู้ว่า ต้องว่ายน้ำไปทางไหนได้ยังไง ถ้าพวกมันไม่มีลูกกะตา?$0",
  "Vincent_y2": "ผมเคยจับแมงกะพรุนครั้งหนึ่ง แล้วมันก็ต่อยมือผม$2",
  "Willy_y2": "มันเป็นกฎเก่าแก่ของชาวประมง... ถ้าเธอตก แมงกะพรุนแสงจันทร์ ขึ้นมาได้ เธอจะต้องปล่อยมันคืนสู่ทะเล$0",
  "Leo_y2": "เพื่อนเก่าจากบ้านของผม กำลังจะมาเยี่ยมเราเร็วๆ นี้!$1"
}
