{
  "name": "เทศกาลแห่งดวงดาวฤดูหนาว",
  "conditions": "Town/900 1400",
  "set-up": "christmasTheme/-1000 -1000/farmer 12 54 1/changeToTemporaryMap Town-Christmas/viewport -1000 -1000/loadActors Set-Up/viewport player clamp true unfreeze/globalFadeToClear/playerControl christmas",
  "secretSanta": "none/-1000 -1000/farmer 30 69 0/warp Emily 37 59/warp Haley 35 74/warp secretSanta 29 75/faceDirection secretSanta 0/viewport 30 67 true/pause 2000/move secretSanta 0 -4 0/move secretSanta 1 0 0/pause 500/shake secretSanta 100/playSound stoneStep/specificTemporarySprite secretGift/pause 100/faceDirection farmer 2/pause 200/jump farmer/pause 700/emote farmer 16/pause 100/move secretSanta -1 0 0/move secretSanta 0 -2 0/pause 700/faceDirection farmer 3/pause 300/faceDirection farmer 0/pause 500/faceDirection secretSanta 1/pause 500/speak secretSanta \"dialogue1\"/pause 300/faceDirection farmer 2/pause 800/showFrame 4/pause 300/playSound cut/specificTemporarySprite secretGiftOpen/pause 400/stopAnimation farmer/faceDirection farmer 2/pause 1000/cutscene addSecretSantaItem/pause 3000/null/faceDirection farmer 3/speak secretSanta \"dialogue2\"/pause 600/eyes 1 -1500/emote farmer 32/pause 1000/globalFade/viewport -1000 -1000/warp Emily 29 72/warp Haley 30 72/warp secretSanta warpX warpY/faceDirection farmer 2/cutscene clearTempSprites/playMusic christmasTheme/viewport 30 67 true/playerControl christmas2",
  "Abigail_spouse": "ฉันสงสัยว่า ฉันจะลองเลียไอขนมนั่นได้ไหม...",
  "Leah_spouse": "ฉันขอบคุณชีวิตในฟาร์ม ที่เรียบง่ายของเรา$h",
  "Maru_spouse": "เฮ้ @ ฉันพร้อมจะ เคียงข้างเธอ ไปตลอดนะ",
  "Penny_spouse": "ขอบคุณที่ฉัน ได้เจอเธอนะ...$l",
  "Haley_spouse": "ฉันเหรอ?... โอ้ ขอบคุณที่... เออ...เดี๋ยวกลับบ้านแล้ว ฉันจะโชว์ให้เธอดูดีกว่า?$l",
  "Sebastian_spouse": "เฮ้ @ อย่างที่เธอเห็น ฉันจะทำหน้าที่เติมเต็ม ครอบครัวของเรา...",
  "Sam_spouse": "*ง่วงง*... ฉันมาที่นี่เพื่อของขวัญ และคุกกี้$h",
  "Alex_spouse": "ฉันจะขอบคุณอะไรงั้นเหรอ? เดี๋ยวกลับบ้านแล้ว เธอจะรู้เอง...$l",
  "Harvey_spouse": "ฉันรู้สึกหน้ามืดเล็กน้อย... ขอบคุณพระเจ้า สำหรับอากาศบริสุทธิ์...$l",
  "Elliott_spouse": "คุณไม่จำเป็นต้องให้อะไร ฉันเพิ่มเติมแล้ว ตัวคุณนั่นแหละ เป็นเสมือนของขวัญแสนวิเศษ ที่ผมเคยได้มาทั้งหมด...$l",
  "Abigail": "ไม่มีอะไรสู้มื้ออาหารร้อนๆ ในฤดูหนาวได้หรอก จริงไหม?$h",
  "Robin": "ไงจ้ะ @ ถ้าเหงาก็มาร่วมโต๊ะกับ ครอบครัวของพวกเราได้นะ$h",
  "Demetrius": "ปีนี้ฉันคงจะได้พวก ชุดเครื่องมือ การทดลองอีกเช่นเคย... *ถอนหายใจ*",
  "Maru": "สวัสดี @$h",
  "Shane": "ฉันได้เจอบางคน ที่เชื่อในไสยศาสตร์และเวทมนตร์ แต่ฉันเหรอ? ฉันไม่เคยเห็นอะไรที่ อธิบายไม่ได้ด้วยวิทยาศาสตร์",
  "Sebastian": "บางครั้ง การใช้เวลาอยู่กับครอบครัว ก็เป็นเรื่องที่เหนื่อยนะ",
  "Pierre": "ยอดขายของฉัน มันเยี่ยมมาก... ต้องขอบคุณเทศกาลแห่ง ดวงดาวฤดูหนาว!$h#$e#เจ้าหนู วันหยุดนี่มันดีกับกิจการจริงๆ ฉันสงสัยว่า ถ้าฉันเอาของใหม่ๆมา...",
  "Caroline": "อู้ห์... ฉันว่าฉันดื่มมากไปแล้ว$h",
  "Linus": "ก็อยากจะร่วมนะ... แต่ฉันคงไม่ได้เป็น ที่น่าต้อนรับสักเท่าไหร่$s",
  "Alex": "โอ้ สวัสดี$s",
  "George": "เทศกาลฉลองดวงดาว โง่เง่าอะไรกัน? ไร้สาระ!",
  "Evelyn": "นี่ไม่รู้สึก หนาวบ้างเลยเหรอที่รัก! จะแข็งตายอยู่แล้วนะ!",
  "Lewis": "วันนี้เป็นเวลาที่จะขอบคุณ สำหรับความโชคดีในปีนี้ ลืมความกังวล ของเธอซะสำหรับวันนี้ และพักผ่อนให้เต็มที่!",
  "Clint": "*ถอนหายใจ*... ทุกครอบครัว ล้วนอยู่พร้อมหน้ามีความสุข แต่ฉันสิต้องอยู่ตัวคนเดียว เหมือนเดิมทุกปี",
  "Emily": "$y '@! เธอหวังว่าจะเจออะไร ใต้ต้นไม้แห่งจิตวิญญาณล่ะ?_บัวรดน้ำอันใหม่_เรื่องงานตลอด! ไม่เล่นต่อล่ะ? ไม่สนุกเลย$s_เหยือกสำหรับใส่เหล้าน้ำผึ้ง_โอ้ววว... ฟังดูดีนี่ เอามาให้ฉันชิมบ้างล่ะ$h_รองเท้าดีๆสักคู่_ฉันเห็นด้วยนะ น่าจะเป็นของขวัญที่ดี!'",
  "Penny": "มันช่างเป็นต้นไม้ ที่สวยจริงๆเลย$h",
  "Pam": "ฮึ่ม.... ฉันยังหงุดหงิดไม่หายเลย ที่ไม่ชนะการแข่งขันตกปลาน่ะ$4",
  "Haley": "ฉันหวังว่า จะได้กล้องถ่ายรูปอันใหม่ ใต้ต้นไม้นั่นนะ!",
  "Jodi": "นี่ไม่ใช่เวลาจะมา ลดความอ้วนเลยนะเนี่ย...$s",
  "Kent": "สวัสดีตอนบ่าย @ สุขสันต์งานเลี้ยง",
  "Sam": "ฉันขอขอบคุณกีตาร์และสเก็ตบอร์ดของตัวเอง อ้อ แล้วก็ครอบครัวด้วยล่ะมั้ง",
  "Leah": "กัสเพิ่งจะเล่าเรื่องลูกกวาดแท่ง ที่เขาทำเองกับมือจบล่ะ *หาว*$u#$e#ฉันว่าเขาดื่มเหล้านอก ผสมอบเชยมากไปแล้ว",
  "Marnie": "ยินดีต้อนรับสู่งานเลี้ยง แห่งดวงดาวในฤดูหนาว!$h",
  "Elliott": "อ้าว ว่าไง @ มันหนาวดีนะ ว่าไหม?",
  "Gus": "การทำลูกกวาดมันก็เป็น ศิลปะอย่างหนึ่งแหละ คุณจะต้องเสาะแสวงหา วัตถุดิบที่ดีที่สุด มันหาไม่ได้ง่ายๆแล้วนะ ทุกวันนี้!$h#$e#รู้รึเปล่า ฉันมักจะใช้ริงฟรุตเกาะเฟิร์น เพื่อทำลูกกวาดสุดพิเศษ คุณไม่สามารถเอาชนะ สีแดงสดนั่นได้หรอก... และมันมาจากธรรมชาติ ทั้งนั้น!#$e#โอ้ คุณอยากรู้ความลับ ของดีลักซ์ดับเบิ้ลแคนหรือ ได้เลย แต่ต้องสัญญานะว่า จะเก็บไว้เป็นความลับอย่างดี *กระซิบ* ใส่วนิลาหยดนึง ลงไปในลูกกวาดสีขาว เพื่อเพิ่มรสชาติของเชอร์รี่$h#$e#แน่นอนว่าลูกกวาดโดยทั่วไป จะเป็นรสเปปเปอร์มิ้นท์ และลูกกวาดทั้งหลาย ที่ฉันทำออกมาล้วนดีต่อ สุขภาพทั้งนั้นเลยนะ#$e#เฮ้ เหมือนคุณกำลังจะหลับนะ เป็นไรไหม?$s",
  "Willy": "$y 'เธอเชื่อในตำนานของ ดวงดาวฤดูหนาวหรือเปล่า?_เชื่อสิ_ในค่ำคืนฤดูหนาว จะมีดวงดาวระยิบที่ มองเห็นได้จากหมู่บ้านนี้ เท่านั้น ไม่มีใครรู้ว่าทำไม แต่ในสมัยนั้น มีผู้คนมากมายดั้นด้นมาเพื่อ ที่จะได้เห็นมัน *พวกเขาเชื่อว่าใครก็ตาม ที่ได้เห็นดวงดาวฤดูหนาว จะได้รับคำอวยพรและมีโชคลาภ บ้างก็ลือกันว่าผลไม้ลึกลับ ที่เรียกว่าสตาร์ดรอป (Stardrop) มีความเกี่ยวข้องกับ ดวงดาวฤดูหนาว ไม่ทางใดก็ทางหนึ่ง_ไม่ขอบคุณ_งั้นก็ไม่เป็นไร'",
  "Wizard": "อ่า ดวงดาวลึกลับในฤดูหนาว นี่เป็นเหตุผล ที่เลือกหุบเขานี้ เป็นที่สำหรับการค้นคว้า",
  "Harvey": "ผมรู้สึกขอบคุณมากที่ไม่เจอ เคสผู้ป่วยฉุกเฉินในปีนี้!",
  "Sandy": "ฉันได้ยินว่า ที่นั่นฝนตกล่ะ นั่นใช่เหตุผล ที่คุณมาที่นี่ไหม?$h#$e#จริงๆแล้ว บางครั้งฉันก็ คิดถึงฝนนะ...$s",
  "Jas": "ว้าวว! ของขวัญ!$h",
  "Vincent": "ยังแกะของขวัญ ตอนนี้ไม่ได้เหรอฮะ?!",
  "Marlon": "เฮ้ สวัสดีตอนบ่าย",
  "Leo": "คุณลุงลีนัส รู้สึกไม่ค่อยสบายใจ ที่จะมาร่วมงานด้วย ผมเลยกะว่าจะไปอยู่กับเค้า#$e#พวกเราจะจัดงานเทศกาลเล็กๆ ในแบบของเรา... แบบที่มีรากต้นไม้ฤดูหนาวบด กับปลาเบอร์รี่ทรงเครื่อง!$h",
  "set-up_y2": "christmasTheme/-1000 -1000/farmer 12 54 1/changeToTemporaryMap Town-Christmas2/viewport -1000 -1000/loadActors Set-Up/viewport player clamp true unfreeze/globalFadeToClear/playerControl christmas",
  "secretSanta_y2": "none/-1000 -1000/farmer 30 69 0/warp Abigail 35 73/warp Caroline 16 54/warp secretSanta 29 75/faceDirection secretSanta 0/viewport 30 67 true/pause 2000/move secretSanta 0 -4 0/move secretSanta 1 0 0/pause 500/shake secretSanta 100/playSound stoneStep/specificTemporarySprite secretGift/pause 100/faceDirection farmer 2/pause 200/jump farmer/pause 700/emote farmer 16/pause 100/move secretSanta -1 0 0/move secretSanta 0 -2 0/pause 700/faceDirection farmer 3/pause 500/faceDirection secretSanta 1/pause 500/speak secretSanta \"dialogue1\"/pause 300/faceDirection farmer 2/pause 800/showFrame 4/pause 300/playSound cut/specificTemporarySprite secretGiftOpen/pause 400/stopAnimation farmer/faceDirection farmer 2/pause 1000/cutscene addSecretSantaItem/pause 3000/null/faceDirection farmer 3/speak secretSanta \"dialogue2\"/pause 600/eyes 1 -1500/emote farmer 32/pause 1000/globalFade/viewport -1000 -1000/warp Abigail 29 71/warp Caroline 30 71/faceDirection Caroline 0 true/faceDirection Abigail 0 true/warp secretSanta warpX warpY/faceDirection farmer 2/cutscene clearTempSprites/playMusic christmasTheme/viewport 30 67 true/playerControl christmas2",
  "Abigail_spouse_y2": "บรื๋อ... หหนาวจัง! อยากลับไปอยู่ ใต้ผ้าห่มแล้ว...",
  "Leah_spouse_y2": "เอลเลียตดื่มไซเดอร์ เยอะเกินไปอีกแล้ว...$7#$e#ฉันจะไปหาเธอที่โต๊ะนะ ถ้าฉันหาทาง ปลีกตัวออกมาได้แล้ว... ฉันหิวมาก!",
  "Maru_spouse_y2": "ฉันขอบคุณ ที่ได้มีครอบครัวที่น่ารักและเธอ อยู่ในชีวิตของฉัน...$0",
  "Penny_spouse_y2": "ฉันหวังว่าทุกคนจะชอบ เมล่อนผงฟุ้งอบกรอบ ของฉันนะ...$h",
  "Haley_spouse_y2": "เมื่อฉันลองนับ สิ่งดีๆ ทั้งหมดในชีวิตของฉันดู ฉันรู้สึกว่า ฉันคงจะได้รับพร จากดวงดาวฤดูหนาว",
  "Emily_spouse_y2": "ตอนที่เฮลีย์กับฉันยังเป็นเด็ก พวกเรามันจะตกแต่ง ลวดลายคุกกี้ ในงานเทศกาลนี้กัน#$b#พวกเราน่าจะทำกันบ้างนะ! เธอจะปล่อยให้ประเพณี ถูกลืมเลือนไปไม่ได้$h",
  "Sebastian_spouse_y2": "ไง... ไม่ต้องห่วง เธอไม่ต้องหาอะไร มาให้ฉันทั้งนั้น$h#$e#แค่ได้ตื่นนอนขึ้นมาข้างๆ เธอในทุกๆ เช้า ฉันก็มีความสุขแล้ว... ผู้ชายจะขออะไร มากกว่านี้ได้อีก?$l",
  "Sam_spouse_y2": "มันสนุกดีนะ ที่ได้เห็นทุกคนแกะของขวัญ... แล้วดูปฏิกิริยาของพวกเขา$h#$e#โอ้ จริงด้วย ฉันมีของจะให้เธอ ฉันจะ เอ่อ... เอาให้เธอ ตอนที่เรากลับบ้านกันแล้ว!$10",
  "Alex_spouse_y2": "บอกฉันนะถ้าเธอหนาว ฉันจะเอาแจ็คเกตของฉัน ให้เธอ$0",
  "Harvey_spouse_y2": "มีหลายสิ่ง ที่ผมอยากจะขอบคุณ เช่น คลินิกของผม สุขภาพที่ดีของคนไข้ผม...#$b#แต่ที่มากที่สุด ผมอยากจะขอบคุณ ชีวิตที่พวก เราสร้างมาด้วยกันครับ...$l",
  "Elliott_spouse_y2": "ที่ัรัก วันนี้ผมจะไม่ขออะไรเลย... คุณเป็นของขวัญที่ดีที่สุด ที่ชายคนหนึ่ง จะปรารถนาแล้ว$h",
  "Shane_spouse_y2": "ผมอยากจะขอบคุณ อะไรน่ะเหรอ?#$b#....อืม...$3#$b#ผมจะขอบคุณ... ที่คุณดึงผมขึ้นมา จากโคลนตม และแสดงให้ผมเห็นว่า ชีวิตคุ้มค่าที่จะอยู่ต่อไป$6",
  "Abigail_y2": "ฉันสงสัยจังว่า อันไหนคือของขวัญของฉัน...$0#$e#หวังว่าจะเป็นกล่องใหญ่!$h",
  "Robin_y2": "อ้อ... ปีนี้สามีฉัน ให้เลื่อยพลังแรงสูง...$6#$b#เขาคงจะลืมไปแล้ว ว่าเขาเคยให้ของแบบเดียวกันนี้ กับฉันเมื่อ 2 ปีก่อน!$6",
  "Demetrius_y2": "หืมม... เยลลี่เขียวนี่ มีรสมินต์อยู่ด้วย$3#$b#ผมสงสัยว่า มินต์มาเกี่ยวข้องกับ เทศกาลดวงดาวฤดูหนาว ได้อย่างไร? หรือว่ามินต์ จะเติบโตได้แม้ในฤดูหนาว?$3",
  "Maru_y2": "วันนี้หนาวใช้ได้เลยนะ ดีเหมือนกันที่ทุกคน มารวมตัวกันที่นี่เยอะๆ$0",
  "Shane_y2": "ข้อดีอย่างหนึ่ง ของอากาศหนาวก็คือ ผมสามารถเอาพิซซ่าแช่แข็ง มาวางไว้ใต้ต้นไม้ได้#$e#หวานปากแล้วงานนี้...$h",
  "Sebastian_y2": "ฉันว่ามันก็ดีเหมือนกัน ที่ครอบครัวจะได้อยู่พร้อมหน้า กันสักครั้ง$7",
  "Pierre_y2": "ต้องการของขวัญ ในนาทีสุดท้ายรึเปล่า? ฉันมีของทุกอย่าง ที่เธอต้องการเลยนะ! มาดูที่ร้านฉันสิ$0",
  "Caroline_y2": "ต้นไม้นั่น ตระการตาไปเลยใช่ไหมจ๊ะ?$h#$b#ฉันใช้เวลาทั้งเช้า ตกแต่งมันกับมานี และโจดี้ เป็นเทศกาลที่สนุกจริงๆ!",
  "Linus_y2": "ท่านนายก เชิญฉันให้ไปร่วมโต๊ะเขา เป็นการส่วนตัว ฉันก็เลยปฏิเสธไม่ได้!",
  "Alex_y2": "ฉันค่อนข้างมั่นใจเลยว่า จะต้องมีของขวัญ ทรงคล้ายๆ กริดบอล ที่มีชื่อฉันติดอยู่ วางไว้ใต้ต้นไม้ศักดิ์สิทธิ์ แน่นอน$1",
  "George_y2": "ฉันก็ได้ใช้เวลาอยู่กับครอบครัว ตลอดทั้งวันอยู่แล้ว แล้วไง ทำไมเราต้องแห่กัน ออกมาข้างนอก มาอยู่ที่หนาวๆ กันด้วย?$0",
  "Evelyn_y2": "ยินดีเป็นอย่างยิ่ง ถ้าเธอจะมาร่วมโต๊ะกับเรา ได้เลยนะจ๊ะ ที่รัก$0",
  "Lewis_y2": "สุขสันต์วันเทศกาล แห่งดวงดาวในฤดูหนาว @$h#$e#นี่คือเวลาที่จะได้ผ่อนคลาย เพลิดเพลิน ไปกับมิตรภาพดีๆ และแสดงความขอบคุณ ต่อทุกสิ่งที่เราได้ ประสบพบเจอ$0",
  "Clint_y2": "ฉันอยากจะได้ อุปกรณ์ตีเหล็กชุดใหม่ ของเก่าของฉัน ใช้มาทั้งปี สนิมขึ้นนิดๆ แล้ว$0",
  "Emily_y2": "ดูสิ! นั่นคือ 'ดวงดาวฤดูหนาว'!%noturn$6#$e#โอ้ ฉันดูผิดน่ะ นั่นมันแค่ของประดับนี่!$h",
  "Penny_y2": "$y 'สวัสดีค่ะ @ ของขวัญแบบไหน ที่เธออยากจะได้รับ ในปีนี้เหรอ?_ถังนมอิริเดียม_โอ้? ฉันไม่รู้จักของแบบนั้นเลย ฟังดูแพงนะ._หนังสือที่น่าสนใจ_ใช่เลย หนังสือเป็นของขวัญที่ดี!$h_ถ่านกองใหญ่ๆ_...ฉันไม่รู้ว่าเธอล้อเล่นรึเปล่า แต่มันก็เป็นของขวัญที่มีประโยชน์!$h'",
  "Pam_y2": "ไวน์ร้อนเป็นสิ่งเดียว ที่จะทำให้ฉันอบอุ่นได้ ท่ามกลางอากาศหนาวเย็น!$h",
  "Haley_y2": "สวยจังเลย... ฉันอยากจะให้เมืองของเรา ดูสวยแบบนี้ตลอด!$0",
  "Jodi_y2": "ตรงนี้มีของวันอยู่จนล้น ปีนี้มีของขวัญ มากมายนับไม่ถ้วนเลย!$0",
  "Kent_y2": "การได้เห็นลูกๆ ของผม มีความสุขและแข็งแรง คือสิ่งที่ผม อยากจะขอบคุณ$h",
  "Sam_y2": "ใครเอาตะกร้าโจจ้า มาให้เป็นของขวัญเนี่ย?...$2",
  "Leah_y2": "บางทีฉันก็รู้สึกกลัว ที่ต้องไปงานเลี้ยง แต่หลังจากนั้น ฉันก็มักจะดีใจเสมอ ที่ฉันได้ไป!",
  "Marnie_y2": "สุขสันต์ วันเฉลิมฉลอง @!$1",
  "Elliott_y2": "*เรอ*$8#$b#อาา... ขอโทษด้วยครับ ผมนี่เสียมารยาทจริง? ไซเดอร์เครื่องเทศนี่ แก๊สเยอะน่าดู$4",
  "Gus_y2": "กิน! กิน ตอนที่ทำใหม่ๆ และยังร้อนๆ อยู่$0#$e#ผมสามารถค้นหา วิธีใหม่ๆ มากมายในการทำ ทอฟฟี่รูปไม้เท้า... แต่ปีนี้ผมก็จะไม่บอก รายละเอียดให้คุณรู้หรอก!$1",
  "Willy_y2": "ฉันก็เป็นคนธรรมดา @... ฉันขอบคุณหลังคาแข็งแรง ที่คุ้มกะลาหัว และถั่วกระป๋องอุ่นๆ เป็นมื้อเช้า'!$h",
  "Wizard_y2": "อา ดวงดาวฤดูหนาว อันเล้นลับ มันเป็นหนึ่งในเหตุผล ที่ข้าเลือกหุบเขานี้ เป็นสถานที่เพื่อ... การค้นคว้า",
  "Harvey_y2": "คุณได้ลองพายถั่วพีแคน รึยังครับ? ของโปรดของผมเลย$0",
  "Jas_y2": "ได้เวลาเปิดของขวัญรึยัง?$0",
  "Vincent_y2": "ผมได้ของเล่นไดโนเสาร์ ที่ผมอยากได้ด้วยล่ะ! ดูสิ!?$1#$e#มันมีชื่อว่า... สะเต-...สเตโก-...สเตโกซอรัส! ...คิดว่างั้น$0",
  "Marlon_y2": "หืมม? โอ้ สวัสดี$0#$e#ไม่ต้องใส่ใจข้านักหรอก เจ้าไปสนุกเถอะ",
  "Leo_y2": "ผมไม่ค่อยรู้ว่า ของส่วนใหญ่คืออะไร... แต่มันอร่อยดี!$0"
}
