{
  "name": "เทศกาลน้ำแข็ง",
  "conditions": "Forest/900 1400",
  "set-up": "christmasTheme/-1000 -1000/farmer 68 0 1/changeToTemporaryMap Forest-IceFestival/viewport -1000 -1000/loadActors Set-Up/animate Robin false true 100 24 25 26 24 25 26 24 25 26 24 25 26 27 27 27 27 27 27 27 27 27 27 27 27 27 27 27 27/advancedMove Pierre true -1 0 0 -1 1 5000 0 1 1 0 4 5000/advancedMove Vincent true 0 3 3 0 2 5000 0 -5 2 0 1 5000 -5 0 0 2 3 5000/advancedMove Pam true -5 0 0 1 2 5000 0 -1 5 0 2 7000/playerControl iceFestival/viewport player clamp true unfreeze/globalFadeToClear",
  "mainEvent": "globalFade/viewport -1000 -1000/playMusic none/warpFarmers 71 35 0 72 35 0 70 35 0 69 35 0 73 35 0 71 36 0 70 36 0 72 36 0 69 36 0 73 36 0 left 73 37 0/loadActors Main-Event/faceDirection Pam 1/faceDirection Elliott 0/faceDirection Willy 0/viewport 71 35 true/pause 2000/speak Lewis \"เอาล่ะทุกคน ขอเริ่มต้นการแข่งขัน ตกปลาน้ำแข็งในปีนี้\"/pause 200/faceDirection Lewis 3/pause 300/faceDirection Lewis 2/faceDirection Lewis 1/pause 300/faceDirection Lewis 2/pause 400/speak Lewis \"ผู้เข้าแข่งขัน เป้าหมายของคุณคือ การจับปลามากที่สุด เท่าที่คุณจะสามารถทำได้ ภายใน 2 นาที โดยใช้เบ็ดตกปลาที่จัดไว้ให้#$b#คุณต้องตกปลาจาก หลุมน้ำแข็งที่เตรียมไว้ตรงนี้\"/pause 600/speak Lewis \"เอาล่ะ ทุกคนพร้อมหรือยัง?\"/pause 500/waitForOtherPlayers startContest/jump Lewis/faceDirection Pam 2 true/faceDirection Elliott 1 true/faceDirection Willy 2 true/speak Lewis \"เริ่มได้!\"/advancedMove Lewis false 0 -4 2 1000/advancedMove Marnie true 4 6000 -2 0 4 5000 2 0/advancedMove Maru true 3 4000 0 2 3 7000 0 -2/advancedMove Jas true 2 0 0 -9 -4 0 2 20000 4 0 0 9 -2 0 3 15000/advancedMove Jodi true 1 6000 -1 0 0 2 1 8000 0 -1 1 6000 0 -1 1 0/jump Willy/shake Pam 700/showFrame Pam 16/extendSourceRect Pam 0 32/showFrame Elliott 40/extendSourceRect Elliott 16 0/shake Elliott 400/pause 300/showFrame Willy 16/extendSourceRect Willy 0 32/playMusic fallFest/playerControl iceFishing",
  "afterIceFishing": "pause 100/playSound whistle/waitForOtherPlayers endContest/pause 1000/restoreStashedItem/globalFade/viewport -1000 -1000/extendSourceRect Pam reset/extendSourceRect Willy reset/extendSourceRect Elliott reset/specificTemporarySprite iceFishingCatch/faceDirection Pam 0/faceDirection Willy 0/faceDirection Elliott 0/playMusic event1/warpFarmers 71 35 0 72 35 0 70 35 0 69 35 0 73 35 0 71 36 0 70 36 0 72 36 0 69 36 0 73 36 0 left 73 37 0/pause 1000/viewport 71 35 true/pause 2000/move Lewis 0 4 2/speak Lewis \"ว้าว มีปลาเยอะแยะไปหมด!$h\"/pause 300/showFrame Lewis 18/shake Lewis 1000/speak Lewis \"*อุ๊บ*... กลิ่นมัน...$s\"/pause 500/showFrame Lewis 0/pause 600/move Lewis 0 1 2/speak Lewis \"เอาล่ะ ผู้ชนะในการแข่งขัน ตกปลาฤดูหนาวปีนี้ได้...\"/pause 800/playMusic none/pause 3000/cutscene iceFishingWinner/null/playMusic event1/pause 500/fork DickWin/move Lewis 0 1 2/speak Lewis \"นี่คือรางวัลของคุณ!\"/awardFestivalPrize/null/move Lewis 0 -1 0/speak Lewis \"ดีล่ะ นี่คือ เทศกาลน้ำแข็งของปีนี้ ขอบคุณทุกคนที่มา!#$b#ตอนนี้ขอปล่อยปลา ที่น่าสงสารพวกนี้ก่อน...$s\"/move Lewis -3 0 0/move Lewis 0 -1 0/advancedMove Willy true 0 3 -2 0/pause 600/viewport move 1 0 5000/pause 2000/playMusic none/globalFade/viewport -1000 -1000/pause 1000/cutscene iceFishingWinnerMP/fork OtherPlayerWin/message \"ฉันไม่อยากจะเชื่อเลยว่า ฉันจะชนะ เอาล่ะได้เวลากลับบ้านแล้ว\"/waitForOtherPlayers festivalEnd/end",
  "OtherPlayerWin": "message \"ถึงฉันจะไม่ชนะการแข่ง แต่มันก็สนุกอยู่ดี! ถึงเวลากลับบ้านแล้ว\"/waitForOtherPlayers festivalEnd/end",
  "DickWin": "pause 100/jump Willy/faceDirection Elliott 3/pause 800/move Willy 0 -1 0/faceDirection Elliott 0/speak Lewis \"นี่คือรางวัลของนายวิลลี่\"/pause 500/move Willy 0 -2 0/move Lewis -1 0 2/move Lewis 0 1 2/playSound coin/pause 400/move Lewis 0 -1 0/pause 500/speak Lewis \"ดีล่ะ นี่คือเทศกาลน้ำแข็ง ของปีนี้ ขอบคุณทุกคนที่มา!#$b#ตอนนี้ขอปล่อยปลา ที่น่าสงสารพวกนี้ก่อน...$s\"/move Lewis -2 0 0/pause 600/viewport move 1 0 5000/pause 2000/playMusic none/globalFade/viewport -1000 -1000/pause 1000/message \"ไม่ชนะในการแข่งขัน แต่ช่างมันเถอะ แค่นี้ก็สนุกแล้ว! ได้เวลากลับบ้านแล้ว\"/waitForOtherPlayers festivalEnd/end",
  "Abigail_spouse": "เฮ้ ที่รัก...ดูนี่ เหมือนเธอเลย!$h",
  "Penny_spouse": "เธอจะเข้าร่วมการแข่งขันตกปลา ปีนี้รึเปล่า @? แม่ของฉันซีเรียสมากเลย เกี่ยวกับการเป็นผู้ชนะ",
  "Haley_spouse": "บรื๋อ...มือของฉันแข็งหมดแล้ว หลังจากปั้นเจ้านี่$l",
  "Sebastian_spouse": "ไม่ต้องเป็นห่วงฉันหรอก ฉันไม่ได้หนาวอะไรมากมาย...",
  "Sam_spouse": "เธอหนาวรึเปล่า? แน่ใจนะ ว่าจะไม่เอามือมาซุก ในเจ็คเก็ตของฉันหน่อย?",
  "Alex_spouse": "ฉันจะเอาใจช่วยเธอ ในการแข่งขันนะ",
  "Harvey_spouse": "ฉันคิดถึงกองไฟอันแสนอบอุ่น ของเราที่บ้านจริงๆ...$l",
  "Elliott_spouse": "ฉันรู้เธออาจจะชนะฉัน ในการแข่งตกปลา แต่ไม่เป็นไรหรอก ฉันแค่ตกเอาสนุกแค่นั้นเอง$h",
  "Abigail": "นี่มนุษย์หิมะของฉัน เป็นไงบ้าง?",
  "Robin": "ฉันขอโทษนะ กำแพงที่แกะสลักน้ำแข็ง มันดึงความสนใจฉันไปหมดเลย!",
  "Demetrius": "คุณรู้อะไรไหม บางทีฉันอาจจะต้องใส่ แจ็คเก็ตบ้างแล้ว",
  "Maru": "ฉันไม่ค่อยจะมีความคิด สร้างสรรค์สักเท่าไหร่ เมื่อพูดถึงตุ๊กตาหิมะ$s",
  "Sebastian": "หนาวเหรอ? ไม่ฉันไม่เคยรู้สึกหนาว",
  "Pierre": "หิมะเย็นมากจนไม่รู้สึกถึง ปลายนิ้วแล้ว...$s",
  "Shane": "ถ้าทุกอย่างมันขึ้นกับผมนะ ผมเลือกจัดเทศกาลพิซซ่า ที่ร้านดีกว่า แต่นี่...",
  "Caroline": "หน้าหนาวนี้เป็นยังไงบ้างล่ะ @?$h",
  "Linus": "การสร้างกระท่อมหิมะ มันเป็นศิลปะ! ฉันจำวิธีการมาจาก ผู้คนที่อาศัยอยู่ในทุ่งน้ำแข็ง ที่อยู่ไกลออกไปในแถบ ทะเลเยือกแข็ง#$e#แต่นั่นก็ผ่านมานานมากแล้ว$h#$e#แล้วกระท่อมหิมะนี่ก็ ใช้ได้ดีเลยทีเดียว แต่มันง่ายกว่ามากที่จะอาศัย อยู่ในเต้นท์ตลอดทั้งปี",
  "Alex": "ตุ๊กตาหิมะก็โอเคนะฉันว่า ส่วนฉันก็กำลังตั้งหน้าตั้งตา รอคอยฤดูใบไม้ผลิ",
  "George": "หืมมมม... นี่ภรรยาฉัน ลากมาข้างนอกหนาวๆ เพื่ออะไรแบบนี้เหรอ?",
  "Evelyn": "ฉันเคยเล่าเรื่องที่ ฉันกับจอร์จเจอกันครั้งแรกหรือยัง? เขาปาหิมะใส่ฉัน ในเทศกาลนี้ล่ะ#$e#เขาเป็นสุภาพบุรุษ และเข้ามาดูว่าฉัน เป็นอะไรหรือเปล่า$h",
  "Lewis": "ยินดีต้อนรับสู่เทศกาลน้ำแข็ง!#$e#ไฮไลท์ของงานในวันนี้ นั่นก็คือการแข่งขันตกปลา ทุกคนจะเข้าไปยืนที่ 'หลุมน้ำแข็ง' และตกปลามาเก็บไว้ ให้ได้มากที่สุด#$b#ถ้าเธอพร้อมเมื่อไหร่ ส่งสัญญาณมาบอกฉันด้วยล่ะ",
  "Clint": "เอมิลี่มาช่วยฉัน โดยที่ฉันยังไม่ทันได้ร้องขอเลย... มันหมายความว่ายังไงกัน? *อึก*$4",
  "Emily": "ว้าว ตุ๊กตาหิมะนี่ ต้องปรับแต่งใหม่ ซะหน่อยแล้ว แล้วใครจะทำ?$s",
  "Penny": "$y 'อืมมม... พวกเราจะทำตุ๊กตาหิมะ แบบไหนดีล่ะ? _แบบคลาสสิก จมูกแครอท หมวกทรงสูง ผ้าพันคอ_ ฉันคิดว่า มันอาจจะเยี่ยมก็ได้ ถ้าจะยึดติดแบบคลาสสิก ว่าไหม?$h _แบบง่ายๆ แท่งน้ำแข็ง เสาอากาศ ดวงตาทำด้วยโคนไอติม_โอเค! ฟังดูน่าสนุกนะ$h_ตุ๊กตาหิมะตัวอื่นมันน่าเบื่อ คิดนอกกรอบสิ!_ อืม โอเค ฉันคิดว่าควรจะติดอะไร ที่ไม่เหมือนคนอื่นเขาดู'",
  "Pam": "ฉันวางแผนว่าจะชนะ การแข่งตกปลาจากหลุมน้ำแข็ง!#$e#คงเอาชนะวิลลี่ได้ยากน่าดูนะ ฉันว่าเขาทำอะไรแบบนี้ ทั้งวันทั้งคืนอยู่แล้ว$s",
  "Haley": "ฤดูหนาวนี่ก็ไม่เลว.... เล่นหิมะมันสนุกมากๆ!",
  "Jodi": "ป่าดูสวยงามในฤดูหนาว จริงไหม?",
  "Kent": "ฉันชอบฤดูหนาว มันช่างเงียบสงบ",
  "Sam": "เฮ้ @ เธอจะไปเข้าร่วมการแข่งขัน ตกปลาน้ำแข็ง?#$e#โอ้, ฉันไม่.. ฉันไม่รู้จักวิธีตกปลา",
  "Leah": "โอ้ว น้ำแข็งมันคือวัตถุดิบที่ดี ในการแกะสลักนะ แต่มันอยู่ได้ไม่นานหรอก#$e#แต่ฉันคิดว่าน่าจะทำมัน ได้ดีกว่าเดิมนะ",
  "Marnie": "น่าสงสารสัตว์ที่อยู่ข้างนอก คงหนาวมาก$s",
  "Elliott": "ผมจะไม่เข้าร่วม การแข่งขันตกปลา ในน้ำแข็งวันนี้ ได้ยังไงกันล่ะ?#$e#แต่ยังไง การที่วิลลี่จะแพ้ ก็คงจะเป็นไปได้ยาก",
  "Gus": "ขอโทษนะ ตอนนี้ไม่มีอาหารหรอก#$e#แต่ รอจนถึงเทศกาลแห่ง ดวงดาวฤดูหนาวสิ คุณคงอิ่มไปอีกหลายวัน",
  "Willy": "$y 'เฮ้ @ พร้อมสำหรับการแข่ง ตกปลาจากหลุมน้ำแข็งรึยัง?_พร้อมแล้ว ฉันจะทำให้ดีที่สุด!_รู้สึกได้ถึงสปิริตเลย!$h_แน่นอน ฉันจะเอาชนะคุณด้วย!_แล้วเราจะได้เห็นกัน$h_เอาจริงนะ!ฉันไม่พร้อมเลย ฉันตกปลาไม่เก่งน่ะ_เข้าใจล่ะ ถือว่าเป็นการ ฝึกไปในตัว!$h'",
  "Wizard": "แอบย่องเข้ามาชม หอประหลาดของข้าเหรอ? เจ้านี่ก็แปลกดีนะ",
  "Harvey": "อากาศที่เย็นสุดขั้วอาจทำให้ ร่างกายตกอยู่ในภาวะเครียดได้ ต้องแน่ใจว่า ให้ความอบอุ่นร่างกาย อย่างเพียงพอ!#$e#อ้อ แล้วก็ขอให้มีความสุข กับเทศกาลนะ!$h",
  "Sandy": "ฉันได้ยินว่า ที่นั่นฝนตกล่ะ นั่นใช่เหตุผล ที่คุณมาที่นี่ใช่ไหม?$h#$e#จริงๆแล้ว บางครั้งฉันก็ คิดถึงฝนนะ...$s",
  "Jas": "หนูอยากใส่จมูกแครอทให้เขาหล่ะ!$h",
  "Vincent": "ผมเห็นปลาตัวใหญ่ อยู่ข้างใต้นั้น!!",
  "Marlon": "เฮ้ สวัสดีตอนสาย",
  "Leo": "คุณสามารถทำให้ กระท่อมน้ำแข็งอุ่นได้อีกนะ แค่เอาขนนกไปแปะ บนกำแพงให้ทั่วๆ แค่นั้นเอง!",
  "set-up_y2": "christmasTheme/-1000 -1000/farmer 68 0 1/changeToTemporaryMap Forest-IceFestival2/viewport -1000 -1000/loadActors Set-Up/animate Robin false true 100 24 25 26 24 25 26 24 25 26 24 25 26 27 27 27 27 27 27 27 27 27 27 27 27 27 27 27 27/advancedMove Leah true 4 5000 1 300 2 0 0 -1 4 300 3 6500 2 300 0 1 -2 0 3 300 4 1000/advancedMove Alex true 1 5000 4 300 0 -1 1 0 1 300 2 5500 1 350 1 0 0 1 2 350 3 6000 4 300 0 -1 -1 0 3 300 2 5000 3 250 -1 0 0 1 3 300 1 2000/advancedMove Sam true 2 4300 3 250 -1 0 0 1 2 300 1 5750 4 250 0 -1 1 0 1 300 2 1000/advancedMove Haley true 1 6250 2 250 0 1 1 0 1 350 4 6320 3 300 -1 0 0 -1 4 300 1 2000/advancedMove Elliott true 2 7500 1 350 4 0 1 300 2 8250 3 300 -4 0 3 300 2 1000/advancedMove Leo true 0 4 -4 0 0 -4 4 0/advancedMove Vincent true 3 7000 2 300 0 1 -1 0 3 300 4 6000 1 300 1 0 0 -1 4 300 3 1000/advancedMove Harvey true 4 9500 3 200 -1 0 0 -1 4 300 1 7000 2 300 0 1 1 0 1 300 4 1000/advancedMove Clint true 2 4500 1 6250 2 6200 1 4300/advancedMove Pam true 2 5250 3 300 -3 0 0 2 -1 0 3 300 2 4500 3 300 -2 0 0 -2 -1 0 3 5000 4 350 0 -4 2 0 1 300 4 5000 1 300 3 0 1 4750 2 300 0 2 2 0 0 2 2 1250/positionOffset Caroline -24 -12/positionOffset Pierre -8 16/positionOffset Kent? -12 0/positionOffset Jodi 8 -12/playerControl iceFestival/viewport player clamp true unfreeze/globalFadeToClear",
  "mainEvent_y2": "globalFade/viewport -1000 -1000/playMusic none/warpFarmers 71 35 0 69 36 0 70 35 0 69 35 0 73 35 0 71 36 0 70 36 0 72 37 0 69 36 0 73 36 0 left 73 37 0/loadActors Main-Event/faceDirection Pam 0/faceDirection Elliott 1/faceDirection Willy 3/positionOffset Harvey 12 24/viewport 71 35 true/pause 2000/speak Lewis \"เอาล่ะทุกคน ขอเริ่มต้นการแข่งขัน ตกปลาน้ำแข็งในปีนี้\"/pause 200/faceDirection Lewis 3/pause 300/faceDirection Lewis 2/faceDirection Lewis 1/pause 300/faceDirection Lewis 2/pause 400/speak Lewis \"ผู้เข้าแข่งขัน จะต้องใช้ เบ็ดตกปลาที่จัดไว้ให้ ตกปลาจากหลุมน้ำแข็ง ให้ได้มากที่สุด\"/pause 600/speak Lewis \"พร้อมรึยัง?\"/pause 500/waitForOtherPlayers startContest/jump Lewis/faceDirection Pam 2 true/faceDirection Elliott 1 true/faceDirection Willy 2 true/speak Lewis \"เริ่มได้!\"/advancedMove Lewis false 0 -4 2 1000/advancedMove Maru true 3 3000 4 300 0 -3 4 250 3 6400 2 300 0 3 2 300 3 4250/advancedMove Vincent true 2 6500 1 300 3 0 1 300 2 7400 3 300 -3 0 3 300 2 1000/advancedMove Penny true 4 5750 3 300 -5 0 3 300 4 6100 1 300 5 0 1 300 4 1000/advancedMove Clint false 4 6000 1 1500 4 4000 1 2000 1 0 0 -1 4 15000 1 2000 4 1000/advancedMove Emily false 4 17000 3 1750 4 4000 1 350 2 0 0 -2 1 0 1 250 4 250 3 5000/advancedMove Jas true 1 4500 4 5750/advancedMove Abigail true 1 8400 2 3650/jump Willy/shake Pam 700/showFrame Pam 16/extendSourceRect Pam 0 32/showFrame Elliott 40/extendSourceRect Elliott 16 0/shake Elliott 400/pause 300/showFrame Willy 16/extendSourceRect Willy 0 32/animate Haley true true 150 33 33 33 33 33 33 33 33 32 25 25 25 25 25 25 25 25 32 33 33 33 33 33 33 33 33 33 30 30 30 30 30 30 30 30 30 30 30 30 31 24 24 24 24 24 24 24 24 31 30 30 30 30 30 30 30 33/playMusic fallFest/playerControl iceFishing",
  "afterIceFishing_y2": "pause 100/playSound whistle/waitForOtherPlayers endContest/pause 1000/restoreStashedItem/globalFade/viewport -1000 -1000/extendSourceRect Pam reset/extendSourceRect Willy reset/extendSourceRect Elliott reset/specificTemporarySprite iceFishingCatch/faceDirection Pam 0/faceDirection Willy 3/faceDirection Elliott 1/playMusic event1/warpFarmers 71 35 0 72 35 0 70 35 0 69 35 0 73 35 0 71 36 0 70 36 0 72 36 0 69 36 0 73 36 0 left 73 37 0/pause 1000/viewport 71 35 true/pause 2000/move Lewis 0 4 2/speak Lewis \"น่าประทับใจมาก ตกปลากันได้เยอะแยะเลย!$h\"/pause 300/showFrame Lewis 18/shake Lewis 1000/speak Lewis \"*คลื่นไส้*... ฉันไม่มีทางชิน กับกลิ่นพวกนี้ได้...$s\"/pause 500/showFrame Lewis 0/pause 600/move Lewis 0 1 2/speak Lewis \"เอาล่ะ ผู้ชนะในการแข่งขัน ตกปลาน้ำแข็งปีนี้...\"/pause 800/playMusic none/pause 3000/cutscene iceFishingWinner/null/playMusic event1/pause 500/fork DickWin/move Lewis 0 1 2/speak Lewis \"นี่รางวัลของเธอ! หวังว่าจะชอบ\"/awardFestivalPrize/null/move Lewis 0 -1 0/speak Lewis \"และนั่นก็คือ ทั้งหมดของงาน เทศกาลน้ำแข็งประจำปีนี้ ขอบคุณที่มาร่วมงานนะ ทุกคน!#$b#เอาล่ะ ทีนี้ก็ปล่อยเจ้าปลาน้อย ที่น่าสงสารกันเถอะ...$s\"/pause 500/faceDirection Lewis 3 true/pause 250/move Lewis -3 0 0 true/advancedMove Willy false 3 300 2 300 1 1000/advancedMove Pam false 4 100 3 150 -4 0 3 200 4 2000/advancedMove Elliott false 1 500 2 200 0 2 1 0 1 1000/pause 1000/viewport move 1 0 5000/pause 2000/playMusic none/globalFade/viewport -1000 -1000/pause 1000/cutscene iceFishingWinnerMP/fork OtherPlayerWin/message \"ฉันไม่อยากจะเชื่อเลย ว่าฉันจะชนะ! เอาล่ะ ถึงเวลากลับบ้านแล้ว\"/waitForOtherPlayers festivalEnd/end",
  "DickWin_y2": "pause 100/jump Willy/pause 800/move Willy -3 0 0/speak Lewis \"นี่รางวัลของนาย วิลลี่ หวังว่าจะชอบ\"/pause 500/move Willy 0 -1 0/move Lewis 1 0 2/move Lewis 0 1 2/playSound coin/pause 400/move Lewis 0 -1 0/pause 500/speak Lewis \"และนั่นก็คือ ทั้งหมดของงาน เทศกาลน้ำแข็งประจำปีนี้ ขอบคุณที่มาร่วมงานนะ ทุกคน!#$b#เอาล่ะ ทีนี้ก็ปล่อยเจ้าปลาน้อย ที่น่าสงสารกันเถอะ...$s\"/pause 500/faceDirection Lewis 3 true/pause 250/move Lewis -4 0 0 true/advancedMove Willy false 4 300 1 300 4 0 1 200 2 3000/advancedMove Pam false 4 100 3 150 -4 0 3 200 4 2000/advancedMove Elliott false 1 500 2 200 0 2 1 0 1 1000/pause 1000/viewport move 1 0 5000/pause 2000/playMusic none/globalFade/viewport -1000 -1000/pause 1000/message \"ถึงฉันจะไม่ชนะการแข่งขัน แต่มันก็สนุกดี! ถึงเวลากลับบ้านแล้ว\"/waitForOtherPlayers festivalEnd/end",
  "Abigail_spouse_y2": "ลองจินตนาการว่าเรา ได้อยู่ในบ้านน้ำแข็งด้วยกันสิ!$h#$e#มันคงจะสนุก แต่ว่าจะอยู่กับเธอที่ไหน ฉันก็มีความสุข$l",
  "Leah_spouse_y2": "ไว้สักวันหนึ่ง ฉันจะสอนวิธี แกะสลักน้ำแข็งในเธอนะ! มันต้องสนุกแน่เลย!$h#$e#ฉันอยากจะรู้มากเลยล่ะ ว่าเธอจะแกะสลักเป็นอะไร",
  "Maru_spouse_y2": "เธอต้องทำได้ดีแน่ ที่รัก! แค่ใจเย็นๆ และตั้งสมาธิ",
  "Penny_spouse_y2": "พอเราถึงบ้านแล้ว เรามาผิงไฟ และดื่มโกโก้ร้อนๆ กันนะ$0#$e#...ใส่มาร์ชแมลโลว์ด้วยไหม?$h",
  "Haley_spouse_y2": "มานี่สิ เดี๋ยวฉันจัดทรงผมให้นะ... ฉันจะถ่ายรูปเธอ ในระหว่างการแข่งขัน!",
  "Emily_spouse_y2": "แต่น แต๊น! เธอไงล่ะ!#$e#อะไร? นี่เธอไม่เห็นเหรอ ว่าออกจะเหมือน? ฉันว่ามันสมบูรณ์แบบเลย!",
  "Sebastian_spouse_y2": "ไง เธออยากจะชนะการแข่ง วันนี้ให้ได้สินะ$0#$e#เอ่อ... งั้น ฉันว่าฉันไปพนันกับมาร์ลอน ไว้สักหน่อยดีกว่า...$1",
  "Sam_spouse_y2": "เธอน่าจะสอนให้ฉัน ใช้เบ็ดบ้างนะ ฉันว่าฉันต้องทำได้ดีแน่",
  "Alex_spouse_y2": "ไง! วันนี้เธออยากจะ ชนะขาดลอยเลยใช่ไหม ฉันรู้อยู่แล้วล่ะ ภูมิใจเลย!",
  "Harvey_spouse_y2": "ไง ที่รัก ขอให้โชคดี ในการแข่งขันตกปลาครับ$0 ",
  "Elliott_spouse_y2": "ผมฝึกฝนเทคนิก การตกปลามาตลอด ผมไม่อ่อนให้คุณหรอกนะ ที่รัก$1",
  "Shane_spouse_y2": "จำตอนที่เรา นั่งอยู่ตรงบ่อปลาเก่า และกินเบียร์ด้วยกันได้ไหม? มันน่าจะอยู่แถวๆ นี้นะ#$e#เอ่อ ไม่ขุดคุ้ยอดีตขึ้นมา น่าจะดีกว่า... ถึงจะเป็นความทรงจำที่ดี แต่ก็ทำให้ผมเจ็บได้",
  "Abigail_y2": "เธอเคยโยนก้อนกรวด ลงในทะเลสาบ ที่เป็นน้ำแข็งรึเปล่า? เสียงมันเพราะมากเลยนะ#$e#...อย่าบอกพ่อฉันล่ะ ว่าฉันใส่สเวตเตอร์ คืนแห่งดวงดาวไว้ใต้เสื้อโค้ท",
  "Robin_y2": "การแกะน้ำแข็ง เป็นการท้าทายที่คุ้มค่า กับฉันมาก เพราะมันเป็นวัสดุที่ฉันไม่คุ้นเคย!",
  "Demetrius_y2": "น้ำแข็ง... สสารที่ล้ำลึกอย่างแท้จริง จำเป็นต่อชีวิต แถมยังใช้เป็นวัสดุ ที่เหมาะนำมาสร้างรูปปั้น เพื่อเป็นตัวแทน ของสิ่งมีชีวิตด้วย",
  "Maru_y2": "กุญแจสู่การสร้างมนุษย์หิมะที่ดี เริ่มต้นด้วยการสร้าง รากฐานที่มั่นคง และหลีกเลี่ยง น้ำหนักส่วนเกินด้านบน$3",
  "Sebastian_y2": "เธอเคยสังเกตไหม ว่าหิมะเงียบสงบขนาดไหน?",
  "Linus_y2": "อาา... ป่ากำลังเข้าสู่ การจำศีลที่ยาวนาน ในฤดูหนาว...$1",
  "Pierre_y2": "ครอบครัวของเรา จะใส่สเวตเตอร์ ค่ำคืนแห่งดวงดาว อย่างพร้อมเพรียงกัน#$e#ถ้าแค่อบิเกล ยอมใส่มาด้วย...$2",
  "Caroline_y2": "ไงจ๊ะ @ เธอได้ใช้เวลาพักผ่อน จากภาระการทำฟาร์ม ในฤดูหนาวนี้รึยังจ๊ะ?$0",
  "Alex_y2": "เธอคิดว่า คนอื่นๆ จะว่าอะไรไหม ถ้าฉันจะลงไปแช่ ในทะเลสาบน้ำแข็ง หลังจากจบเทศกาลแล้ว?#$e#ฉันได้ยินมาว่า การแช่บ่อน้ำแข็ง ดีต่อกล้ามเนื้อ",
  "George_y2": "พอเธอแก่ตัว หัวล้านเหมือนฉัน เธอจะต้องการหมวกดีๆ อุ่นๆ",
  "Evelyn_y2": "เธอคงไม่มีทางรู้หรอก... นี่อาจจะเป็นครั้งสุดท้าย ที่ฉันจะได้ปั้นตุ๊กตาหิมะ กับอเล็กซ์#$e#ชีวิตแสนสั้นนัก ที่รัก เธอจะต้องถนอม ทุกช่วงเวลาให้ดี",
  "Lewis_y2": "สวัสดี @ อีกครั้งกับช่วงเวลานี้ของปี กับเทศกาล แข่งตกปลาน้ำแข็ง#$b#มาคุยกับฉัน เมื่อเธอพร้อมเริ่มการแข่งขัน!$1",
  "Clint_y2": "หิมะพวกนี้ ปั้นเป็นลูกบอลไม่ได้เลย...$0#$e#ฉันคิดว่า ฉันคงทำงานกับความร้อน ได้ดีกว่าความเย็น$2",
  "Penny_y2": "ฉันรู้สึกประหม่ามาก เวลาที่ต้องเดินบนน้ำแข็ง...#$e#ฉันเคยอ่านหนังสือ ที่มีเด็กหญิงคนหนึ่ง ตกลงไปใต้น้ำแข็ง#$b#หล่อนไม่เป็นอะไรหรอก! แต่หลังจากนั้น... ฉันก็คอยระวังมาตลอดเลย",
  "Pam_y2": "$y 'ปีที่แล้วฉันแพ้ เพราะฉันเลือกจุดไม่ดี. แต่คราวนี้ฉันรู้สึกลางดี มันจะต้องไม่เหมือน กับคราวที่แล้วแน่._ฉันว่าสถานที่ไม่น่าจะเกี่ยว._ฮ่า. ก็สวยสิ! ฉันจะแสดงให้ดูว่าคุณคิดผิด._ยังไงฉันก็ชนะเธออยู่แล้ว._...$4_ขอให้โชคดี_เธอก็เหมือนกัน เจ้าหนู'",
  "Emily_y2": "สโนว์แมนก็ต้องแบบนี้สิ! ต้องมีหมวกทรงสูง กับผ้าพันคอเก๋ไก๋ ไม่ใช่เหรอ?",
  "Haley_y2": "ฉันดีใจ ที่ใส่ที่ปิดหูมาด้วย ข้างนอกนี่ หนาวจะแย่อยู่แล้ว!$0#$e#ปีนี้ฉันเอากล้องมาด้วย แสงเพอร์เฟกต์มาก เหมาะกับการถ่ายภาพ ในฤดูหนาว!",
  "Jodi_y2": "ได้มารวมตัวกันแบบนี้ เป็นวิธีที่ดี ในการสานสัมพันธ์ กับเพื่อนบ้าน#$e#เป็นเรื่องดีที่อากาศหนาวๆ กลับทำให้ผู้คนมารวมตัวกันได้",
  "Kent_y2": "คุณพร้อมเข้าแข่งขันรึยัง? พวกเราทุกคน คิดว่าคุณจะต้องชนะแน่",
  "Marlon_y2": "ช่วงเวลานี้ของปีก็ไม่เลวนะ ฤดูหนาวไม่มีแมลง...#$e#เจ้าคิดว่าจะเอาชนะ วิลลี่ได้หรือไม่? เขาเป็นคู่แข่งที่ตึงมือ...",
  "Sam_y2": "เฮ้ ขำอะไรของเธอเนี่ย? เจ้าหนุ่มนี้ยังไม่เสร็จซะหน่อย!#$e#คอยก่อนเถอะ... พอเราปั้นเสร็จแล้ว เขาจะเป็นตุ๊กตาหิมะ ที่หล่อเหลา",
  "Leah_y2": "เธอจะต้องให้น้ำแข็ง คายอุณหภูมิก่อนตัด ไม่อย่างนั้นเธอจะทำให้มัน เป็นรูปร่างไม่ได้!",
  "Shane_y2": "ฤดูหนาวโหดร้าย กับสัตว์เลี้ยงมากนะ คุณได้ติดตั้ง เครื่องทำความร้อนในเล้าไก่ หรือคอกสัตว์บ้างไหม?",
  "Marnie_y2": "แหมม... ปั้นหมูออกมาได้ น่ารักน่าเอ็นดู!$1",
  "Elliott_y2": "ดูสิ นี่คืออาวุธลับของผม... เหล้าดีๆ สักแก้ว เพื่อดับกระหาย ก่อนเสียงนกหวีดจะดังขึ้น...",
  "Gus_y2": "ผมใช้เวลาส่วนใหญ่ ขลุกอยู่ในบ้าน นั่งดูกริดบอล... มันก็ดีเหมือนกัน ที่ออกมารับลมหนาว ข้างนอกบ้าง",
  "Wizard_y2": "หืมม? เจ้ามาที่นี่ได้ยังไง?#$e#ไม่ต้องสนใจข้า ข้าแค่มาสังเกตการณ์เฉยๆ...",
  "Harvey_y2": "เมื่อเช้านี้ ผมไม่ควรใส่แว็กซ์ ที่หนวดเลยครับ มันแข็งโป๊กไปแล้ว! โธ่เอ้ย...$2#$e#เอ่อ ถ้าคุณอยากจะได้ ที่เจาะน้ำแข็ง คุณคงรู้ว่าจะหาตัวผม ได้ที่ไหน...$h",
  "Jas_y2": "ปลาข้างล่างไม่หนาวเหรอ?$3",
  "Vincent_y2": "พี่ชายผม ช่วยผมปั้นตุ๊กตาหิมะล่ะ!$0",
  "Willy_y2": "อะฮ้อย ทั่วทั้งเมืองกำลังจับตาดู การแข่งขันเล็กๆ ของพวกเรา ในวันนี้อยู่ มาทำให้พวกเขา ได้ดูอะไรสนุกๆ กันเถอะ",
  "Leo_y2": "*เสียงกรอบแกรบ* หิมะมีเสียงตลกๆ เวลาเหยียบลงไปด้วยครับ!$1"
}
